Workbook
Name Attended: #REF!

Sheet Pal Group
D1: January | L1: February | S1: March | AD1: April | AK1: May | AS1: June | BC1: July | BJ1: August | BR1: September | CC1: October | CK1: November | CR1: December
B3: Members | C3: Contact | D3: Week 1 | E3: Week 2 | F3: Week 3 | G3: Week 4 | H3: Week 5 | L3: Week 6 | M3: Week 7 | N3: Week 8 | O3: Week 9 | S3: Week 10 | T3: Week 11 | U3: Week 12 | V3: Week 13 | AD3: Week 14 | AE3: Week 15 | AF3: Week 16 | AG3: Week 17 | AK3: Week 18 | AL3: Week 19 | AM3: Week 20 | AN3: Week 21 | AO3: Week 22 | AS3: Week 23 | AT3: Week 24 | AU3: Week 25 | AV3: Week 26 | BC3: Week 27 | BD3: Week 28 | BE3: Week 29 | BF3: Week 30 | BJ3: Week 31 | BK3: Week 32 | BL3: Week 33 | BM3: Week 34 | BN3: Week 35 | BR3: Week 36 | BS3: Week 37 | BT3: Week 38 | BU3: Week 39 | CC3: Week 40 | CD3: Week 41 | CE3: Week 42 | CF3: Week 43 | CG3: Week 44 | CK3: Week 45 | CL3: Week 46 | CM3: Week 47 | CN3: Week 48 | CR3: Week 49 | CS3: Week 50 | CT3: Week 51 | CU3: Week 52
B4: Leaders | I4: Present | J4: Absent | K4: PA | P4: Present | Q4: Absent | R4: PA | W4: Present | X4: Absent | Y4: PA | Z4: TOTAL PA | AA4: Qtr Att | AB4: Qtr % | AC4: Comments | AH4: Present | AI4: Absent | AJ4: PA | AP4: Present | AQ4: Absent | AR4: PA | AW4: Present | AX4: Absent | AY4: PA | AZ4: TOTAL PA | BA4: Qtr Att | BB4: Qtr % | BG4: Present | BH4: Absent | BI4: PA | BO4: Present | BP4: Absent | BQ4: PA | BV4: Present | BW4: Absent | BX4: PA | BY4: TOTAL PA | BZ4: Qtr Att | CA4: Qtr % | CB4: Comments | CH4: Present | CI4: Absent | CJ4: PA | CO4: Present | CP4: Absent | CQ4: PA | CV4: Present | CW4: Absent | CX4: PA | CY4: TOTAL ATT | CZ4: Qtr Att | DA4: Qtr % | DB4: Comments
B5: Min Sylvester Sesay | D5: PR | E5: PR | F5: PR | I5: =COUNTIF(D5:H5,"PR") -> 3 | J5: =COUNTIF(D5:H5,"AB") -> 0 | K5: =I5+J5 -> 3 | P5: =COUNTIF(L5:O5,"PR") -> 0 | Q5: =COUNTIF(L5:O5,"AB") -> 0 | R5: =P5+Q5 -> 0 | W5: =COUNTIF(S5:V5,"PR") -> 0 | X5: =COUNTIF(S5:V5,"AB") -> 0 | Y5: =W5+X5 -> 0 | Z5: =K5+R5+Y5 -> 3 | AA5: =SUM(I5,P5,W5) -> 3 | AB5: =AA5/Z5*100 -> 100 | AH5: =COUNTIF(AD5:AG5,"PR") -> 0 | AI5: =COUNTIF(AD5:AG5,"AB") -> 0 | AJ5: =AH5+AI5 -> 0 | AP5: =COUNTIF(AK5:AO5,"PR") -> 0 | AQ5: =COUNTIF(AK5:AO5,"AB") -> 0 | AR5: =AP5+AQ5 -> 0 | AW5: =COUNTIF(AS5:AV5,"PR") -> 0 | AX5: =COUNTIF(AS5:AV5,"AB") -> 0 | AY5: =AW5+AX5 -> 0 | AZ5: =AJ5+AR5+AY5 -> 0 | BA5: =SUM(AH5,AP5,AW5) -> 0 | BB5: =BA5/AZ5*100 -> #DIV/0! | BG5: =COUNTIF(BC5:BF5,"PR") -> 0 | BH5: =COUNTIF(BC5:BF5,"AB") -> 0 | BI5: =BG5+BH5 -> 0 | BO5: =COUNTIF(BJ5:BN5,"PR") -> 0 | BP5: =COUNTIF(BJ5:BN5,"AB") -> 0 | BQ5: =BO5+BP5 -> 0 | BV5: =COUNTIF(BR5:BU5,"PR") -> 0 | BW5: =COUNTIF(BR5:BU5,"AB") -> 0 | BX5: =BV5+BW5 -> 0 | BY5: =BI5+BQ5+BX5 -> 0 | BZ5: =SUM(BG5,BO5,BV5) -> 0 | CA5: =BZ5/BY5*100 -> #DIV/0! | CH5: =COUNTIF(CC5:CG5,"PR") -> 0 | CI5: =COUNTIF(CC5:CG5,"AB") -> 0 | CJ5: =CH5+CI5 -> 0 | CO5: =COUNTIF(CK5:CN5,"PR") -> 0 | CP5: =COUNTIF(CK5:CN5,"AB") -> 0 | CQ5: =CO5+CP5 -> 0 | CV5: =COUNTIF(CR5:CU5,"PR") -> 0 | CW5: =COUNTIF(CR5:CU5,"AB") -> 0 | CX5: =CV5+CW5 -> 0 | CY5: =CH5+CO5+CV5 -> 0 | CZ5: =SUM(CF5,#REF!,CT5) -> #REF! | DA5: =CZ5/CY5*100 -> #REF!
B6: Min Soriba | D6: PR | E6: PR | F6: AB | I6: =COUNTIF(D6:H6,"PR") -> 2 | J6: =COUNTIF(D6:H6,"AB") -> 1 | K6: =I6+J6 -> 3 | P6: =COUNTIF(L6:O6,"PR") -> 0 | Q6: =COUNTIF(L6:O6,"AB") -> 0 | R6: =P6+Q6 -> 0 | W6: =COUNTIF(S6:V6,"PR") -> 0 | X6: =COUNTIF(S6:V6,"AB") -> 0 | Y6: =W6+X6 -> 0 | Z6: =K6+R6+Y6 -> 3 | AA6: =SUM(I6,P6,W6) -> 2 | AB6: =AA6/Z6*100 -> 66.666667 | AH6: =COUNTIF(AD6:AG6,"PR") -> 0 | AI6: =COUNTIF(AD6:AG6,"AB") -> 0 | AJ6: =AH6+AI6 -> 0 | AP6: =COUNTIF(AK6:AO6,"PR") -> 0 | AQ6: =COUNTIF(AK6:AO6,"AB") -> 0 | AR6: =AP6+AQ6 -> 0 | AW6: =COUNTIF(AS6:AV6,"PR") -> 0 | AX6: =COUNTIF(AS6:AV6,"AB") -> 0 | AY6: =AW6+AX6 -> 0 | AZ6: =AJ6+AR6+AY6 -> 0 | BA6: =SUM(AH6,AP6,AW6) -> 0 | BB6: =BA6/AZ6*100 -> #DIV/0! | BG6: =COUNTIF(BC6:BF6,"PR") -> 0 | BH6: =COUNTIF(BC6:BF6,"AB") -> 0 | BI6: =BG6+BH6 -> 0 | BO6: =COUNTIF(BJ6:BN6,"PR") -> 0 | BP6: =COUNTIF(BJ6:BN6,"AB") -> 0 | BQ6: =BO6+BP6 -> 0 | BV6: =COUNTIF(BR6:BU6,"PR") -> 0 | BW6: =COUNTIF(BR6:BU6,"AB") -> 0 | BX6: =BV6+BW6 -> 0 | BY6: =BI6+BQ6+BX6 -> 0 | BZ6: =SUM(BG6,BO6,BV6) -> 0 | CA6: =BZ6/BY6*100 -> #DIV/0! | CH6: =COUNTIF(CC6:CG6,"PR") -> 0 | CI6: =COUNTIF(CC6:CG6,"AB") -> 0 | CJ6: =CH6+CI6 -> 0 | CO6: =COUNTIF(CK6:CN6,"PR") -> 0 | CP6: =COUNTIF(CK6:CN6,"AB") -> 0 | CQ6: =CO6+CP6 -> 0 | CV6: =COUNTIF(CR6:CU6,"PR") -> 0 | CW6: =COUNTIF(CR6:CU6,"AB") -> 0 | CX6: =CV6+CW6 -> 0 | CY6: =CH6+CO6+CV6 -> 0 | CZ6: =SUM(CF6,#REF!,CT6) -> #REF! | DA6: =CZ6/CY6*100 -> #REF!
B7: Divine Emmanuel Sahr Dauda | D7: PR | E7: PR | F7: PR | I7: =COUNTIF(D7:H7,"PR") -> 3 | J7: =COUNTIF(D7:H7,"AB") -> 0 | K7: =I7+J7 -> 3 | P7: =COUNTIF(L7:O7,"PR") -> 0 | Q7: =COUNTIF(L7:O7,"AB") -> 0 | R7: =P7+Q7 -> 0 | W7: =COUNTIF(S7:V7,"PR") -> 0 | X7: =COUNTIF(S7:V7,"AB") -> 0 | Y7: =W7+X7 -> 0 | Z7: =K7+R7+Y7 -> 3 | AA7: =SUM(I7,P7,W7) -> 3 | AB7: =AA7/Z7*100 -> 100 | AH7: =COUNTIF(AD7:AG7,"PR") -> 0 | AI7: =COUNTIF(AD7:AG7,"AB") -> 0 | AJ7: =AH7+AI7 -> 0 | AP7: =COUNTIF(AK7:AO7,"PR") -> 0 | AQ7: =COUNTIF(AK7:AO7,"AB") -> 0 | AR7: =AP7+AQ7 -> 0 | AW7: =COUNTIF(AS7:AV7,"PR") -> 0 | AX7: =COUNTIF(AS7:AV7,"AB") -> 0 | AY7: =AW7+AX7 -> 0 | AZ7: =AJ7+AR7+AY7 -> 0 | BA7: =SUM(AH7,AP7,AW7) -> 0 | BB7: =BA7/AZ7*100 -> #DIV/0! | BG7: =COUNTIF(BC7:BF7,"PR") -> 0 | BH7: =COUNTIF(BC7:BF7,"AB") -> 0 | BI7: =BG7+BH7 -> 0 | BO7: =COUNTIF(BJ7:BN7,"PR") -> 0 | BP7: =COUNTIF(BJ7:BN7,"AB") -> 0 | BQ7: =BO7+BP7 -> 0 | BV7: =COUNTIF(BR7:BU7,"PR") -> 0 | BW7: =COUNTIF(BR7:BU7,"AB") -> 0 | BX7: =BV7+BW7 -> 0 | BY7: =BI7+BQ7+BX7 -> 0 | BZ7: =SUM(BG7,BO7,BV7) -> 0 | CA7: =BZ7/BY7*100 -> #DIV/0! | CH7: =COUNTIF(CC7:CG7,"PR") -> 0 | CI7: =COUNTIF(CC7:CG7,"AB") -> 0 | CJ7: =CH7+CI7 -> 0 | CO7: =COUNTIF(CK7:CN7,"PR") -> 0 | CP7: =COUNTIF(CK7:CN7,"AB") -> 0 | CQ7: =CO7+CP7 -> 0 | CV7: =COUNTIF(CR7:CU7,"PR") -> 0 | CW7: =COUNTIF(CR7:CU7,"AB") -> 0 | CX7: =CV7+CW7 -> 0 | CY7: =CH7+CO7+CV7 -> 0 | CZ7: =SUM(CF7,#REF!,CT7) -> #REF! | DA7: =CZ7/CY7*100 -> #REF!
I8: =COUNTIF(D8:H8,"PR") -> 0 | J8: =COUNTIF(D8:H8,"AB") -> 0 | K8: =I8+J8 -> 0 | P8: =COUNTIF(L8:O8,"PR") -> 0 | Q8: =COUNTIF(L8:O8,"AB") -> 0 | R8: =P8+Q8 -> 0 | W8: =COUNTIF(S8:V8,"PR") -> 0 | X8: =COUNTIF(S8:V8,"AB") -> 0 | Y8: =W8+X8 -> 0 | Z8: =K8+R8+Y8 -> 0 | AA8: =SUM(I8,P8,W8) -> 0 | AB8: =AA8/Z8*100 -> #DIV/0! | AH8: =COUNTIF(AD8:AG8,"PR") -> 0 | AI8: =COUNTIF(AD8:AG8,"AB") -> 0 | AJ8: =AH8+AI8 -> 0 | AP8: =COUNTIF(AK8:AO8,"PR") -> 0 | AQ8: =COUNTIF(AK8:AO8,"AB") -> 0 | AR8: =AP8+AQ8 -> 0 | AW8: =COUNTIF(AS8:AV8,"PR") -> 0 | AX8: =COUNTIF(AS8:AV8,"AB") -> 0 | AY8: =AW8+AX8 -> 0 | AZ8: =AJ8+AR8+AY8 -> 0 | BA8: =SUM(AH8,AP8,AW8) -> 0 | BB8: =BA8/AZ8*100 -> #DIV/0! | BG8: =COUNTIF(BC8:BF8,"PR") -> 0 | BH8: =COUNTIF(BC8:BF8,"AB") -> 0 | BI8: =BG8+BH8 -> 0 | BO8: =COUNTIF(BJ8:BN8,"PR") -> 0 | BP8: =COUNTIF(BJ8:BN8,"AB") -> 0 | BQ8: =BO8+BP8 -> 0 | BV8: =COUNTIF(BR8:BU8,"PR") -> 0 | BW8: =COUNTIF(BR8:BU8,"AB") -> 0 | BX8: =BV8+BW8 -> 0 | BY8: =BI8+BQ8+BX8 -> 0 | BZ8: =SUM(BG8,BO8,BV8) -> 0 | CA8: =BZ8/BY8*100 -> #DIV/0! | CH8: =COUNTIF(CC8:CG8,"PR") -> 0 | CI8: =COUNTIF(CC8:CG8,"AB") -> 0 | CJ8: =CH8+CI8 -> 0 | CO8: =COUNTIF(CK8:CN8,"PR") -> 0 | CP8: =COUNTIF(CK8:CN8,"AB") -> 0 | CQ8: =CO8+CP8 -> 0 | CV8: =COUNTIF(CR8:CU8,"PR") -> 0 | CW8: =COUNTIF(CR8:CU8,"AB") -> 0 | CX8: =CV8+CW8 -> 0 | CY8: =CH8+CO8+CV8 -> 0 | CZ8: =SUM(CF8,#REF!,CT8) -> #REF! | DA8: =CZ8/CY8*100 -> #REF!
I9: =COUNTIF(D9:H9,"PR") -> 0 | J9: =COUNTIF(D9:H9,"AB") -> 0 | K9: =I9+J9 -> 0 | P9: =COUNTIF(L9:O9,"PR") -> 0 | Q9: =COUNTIF(L9:O9,"AB") -> 0 | R9: =P9+Q9 -> 0 | W9: =COUNTIF(S9:V9,"PR") -> 0 | X9: =COUNTIF(S9:V9,"AB") -> 0 | Y9: =W9+X9 -> 0 | Z9: =K9+R9+Y9 -> 0 | AA9: =SUM(I9,P9,W9) -> 0 | AB9: =AA9/Z9*100 -> #DIV/0! | AH9: =COUNTIF(AD9:AG9,"PR") -> 0 | AI9: =COUNTIF(AD9:AG9,"AB") -> 0 | AJ9: =AH9+AI9 -> 0 | AP9: =COUNTIF(AK9:AO9,"PR") -> 0 | AQ9: =COUNTIF(AK9:AO9,"AB") -> 0 | AR9: =AP9+AQ9 -> 0 | AW9: =COUNTIF(AS9:AV9,"PR") -> 0 | AX9: =COUNTIF(AS9:AV9,"AB") -> 0 | AY9: =AW9+AX9 -> 0 | AZ9: =AJ9+AR9+AY9 -> 0 | BA9: =SUM(AH9,AP9,AW9) -> 0 | BB9: =BA9/AZ9*100 -> #DIV/0! | BG9: =COUNTIF(BC9:BF9,"PR") -> 0 | BH9: =COUNTIF(BC9:BF9,"AB") -> 0 | BI9: =BG9+BH9 -> 0 | BO9: =COUNTIF(BJ9:BN9,"PR") -> 0 | BP9: =COUNTIF(BJ9:BN9,"AB") -> 0 | BQ9: =BO9+BP9 -> 0 | BV9: =COUNTIF(BR9:BU9,"PR") -> 0 | BW9: =COUNTIF(BR9:BU9,"AB") -> 0 | BX9: =BV9+BW9 -> 0 | BY9: =BI9+BQ9+BX9 -> 0 | BZ9: =SUM(BG9,BO9,BV9) -> 0 | CA9: =BZ9/BY9*100 -> #DIV/0! | CH9: =COUNTIF(CC9:CG9,"PR") -> 0 | CI9: =COUNTIF(CC9:CG9,"AB") -> 0 | CJ9: =CH9+CI9 -> 0 | CO9: =COUNTIF(CK9:CN9,"PR") -> 0 | CP9: =COUNTIF(CK9:CN9,"AB") -> 0 | CQ9: =CO9+CP9 -> 0 | CV9: =COUNTIF(CR9:CU9,"PR") -> 0 | CW9: =COUNTIF(CR9:CU9,"AB") -> 0 | CX9: =CV9+CW9 -> 0 | CY9: =CH9+CO9+CV9 -> 0 | CZ9: =SUM(CF9,#REF!,CT9) -> #REF! | DA9: =CZ9/CY9*100 -> #REF!
I10: =COUNTIF(D10:H10,"PR") -> 0 | J10: =COUNTIF(D10:H10,"AB") -> 0 | K10: =I10+J10 -> 0 | P10: =COUNTIF(L10:O10,"PR") -> 0 | Q10: =COUNTIF(L10:O10,"AB") -> 0 | R10: =P10+Q10 -> 0 | W10: =COUNTIF(S10:V10,"PR") -> 0 | X10: =COUNTIF(S10:V10,"AB") -> 0 | Y10: =W10+X10 -> 0 | Z10: =K10+R10+Y10 -> 0 | AA10: =SUM(I10,P10,W10) -> 0 | AB10: =AA10/Z10*100 -> #DIV/0! | AH10: =COUNTIF(AD10:AG10,"PR") -> 0 | AI10: =COUNTIF(AD10:AG10,"AB") -> 0 | AJ10: =AH10+AI10 -> 0 | AP10: =COUNTIF(AK10:AO10,"PR") -> 0 | AQ10: =COUNTIF(AK10:AO10,"AB") -> 0 | AR10: =AP10+AQ10 -> 0 | AW10: =COUNTIF(AS10:AV10,"PR") -> 0 | AX10: =COUNTIF(AS10:AV10,"AB") -> 0 | AY10: =AW10+AX10 -> 0 | AZ10: =AJ10+AR10+AY10 -> 0 | BA10: =SUM(AH10,AP10,AW10) -> 0 | BB10: =BA10/AZ10*100 -> #DIV/0! | BG10: =COUNTIF(BC10:BF10,"PR") -> 0 | BH10: =COUNTIF(BC10:BF10,"AB") -> 0 | BI10: =BG10+BH10 -> 0 | BO10: =COUNTIF(BJ10:BN10,"PR") -> 0 | BP10: =COUNTIF(BJ10:BN10,"AB") -> 0 | BQ10: =BO10+BP10 -> 0 | BV10: =COUNTIF(BR10:BU10,"PR") -> 0 | BW10: =COUNTIF(BR10:BU10,"AB") -> 0 | BX10: =BV10+BW10 -> 0 | BY10: =BI10+BQ10+BX10 -> 0 | BZ10: =SUM(BG10,BO10,BV10) -> 0 | CA10: =BZ10/BY10*100 -> #DIV/0! | CH10: =COUNTIF(CC10:CG10,"PR") -> 0 | CI10: =COUNTIF(CC10:CG10,"AB") -> 0 | CJ10: =CH10+CI10 -> 0 | CO10: =COUNTIF(CK10:CN10,"PR") -> 0 | CP10: =COUNTIF(CK10:CN10,"AB") -> 0 | CQ10: =CO10+CP10 -> 0 | CV10: =COUNTIF(CR10:CU10,"PR") -> 0 | CW10: =COUNTIF(CR10:CU10,"AB") -> 0 | CX10: =CV10+CW10 -> 0 | CY10: =CH10+CO10+CV10 -> 0 | CZ10: =SUM(CF10,#REF!,CT10) -> #REF! | DA10: =CZ10/CY10*100 -> #REF!
I11: =COUNTIF(D11:H11,"PR") -> 0 | J11: =COUNTIF(D11:H11,"AB") -> 0 | K11: =I11+J11 -> 0 | P11: =COUNTIF(L11:O11,"PR") -> 0 | Q11: =COUNTIF(L11:O11,"AB") -> 0 | R11: =P11+Q11 -> 0 | W11: =COUNTIF(S11:V11,"PR") -> 0 | X11: =COUNTIF(S11:V11,"AB") -> 0 | Y11: =W11+X11 -> 0 | Z11: =K11+R11+Y11 -> 0 | AA11: =SUM(I11,P11,W11) -> 0 | AB11: =AA11/Z11*100 -> #DIV/0! | AH11: =COUNTIF(AD11:AG11,"PR") -> 0 | AI11: =COUNTIF(AD11:AG11,"AB") -> 0 | AJ11: =AH11+AI11 -> 0 | AP11: =COUNTIF(AK11:AO11,"PR") -> 0 | AQ11: =COUNTIF(AK11:AO11,"AB") -> 0 | AR11: =AP11+AQ11 -> 0 | AW11: =COUNTIF(AS11:AV11,"PR") -> 0 | AX11: =COUNTIF(AS11:AV11,"AB") -> 0 | AY11: =AW11+AX11 -> 0 | AZ11: =AJ11+AR11+AY11 -> 0 | BA11: =SUM(AH11,AP11,AW11) -> 0 | BB11: =BA11/AZ11*100 -> #DIV/0! | BG11: =COUNTIF(BC11:BF11,"PR") -> 0 | BH11: =COUNTIF(BC11:BF11,"AB") -> 0 | BI11: =BG11+BH11 -> 0 | BO11: =COUNTIF(BJ11:BN11,"PR") -> 0 | BP11: =COUNTIF(BJ11:BN11,"AB") -> 0 | BQ11: =BO11+BP11 -> 0 | BV11: =COUNTIF(BR11:BU11,"PR") -> 0 | BW11: =COUNTIF(BR11:BU11,"AB") -> 0 | BX11: =BV11+BW11 -> 0 | BY11: =BI11+BQ11+BX11 -> 0 | BZ11: =SUM(BG11,BO11,BV11) -> 0 | CA11: =BZ11/BY11*100 -> #DIV/0! | CH11: =COUNTIF(CC11:CG11,"PR") -> 0 | CI11: =COUNTIF(CC11:CG11,"AB") -> 0 | CJ11: =CH11+CI11 -> 0 | CO11: =COUNTIF(CK11:CN11,"PR") -> 0 | CP11: =COUNTIF(CK11:CN11,"AB") -> 0 | CQ11: =CO11+CP11 -> 0 | CV11: =COUNTIF(CR11:CU11,"PR") -> 0 | CW11: =COUNTIF(CR11:CU11,"AB") -> 0 | CX11: =CV11+CW11 -> 0 | CY11: =CH11+CO11+CV11 -> 0 | CZ11: =SUM(CF11,#REF!,CT11) -> #REF! | DA11: =CZ11/CY11*100 -> #REF!
I12: =COUNTIF(D12:H12,"PR") -> 0 | J12: =COUNTIF(D12:H12,"AB") -> 0 | K12: =I12+J12 -> 0 | P12: =COUNTIF(L12:O12,"PR") -> 0 | Q12: =COUNTIF(L12:O12,"AB") -> 0 | R12: =P12+Q12 -> 0 | W12: =COUNTIF(S12:V12,"PR") -> 0 | X12: =COUNTIF(S12:V12,"AB") -> 0 | Y12: =W12+X12 -> 0 | Z12: =K12+R12+Y12 -> 0 | AA12: =SUM(I12,P12,W12) -> 0 | AB12: =AA12/Z12*100 -> #DIV/0! | AH12: =COUNTIF(AD12:AG12,"PR") -> 0 | AI12: =COUNTIF(AD12:AG12,"AB") -> 0 | AJ12: =AH12+AI12 -> 0 | AP12: =COUNTIF(AK12:AO12,"PR") -> 0 | AQ12: =COUNTIF(AK12:AO12,"AB") -> 0 | AR12: =AP12+AQ12 -> 0 | AW12: =COUNTIF(AS12:AV12,"PR") -> 0 | AX12: =COUNTIF(AS12:AV12,"AB") -> 0 | AY12: =AW12+AX12 -> 0 | AZ12: =AJ12+AR12+AY12 -> 0 | BA12: =SUM(AH12,AP12,AW12) -> 0 | BB12: =BA12/AZ12*100 -> #DIV/0! | BG12: =COUNTIF(BC12:BF12,"PR") -> 0 | BH12: =COUNTIF(BC12:BF12,"AB") -> 0 | BI12: =BG12+BH12 -> 0 | BO12: =COUNTIF(BJ12:BN12,"PR") -> 0 | BP12: =COUNTIF(BJ12:BN12,"AB") -> 0 | BQ12: =BO12+BP12 -> 0 | BV12: =COUNTIF(BR12:BU12,"PR") -> 0 | BW12: =COUNTIF(BR12:BU12,"AB") -> 0 | BX12: =BV12+BW12 -> 0 | BY12: =BI12+BQ12+BX12 -> 0 | BZ12: =SUM(BG12,BO12,BV12) -> 0 | CA12: =BZ12/BY12*100 -> #DIV/0! | CH12: =COUNTIF(CC12:CG12,"PR") -> 0 | CI12: =COUNTIF(CC12:CG12,"AB") -> 0 | CJ12: =CH12+CI12 -> 0 | CO12: =COUNTIF(CK12:CN12,"PR") -> 0 | CP12: =COUNTIF(CK12:CN12,"AB") -> 0 | CQ12: =CO12+CP12 -> 0 | CV12: =COUNTIF(CR12:CU12,"PR") -> 0 | CW12: =COUNTIF(CR12:CU12,"AB") -> 0 | CX12: =CV12+CW12 -> 0 | CY12: =CH12+CO12+CV12 -> 0 | CZ12: =SUM(CF12,#REF!,CT12) -> #REF! | DA12: =CZ12/CY12*100 -> #REF!
I13: =SUM(I5:I12) -> 8 | K13: =SUM(K5:K12) -> 9 | P13: =SUM(P5:P12) -> 0 | R13: =SUM(R5:R12) -> 0 | W13: =SUM(W5:W12) -> 0 | Y13: =SUM(Y5:Y12) -> 0 | Z13: =SUM(Z5:Z12) -> 9 | AH13: =SUM(AH5:AH12) -> 0 | AJ13: =SUM(AJ5:AJ12) -> 0 | AP13: =SUM(AP5:AP12) -> 0 | AR13: =SUM(AR5:AR12) -> 0 | AW13: =SUM(AW5:AW12) -> 0 | AY13: =SUM(AY5:AY12) -> 0 | AZ13: =SUM(AZ5:AZ12) -> 0 | BA13: =SUM(AH13,AP13,AW13) -> 0 | BG13: =SUM(BG5:BG12) -> 0 | BI13: =SUM(BI5:BI12) -> 0 | BO13: =SUM(BO5:BO12) -> 0 | BQ13: =SUM(BQ5:BQ12) -> 0 | BV13: =SUM(BV5:BV12) -> 0 | BX13: =SUM(BX5:BX12) -> 0 | BY13: =SUM(BY5:BY12) -> 0 | CH13: =SUM(CH5:CH12) -> 0 | CJ13: =SUM(CJ5:CJ12) -> 0 | CO13: =SUM(CO5:CO12) -> 0 | CQ13: =SUM(CQ5:CQ12) -> 0 | CV13: =SUM(CV5:CV12) -> 0 | CX13: =SUM(CX5:CX12) -> 0 | CY13: =SUM(CY5:CY12) -> 0
B14: Intense
B15: Celina John | D15: PR | E15: PR | F15: AB | I15: =COUNTIF(D15:H15,"PR") -> 2 | J15: =COUNTIF(D15:H15,"AB") -> 1 | K15: =I15+J15 -> 3 | P15: =COUNTIF(L15:O15,"PR") -> 0 | Q15: =COUNTIF(L15:O15,"AB") -> 0 | R15: =P15+Q15 -> 0 | W15: =COUNTIF(S15:V15,"PR") -> 0 | X15: =COUNTIF(S15:V15,"AB") -> 0 | Y15: =W15+X15 -> 0 | Z15: =K15+R15+Y15 -> 3 | AA15: =SUM(I15,P15,W15) -> 2 | AB15: =AA15/Z15*100 -> 66.666667 | AH15: =COUNTIF(AD15:AG15,"PR") -> 0 | AI15: =COUNTIF(AD15:AG15,"AB") -> 0 | AJ15: =AH15+AI15 -> 0 | AP15: =COUNTIF(AK15:AO15,"PR") -> 0 | AQ15: =COUNTIF(AK15:AO15,"AB") -> 0 | AR15: =AP15+AQ15 -> 0 | AW15: =COUNTIF(AS15:AV15,"PR") -> 0 | AX15: =COUNTIF(AS15:AV15,"AB") -> 0 | AY15: =AW15+AX15 -> 0 | AZ15: =AJ15+AR15+AY15 -> 0 | BA15: =SUM(AH15,AP15,AW15) -> 0 | BB15: =BA15/AZ15*100 -> #DIV/0! | BG15: =COUNTIF(BC15:BF15,"PR") -> 0 | BH15: =COUNTIF(BC15:BF15,"AB") -> 0 | BI15: =BG15+BH15 -> 0 | BO15: =COUNTIF(BJ15:BN15,"PR") -> 0 | BP15: =COUNTIF(BJ15:BN15,"AB") -> 0 | BQ15: =BO15+BP15 -> 0 | BV15: =COUNTIF(BR15:BU15,"PR") -> 0 | BW15: =COUNTIF(BR15:BU15,"AB") -> 0 | BX15: =BV15+BW15 -> 0 | BY15: =BI15+BQ15+BX15 -> 0 | BZ15: =SUM(BG15,BO15,BV15) -> 0 | CA15: =BZ15/BY15*100 -> #DIV/0! | CH15: =COUNTIF(CC15:CG15,"PR") -> 0 | CI15: =COUNTIF(CC15:CG15,"AB") -> 0 | CJ15: =CH15+CI15 -> 0 | CO15: =COUNTIF(CK15:CN15,"PR") -> 0 | CP15: =COUNTIF(CK15:CN15,"AB") -> 0 | CQ15: =CO15+CP15 -> 0 | CV15: =COUNTIF(CR15:CU15,"PR") -> 0 | CW15: =COUNTIF(CR15:CU15,"AB") -> 0 | CX15: =CV15+CW15 -> 0 | CY15: =CH15+CO15+CV15 -> 0 | CZ15: =SUM(CF15,#REF!,CT15) -> #REF! | DA15: =CZ15/CY15*100 -> #REF!
B16: Charles J M Yamba | D16: PR | E16: PR | F16: AB | I16: =COUNTIF(D16:H16,"PR") -> 2 | J16: =COUNTIF(D16:H16,"AB") -> 1 | K16: =I16+J16 -> 3 | P16: =COUNTIF(L16:O16,"PR") -> 0 | Q16: =COUNTIF(L16:O16,"AB") -> 0 | R16: =P16+Q16 -> 0 | W16: =COUNTIF(S16:V16,"PR") -> 0 | X16: =COUNTIF(S16:V16,"AB") -> 0 | Y16: =W16+X16 -> 0 | Z16: =K16+R16+Y16 -> 3 | AA16: =SUM(I16,P16,W16) -> 2 | AB16: =AA16/Z16*100 -> 66.666667 | AH16: =COUNTIF(AD16:AG16,"PR") -> 0 | AI16: =COUNTIF(AD16:AG16,"AB") -> 0 | AJ16: =AH16+AI16 -> 0 | AP16: =COUNTIF(AK16:AO16,"PR") -> 0 | AQ16: =COUNTIF(AK16:AO16,"AB") -> 0 | AR16: =AP16+AQ16 -> 0 | AW16: =COUNTIF(AS16:AV16,"PR") -> 0 | AX16: =COUNTIF(AS16:AV16,"AB") -> 0 | AY16: =AW16+AX16 -> 0 | AZ16: =AJ16+AR16+AY16 -> 0 | BA16: =SUM(AH16,AP16,AW16) -> 0 | BB16: =BA16/AZ16*100 -> #DIV/0! | BG16: =COUNTIF(BC16:BF16,"PR") -> 0 | BH16: =COUNTIF(BC16:BF16,"AB") -> 0 | BI16: =BG16+BH16 -> 0 | BO16: =COUNTIF(BJ16:BN16,"PR") -> 0 | BP16: =COUNTIF(BJ16:BN16,"AB") -> 0 | BQ16: =BO16+BP16 -> 0 | BV16: =COUNTIF(BR16:BU16,"PR") -> 0 | BW16: =COUNTIF(BR16:BU16,"AB") -> 0 | BX16: =BV16+BW16 -> 0 | BY16: =BI16+BQ16+BX16 -> 0 | BZ16: =SUM(BG16,BO16,BV16) -> 0 | CA16: =BZ16/BY16*100 -> #DIV/0! | CH16: =COUNTIF(CC16:CG16,"PR") -> 0 | CI16: =COUNTIF(CC16:CG16,"AB") -> 0 | CJ16: =CH16+CI16 -> 0 | CO16: =COUNTIF(CK16:CN16,"PR") -> 0 | CP16: =COUNTIF(CK16:CN16,"AB") -> 0 | CQ16: =CO16+CP16 -> 0 | CV16: =COUNTIF(CR16:CU16,"PR") -> 0 | CW16: =COUNTIF(CR16:CU16,"AB") -> 0 | CX16: =CV16+CW16 -> 0 | CY16: =CH16+CO16+CV16 -> 0 | CZ16: =SUM(CF16,#REF!,CT16) -> #REF! | DA16: =CZ16/CY16*100 -> #REF!
B17: Emmanuella Johnny | D17: AB | E17: PR | F17: PR | I17: =COUNTIF(D16:H16,"PR") -> 2 | K17: =I16+J16 -> 3 | P17: =COUNTIF(L16:O16,"PR") -> 0
B18: John S Beloved | D18: PR | E18: PR | F18: PR | I18: =COUNTIF(D16:H16,"PR") -> 2 | K18: =I16+J16 -> 3 | P18: =COUNTIF(L16:O16,"PR") -> 0
B19: Alfred Foday Kargbo | D19: PR | E19: PR | F19: PR | I19: =COUNTIF(D19:H19,"PR") -> 3 | J19: =COUNTIF(D19:H19,"AB") -> 0 | K19: =I19+J19 -> 3 | P19: =COUNTIF(L19:O19,"PR") -> 0 | Q19: =COUNTIF(L19:O19,"AB") -> 0 | R19: =P19+Q19 -> 0 | W19: =COUNTIF(S19:V19,"PR") -> 0 | X19: =COUNTIF(S19:V19,"AB") -> 0 | Y19: =W19+X19 -> 0 | Z19: =K19+R19+Y19 -> 3 | AA19: =SUM(I19,P19,W19) -> 3 | AB19: =AA19/Z19*100 -> 100 | AH19: =COUNTIF(AD19:AG19,"PR") -> 0 | AI19: =COUNTIF(AD19:AG19,"AB") -> 0 | AJ19: =AH19+AI19 -> 0 | AP19: =COUNTIF(AK19:AO19,"PR") -> 0 | AQ19: =COUNTIF(AK19:AO19,"AB") -> 0 | AR19: =AP19+AQ19 -> 0 | AW19: =COUNTIF(AS19:AV19,"PR") -> 0 | AX19: =COUNTIF(AS19:AV19,"AB") -> 0 | AY19: =AW19+AX19 -> 0 | AZ19: =AJ19+AR19+AY19 -> 0 | BA19: =SUM(AH19,AP19,AW19) -> 0 | BB19: =BA19/AZ19*100 -> #DIV/0! | BG19: =COUNTIF(BC19:BF19,"PR") -> 0 | BH19: =COUNTIF(BC19:BF19,"AB") -> 0 | BI19: =BG19+BH19 -> 0 | BO19: =COUNTIF(BJ19:BN19,"PR") -> 0 | BP19: =COUNTIF(BJ19:BN19,"AB") -> 0 | BQ19: =BO19+BP19 -> 0 | BV19: =COUNTIF(BR19:BU19,"PR") -> 0 | BW19: =COUNTIF(BR19:BU19,"AB") -> 0 | BX19: =BV19+BW19 -> 0 | BY19: =BI19+BQ19+BX19 -> 0 | BZ19: =SUM(BG19,BO19,BV19) -> 0 | CA19: =BZ19/BY19*100 -> #DIV/0! | CH19: =COUNTIF(CC19:CG19,"PR") -> 0 | CI19: =COUNTIF(CC19:CG19,"AB") -> 0 | CJ19: =CH19+CI19 -> 0 | CO19: =COUNTIF(CK19:CN19,"PR") -> 0 | CP19: =COUNTIF(CK19:CN19,"AB") -> 0 | CQ19: =CO19+CP19 -> 0 | CV19: =COUNTIF(CR19:CU19,"PR") -> 0 | CW19: =COUNTIF(CR19:CU19,"AB") -> 0 | CX19: =CV19+CW19 -> 0 | CY19: =CH19+CO19+CV19 -> 0 | CZ19: =SUM(CF19,#REF!,CT19) -> #REF! | DA19: =CZ19/CY19*100 -> #REF!
B20: Samuella Pratt | D20: AB | E20: PR | F20: PR | I20: =COUNTIF(D20:H20,"PR") -> 2 | J20: =COUNTIF(D20:H20,"AB") -> 1 | K20: =I20+J20 -> 3 | P20: =COUNTIF(L20:O20,"PR") -> 0 | Q20: =COUNTIF(L20:O20,"AB") -> 0 | R20: =P20+Q20 -> 0 | W20: =COUNTIF(S20:V20,"PR") -> 0 | X20: =COUNTIF(S20:V20,"AB") -> 0 | Y20: =W20+X20 -> 0 | Z20: =K20+R20+Y20 -> 3 | AA20: =SUM(I20,P20,W20) -> 2 | AB20: =AA20/Z20*100 -> 66.666667 | AH20: =COUNTIF(AD20:AG20,"PR") -> 0 | AI20: =COUNTIF(AD20:AG20,"AB") -> 0 | AJ20: =AH20+AI20 -> 0 | AP20: =COUNTIF(AK20:AO20,"PR") -> 0 | AQ20: =COUNTIF(AK20:AO20,"AB") -> 0 | AR20: =AP20+AQ20 -> 0 | AW20: =COUNTIF(AS20:AV20,"PR") -> 0 | AX20: =COUNTIF(AS20:AV20,"AB") -> 0 | AY20: =AW20+AX20 -> 0 | AZ20: =AJ20+AR20+AY20 -> 0 | BA20: =SUM(AH20,AP20,AW20) -> 0 | BB20: =BA20/AZ20*100 -> #DIV/0! | BG20: =COUNTIF(BC20:BF20,"PR") -> 0 | BH20: =COUNTIF(BC20:BF20,"AB") -> 0 | BI20: =BG20+BH20 -> 0 | BO20: =COUNTIF(BJ20:BN20,"PR") -> 0 | BP20: =COUNTIF(BJ20:BN20,"AB") -> 0 | BQ20: =BO20+BP20 -> 0 | BV20: =COUNTIF(BR20:BU20,"PR") -> 0 | BW20: =COUNTIF(BR20:BU20,"AB") -> 0 | BX20: =BV20+BW20 -> 0 | BY20: =BI20+BQ20+BX20 -> 0 | BZ20: =SUM(BG20,BO20,BV20) -> 0 | CA20: =BZ20/BY20*100 -> #DIV/0! | CH20: =COUNTIF(CC20:CG20,"PR") -> 0 | CI20: =COUNTIF(CC20:CG20,"AB") -> 0 | CJ20: =CH20+CI20 -> 0 | CO20: =COUNTIF(CK20:CN20,"PR") -> 0 | CP20: =COUNTIF(CK20:CN20,"AB") -> 0 | CQ20: =CO20+CP20 -> 0 | CV20: =COUNTIF(CR20:CU20,"PR") -> 0 | CW20: =COUNTIF(CR20:CU20,"AB") -> 0 | CX20: =CV20+CW20 -> 0 | CY20: =CH20+CO20+CV20 -> 0 | CZ20: =SUM(CF20,#REF!,CT20) -> #REF! | DA20: =CZ20/CY20*100 -> #REF!
B21: Hawanatu Kamara | D21: PR | E21: PR | F21: AB | I21: =COUNTIF(D21:H21,"PR") -> 2 | J21: =COUNTIF(D21:H21,"AB") -> 1 | K21: =I21+J21 -> 3 | P21: =COUNTIF(L21:O21,"PR") -> 0 | Q21: =COUNTIF(L21:O21,"AB") -> 0 | R21: =P21+Q21 -> 0 | W21: =COUNTIF(S21:V21,"PR") -> 0 | X21: =COUNTIF(S21:V21,"AB") -> 0 | Y21: =W21+X21 -> 0 | Z21: =K21+R21+Y21 -> 3 | AA21: =SUM(I21,P21,W21) -> 2 | AB21: =AA21/Z21*100 -> 66.666667 | AH21: =COUNTIF(AD21:AG21,"PR") -> 0 | AI21: =COUNTIF(AD21:AG21,"AB") -> 0 | AJ21: =AH21+AI21 -> 0 | AP21: =COUNTIF(AK21:AO21,"PR") -> 0 | AQ21: =COUNTIF(AK21:AO21,"AB") -> 0 | AR21: =AP21+AQ21 -> 0 | AW21: =COUNTIF(AS21:AV21,"PR") -> 0 | AX21: =COUNTIF(AS21:AV21,"AB") -> 0 | AY21: =AW21+AX21 -> 0 | AZ21: =AJ21+AR21+AY21 -> 0 | BA21: =SUM(AH21,AP21,AW21) -> 0 | BB21: =BA21/AZ21*100 -> #DIV/0! | BG21: =COUNTIF(BC21:BF21,"PR") -> 0 | BH21: =COUNTIF(BC21:BF21,"AB") -> 0 | BI21: =BG21+BH21 -> 0 | BO21: =COUNTIF(BJ21:BN21,"PR") -> 0 | BP21: =COUNTIF(BJ21:BN21,"AB") -> 0 | BQ21: =BO21+BP21 -> 0 | BV21: =COUNTIF(BR21:BU21,"PR") -> 0 | BW21: =COUNTIF(BR21:BU21,"AB") -> 0 | BX21: =BV21+BW21 -> 0 | BY21: =BI21+BQ21+BX21 -> 0 | BZ21: =SUM(BG21,BO21,BV21) -> 0 | CA21: =BZ21/BY21*100 -> #DIV/0! | CH21: =COUNTIF(CC21:CG21,"PR") -> 0 | CI21: =COUNTIF(CC21:CG21,"AB") -> 0 | CJ21: =CH21+CI21 -> 0 | CO21: =COUNTIF(CK21:CN21,"PR") -> 0 | CP21: =COUNTIF(CK21:CN21,"AB") -> 0 | CQ21: =CO21+CP21 -> 0 | CV21: =COUNTIF(CR21:CU21,"PR") -> 0 | CW21: =COUNTIF(CR21:CU21,"AB") -> 0 | CX21: =CV21+CW21 -> 0 | CY21: =CH21+CO21+CV21 -> 0 | CZ21: =SUM(CF21,#REF!,CT21) -> #REF! | DA21: =CZ21/CY21*100 -> #REF!
I22: =SUM(I15:I21) -> 15 | K22: =SUM(K15:K21) -> 21 | P22: =SUM(P15:P21) -> 0 | R22: =SUM(R15:R21) -> 0 | W22: =SUM(W15:W21) -> 0 | Y22: =SUM(Y15:Y21) -> 0 | Z22: =SUM(Z15:Z21) -> 15 | AH22: =SUM(AH15:AH21) -> 0 | AJ22: =SUM(AJ15:AJ21) -> 0 | AP22: =SUM(AP15:AP21) -> 0 | AR22: =SUM(AR15:AR21) -> 0 | AW22: =SUM(AW15:AW21) -> 0 | AY22: =SUM(AY15:AY21) -> 0 | AZ22: =SUM(AZ15:AZ21) -> 0 | BG22: =SUM(BG15:BG21) -> 0 | BI22: =SUM(BI15:BI21) -> 0 | BO22: =SUM(BO15:BO21) -> 0 | BQ22: =SUM(BQ15:BQ21) -> 0 | BV22: =SUM(BV15:BV21) -> 0 | BX22: =SUM(BX15:BX21) -> 0 | BY22: =SUM(BY15:BY21) -> 0 | CH22: =SUM(CH15:CH21) -> 0 | CJ22: =SUM(CJ15:CJ21) -> 0 | CO22: =SUM(CO15:CO21) -> 0 | CQ22: =SUM(CQ15:CQ21) -> 0 | CV22: =SUM(CV15:CV21) -> 0 | CX22: =SUM(CX15:CX21) -> 0 | CY22: =SUM(CY15:CY21) -> 0
B23: Consistent
B24: Patrick S J Koroma | D24: PR | E24: AB | F24: AB | I24: =COUNTIF(D24:H24,"PR") -> 1 | J24: =COUNTIF(D24:H24,"AB") -> 2 | K24: =I24+J24 -> 3 | P24: =COUNTIF(L24:O24,"PR") -> 0 | Q24: =COUNTIF(L24:O24,"AB") -> 0 | R24: =P24+Q24 -> 0 | W24: =COUNTIF(S24:V24,"PR") -> 0 | X24: =COUNTIF(S24:V24,"AB") -> 0 | Y24: =W24+X24 -> 0 | Z24: =K24+R24+Y24 -> 3 | AA24: =SUM(I24,P24,W24) -> 1 | AB24: =AA24/Z24*100 -> 33.333333 | AH24: =COUNTIF(AD24:AG24,"PR") -> 0 | AI24: =COUNTIF(AD24:AG24,"AB") -> 0 | AJ24: =AH24+AI24 -> 0 | AP24: =COUNTIF(AK24:AO24,"PR") -> 0 | AQ24: =COUNTIF(AK24:AO24,"AB") -> 0 | AR24: =AP24+AQ24 -> 0 | AW24: =COUNTIF(AS24:AV24,"PR") -> 0 | AX24: =COUNTIF(AS24:AV24,"AB") -> 0 | AY24: =AW24+AX24 -> 0 | AZ24: =AJ24+AR24+AY24 -> 0 | BA24: =SUM(AH24,AP24,AW24) -> 0 | BB24: =BA24/AZ24*100 -> #DIV/0! | BG24: =COUNTIF(BC24:BF24,"PR") -> 0 | BH24: =COUNTIF(BC24:BF24,"AB") -> 0 | BI24: =BG24+BH24 -> 0 | BO24: =COUNTIF(BJ24:BN24,"PR") -> 0 | BP24: =COUNTIF(BJ24:BN24,"AB") -> 0 | BQ24: =BO24+BP24 -> 0 | BV24: =COUNTIF(BR24:BU24,"PR") -> 0 | BW24: =COUNTIF(BR24:BU24,"AB") -> 0 | BX24: =BV24+BW24 -> 0 | BY24: =BI24+BQ24+BX24 -> 0 | BZ24: =SUM(BG24,BO24,BV24) -> 0 | CA24: =BZ24/BY24*100 -> #DIV/0! | CH24: =COUNTIF(CC24:CG24,"PR") -> 0 | CI24: =COUNTIF(CC24:CG24,"AB") -> 0 | CJ24: =CH24+CI24 -> 0 | CO24: =COUNTIF(CK24:CN24,"PR") -> 0 | CP24: =COUNTIF(CK24:CN24,"AB") -> 0 | CQ24: =CO24+CP24 -> 0 | CV24: =COUNTIF(CR24:CU24,"PR") -> 0 | CW24: =COUNTIF(CR24:CU24,"AB") -> 0 | CX24: =CV24+CW24 -> 0 | CY24: =CH24+CO24+CV24 -> 0 | CZ24: =SUM(CF24,#REF!,CT24) -> #REF! | DA24: =CZ24/CY24*100 -> #REF!
B25: Edmond Lebbie | D25: PR | E25: AB | F25: AB | I25: =COUNTIF(D25:H25,"PR") -> 1 | J25: =COUNTIF(D25:H25,"AB") -> 2 | K25: =I25+J25 -> 3 | P25: =COUNTIF(L25:O25,"PR") -> 0 | Q25: =COUNTIF(L25:O25,"AB") -> 0 | R25: =P25+Q25 -> 0 | W25: =COUNTIF(S25:V25,"PR") -> 0 | X25: =COUNTIF(S25:V25,"AB") -> 0 | Y25: =W25+X25 -> 0 | Z25: =K25+R25+Y25 -> 3 | AA25: =SUM(I25,P25,W25) -> 1 | AB25: =AA25/Z25*100 -> 33.333333 | AH25: =COUNTIF(AD25:AG25,"PR") -> 0 | AI25: =COUNTIF(AD25:AG25,"AB") -> 0 | AJ25: =AH25+AI25 -> 0 | AP25: =COUNTIF(AK25:AO25,"PR") -> 0 | AQ25: =COUNTIF(AK25:AO25,"AB") -> 0 | AR25: =AP25+AQ25 -> 0 | AW25: =COUNTIF(AS25:AV25,"PR") -> 0 | AX25: =COUNTIF(AS25:AV25,"AB") -> 0 | AY25: =AW25+AX25 -> 0 | AZ25: =AJ25+AR25+AY25 -> 0 | BA25: =SUM(AH25,AP25,AW25) -> 0 | BB25: =BA25/AZ25*100 -> #DIV/0! | BG25: =COUNTIF(BC25:BF25,"PR") -> 0 | BH25: =COUNTIF(BC25:BF25,"AB") -> 0 | BI25: =BG25+BH25 -> 0 | BO25: =COUNTIF(BJ25:BN25,"PR") -> 0 | BP25: =COUNTIF(BJ25:BN25,"AB") -> 0 | BQ25: =BO25+BP25 -> 0 | BV25: =COUNTIF(BR25:BU25,"PR") -> 0 | BW25: =COUNTIF(BR25:BU25,"AB") -> 0 | BX25: =BV25+BW25 -> 0 | BY25: =BI25+BQ25+BX25 -> 0 | BZ25: =SUM(BG25,BO25,BV25) -> 0 | CA25: =BZ25/BY25*100 -> #DIV/0! | CH25: =COUNTIF(CC25:CG25,"PR") -> 0 | CI25: =COUNTIF(CC25:CG25,"AB") -> 0 | CJ25: =CH25+CI25 -> 0 | CO25: =COUNTIF(CK25:CN25,"PR") -> 0 | CP25: =COUNTIF(CK25:CN25,"AB") -> 0 | CQ25: =CO25+CP25 -> 0 | CV25: =COUNTIF(CR25:CU25,"PR") -> 0 | CW25: =COUNTIF(CR25:CU25,"AB") -> 0 | CX25: =CV25+CW25 -> 0 | CY25: =CH25+CO25+CV25 -> 0 | CZ25: =SUM(CF25,#REF!,CT25) -> #REF! | DA25: =CZ25/CY25*100 -> #REF!
B26: Marian I. Peterson | D26: AB | E26: PR | F26: AB | I26: =COUNTIF(D26:H26,"PR") -> 1 | J26: =COUNTIF(D26:H26,"AB") -> 2 | K26: =I26+J26 -> 3 | P26: =COUNTIF(L26:O26,"PR") -> 0 | Q26: =COUNTIF(L26:O26,"AB") -> 0 | R26: =P26+Q26 -> 0 | W26: =COUNTIF(S26:V26,"PR") -> 0 | X26: =COUNTIF(S26:V26,"AB") -> 0 | Y26: =W26+X26 -> 0 | Z26: =K26+R26+Y26 -> 3 | AA26: =SUM(I26,P26,W26) -> 1 | AB26: =AA26/Z26*100 -> 33.333333 | AH26: =COUNTIF(AD26:AG26,"PR") -> 0 | AI26: =COUNTIF(AD26:AG26,"AB") -> 0 | AJ26: =AH26+AI26 -> 0 | AP26: =COUNTIF(AK26:AO26,"PR") -> 0 | AQ26: =COUNTIF(AK26:AO26,"AB") -> 0 | AR26: =AP26+AQ26 -> 0 | AW26: =COUNTIF(AS26:AV26,"PR") -> 0 | AX26: =COUNTIF(AS26:AV26,"AB") -> 0 | AY26: =AW26+AX26 -> 0 | AZ26: =AJ26+AR26+AY26 -> 0 | BA26: =SUM(AH26,AP26,AW26) -> 0 | BB26: =BA26/AZ26*100 -> #DIV/0! | BG26: =COUNTIF(BC26:BF26,"PR") -> 0 | BH26: =COUNTIF(BC26:BF26,"AB") -> 0 | BI26: =BG26+BH26 -> 0 | BO26: =COUNTIF(BJ26:BN26,"PR") -> 0 | BP26: =COUNTIF(BJ26:BN26,"AB") -> 0 | BQ26: =BO26+BP26 -> 0 | BV26: =COUNTIF(BR26:BU26,"PR") -> 0 | BW26: =COUNTIF(BR26:BU26,"AB") -> 0 | BX26: =BV26+BW26 -> 0 | BY26: =BI26+BQ26+BX26 -> 0 | BZ26: =SUM(BG26,BO26,BV26) -> 0 | CA26: =BZ26/BY26*100 -> #DIV/0! | CH26: =COUNTIF(CC26:CG26,"PR") -> 0 | CI26: =COUNTIF(CC26:CG26,"AB") -> 0 | CJ26: =CH26+CI26 -> 0 | CO26: =COUNTIF(CK26:CN26,"PR") -> 0 | CP26: =COUNTIF(CK26:CN26,"AB") -> 0 | CQ26: =CO26+CP26 -> 0 | CV26: =COUNTIF(CR26:CU26,"PR") -> 0 | CW26: =COUNTIF(CR26:CU26,"AB") -> 0 | CX26: =CV26+CW26 -> 0 | CY26: =CH26+CO26+CV26 -> 0 | CZ26: =SUM(CF26,#REF!,CT26) -> #REF! | DA26: =CZ26/CY26*100 -> #REF!
B27: Rebecca Jansie | D27: AB | E27: PR | F27: AB | I27: =COUNTIF(D27:H27,"PR") -> 1 | J27: =COUNTIF(D27:H27,"AB") -> 2 | K27: =I27+J27 -> 3 | P27: =COUNTIF(L27:O27,"PR") -> 0 | Q27: =COUNTIF(L27:O27,"AB") -> 0 | R27: =P27+Q27 -> 0 | W27: =COUNTIF(S27:V27,"PR") -> 0 | X27: =COUNTIF(S27:V27,"AB") -> 0 | Y27: =W27+X27 -> 0 | Z27: =K27+R27+Y27 -> 3 | AA27: =SUM(I27,P27,W27) -> 1 | AB27: =AA27/Z27*100 -> 33.333333 | AH27: =COUNTIF(AD27:AG27,"PR") -> 0 | AI27: =COUNTIF(AD27:AG27,"AB") -> 0 | AJ27: =AH27+AI27 -> 0 | AP27: =COUNTIF(AK27:AO27,"PR") -> 0 | AQ27: =COUNTIF(AK27:AO27,"AB") -> 0 | AR27: =AP27+AQ27 -> 0 | AW27: =COUNTIF(AS27:AV27,"PR") -> 0 | AX27: =COUNTIF(AS27:AV27,"AB") -> 0 | AY27: =AW27+AX27 -> 0 | AZ27: =AJ27+AR27+AY27 -> 0 | BA27: =SUM(AH27,AP27,AW27) -> 0 | BB27: =BA27/AZ27*100 -> #DIV/0! | BG27: =COUNTIF(BC27:BF27,"PR") -> 0 | BH27: =COUNTIF(BC27:BF27,"AB") -> 0 | BI27: =BG27+BH27 -> 0 | BO27: =COUNTIF(BJ27:BN27,"PR") -> 0 | BP27: =COUNTIF(BJ27:BN27,"AB") -> 0 | BQ27: =BO27+BP27 -> 0 | BV27: =COUNTIF(BR27:BU27,"PR") -> 0 | BW27: =COUNTIF(BR27:BU27,"AB") -> 0 | BX27: =BV27+BW27 -> 0 | BY27: =BI27+BQ27+BX27 -> 0 | BZ27: =SUM(BG27,BO27,BV27) -> 0 | CA27: =BZ27/BY27*100 -> #DIV/0! | CH27: =COUNTIF(CC27:CG27,"PR") -> 0 | CI27: =COUNTIF(CC27:CG27,"AB") -> 0 | CJ27: =CH27+CI27 -> 0 | CO27: =COUNTIF(CK27:CN27,"PR") -> 0 | CP27: =COUNTIF(CK27:CN27,"AB") -> 0 | CQ27: =CO27+CP27 -> 0 | CV27: =COUNTIF(CR27:CU27,"PR") -> 0 | CW27: =COUNTIF(CR27:CU27,"AB") -> 0 | CX27: =CV27+CW27 -> 0 | CY27: =CH27+CO27+CV27 -> 0 | CZ27: =SUM(CF27,#REF!,CT27) -> #REF! | DA27: =CZ27/CY27*100 -> #REF!
B28: Esther Kapindi | D28: AB | E28: PR | F28: PR | I28: =COUNTIF(D28:H28,"PR") -> 2 | J28: =COUNTIF(D28:H28,"AB") -> 1 | K28: =I28+J28 -> 3 | P28: =COUNTIF(L28:O28,"PR") -> 0 | Q28: =COUNTIF(L28:O28,"AB") -> 0 | R28: =P28+Q28 -> 0 | W28: =COUNTIF(S28:V28,"PR") -> 0 | X28: =COUNTIF(S28:V28,"AB") -> 0 | Y28: =W28+X28 -> 0 | Z28: =K28+R28+Y28 -> 3 | AA28: =SUM(I28,P28,W28) -> 2 | AB28: =AA28/Z28*100 -> 66.666667 | AH28: =COUNTIF(AD28:AG28,"PR") -> 0 | AI28: =COUNTIF(AD28:AG28,"AB") -> 0 | AJ28: =AH28+AI28 -> 0 | AP28: =COUNTIF(AK28:AO28,"PR") -> 0 | AQ28: =COUNTIF(AK28:AO28,"AB") -> 0 | AR28: =AP28+AQ28 -> 0 | AW28: =COUNTIF(AS28:AV28,"PR") -> 0 | AX28: =COUNTIF(AS28:AV28,"AB") -> 0 | AY28: =AW28+AX28 -> 0 | AZ28: =AJ28+AR28+AY28 -> 0 | BA28: =SUM(AH28,AP28,AW28) -> 0 | BB28: =BA28/AZ28*100 -> #DIV/0! | BG28: =COUNTIF(BC28:BF28,"PR") -> 0 | BH28: =COUNTIF(BC28:BF28,"AB") -> 0 | BI28: =BG28+BH28 -> 0 | BO28: =COUNTIF(BJ28:BN28,"PR") -> 0 | BP28: =COUNTIF(BJ28:BN28,"AB") -> 0 | BQ28: =BO28+BP28 -> 0 | BV28: =COUNTIF(BR28:BU28,"PR") -> 0 | BW28: =COUNTIF(BR28:BU28,"AB") -> 0 | BX28: =BV28+BW28 -> 0 | BY28: =BI28+BQ28+BX28 -> 0 | BZ28: =SUM(BG28,BO28,BV28) -> 0 | CA28: =BZ28/BY28*100 -> #DIV/0! | CH28: =COUNTIF(CC28:CG28,"PR") -> 0 | CI28: =COUNTIF(CC28:CG28,"AB") -> 0 | CJ28: =CH28+CI28 -> 0 | CO28: =COUNTIF(CK28:CN28,"PR") -> 0 | CP28: =COUNTIF(CK28:CN28,"AB") -> 0 | CQ28: =CO28+CP28 -> 0 | CV28: =COUNTIF(CR28:CU28,"PR") -> 0 | CW28: =COUNTIF(CR28:CU28,"AB") -> 0 | CX28: =CV28+CW28 -> 0 | CY28: =CH28+CO28+CV28 -> 0 | CZ28: =SUM(CF28,#REF!,CT28) -> #REF! | DA28: =CZ28/CY28*100 -> #REF!
B29: Sarah N. Abu | D29: AB | E29: PR | F29: AB | I29: =COUNTIF(D29:H29,"PR") -> 1 | J29: =COUNTIF(D29:H29,"AB") -> 2 | K29: =I29+J29 -> 3 | P29: =COUNTIF(L29:O29,"PR") -> 0 | Q29: =COUNTIF(L29:O29,"AB") -> 0 | R29: =P29+Q29 -> 0 | W29: =COUNTIF(S29:V29,"PR") -> 0 | X29: =COUNTIF(S29:V29,"AB") -> 0 | Y29: =W29+X29 -> 0 | Z29: =K29+R29+Y29 -> 3 | AA29: =SUM(I29,P29,W29) -> 1 | AB29: =AA29/Z29*100 -> 33.333333 | AH29: =COUNTIF(AD29:AG29,"PR") -> 0 | AI29: =COUNTIF(AD29:AG29,"AB") -> 0 | AJ29: =AH29+AI29 -> 0 | AP29: =COUNTIF(AK29:AO29,"PR") -> 0 | AQ29: =COUNTIF(AK29:AO29,"AB") -> 0 | AR29: =AP29+AQ29 -> 0 | AW29: =COUNTIF(AS29:AV29,"PR") -> 0 | AX29: =COUNTIF(AS29:AV29,"AB") -> 0 | AY29: =AW29+AX29 -> 0 | AZ29: =AJ29+AR29+AY29 -> 0 | BA29: =SUM(AH29,AP29,AW29) -> 0 | BB29: =BA29/AZ29*100 -> #DIV/0! | BG29: =COUNTIF(BC29:BF29,"PR") -> 0 | BH29: =COUNTIF(BC29:BF29,"AB") -> 0 | BI29: =BG29+BH29 -> 0 | BO29: =COUNTIF(BJ29:BN29,"PR") -> 0 | BP29: =COUNTIF(BJ29:BN29,"AB") -> 0 | BQ29: =BO29+BP29 -> 0 | BV29: =COUNTIF(BR29:BU29,"PR") -> 0 | BW29: =COUNTIF(BR29:BU29,"AB") -> 0 | BX29: =BV29+BW29 -> 0 | BY29: =BI29+BQ29+BX29 -> 0 | BZ29: =SUM(BG29,BO29,BV29) -> 0 | CA29: =BZ29/BY29*100 -> #DIV/0! | CH29: =COUNTIF(CC29:CG29,"PR") -> 0 | CI29: =COUNTIF(CC29:CG29,"AB") -> 0 | CJ29: =CH29+CI29 -> 0 | CO29: =COUNTIF(CK29:CN29,"PR") -> 0 | CP29: =COUNTIF(CK29:CN29,"AB") -> 0 | CQ29: =CO29+CP29 -> 0 | CV29: =COUNTIF(CR29:CU29,"PR") -> 0 | CW29: =COUNTIF(CR29:CU29,"AB") -> 0 | CX29: =CV29+CW29 -> 0 | CY29: =CH29+CO29+CV29 -> 0 | CZ29: =SUM(CF29,#REF!,CT29) -> #REF! | DA29: =CZ29/CY29*100 -> #REF!
B30: Jessica Jaka | D30: AB | E30: PR | F30: AB | I30: =COUNTIF(D30:H30,"PR") -> 1 | J30: =COUNTIF(D30:H30,"AB") -> 2 | K30: =I30+J30 -> 3 | P30: =COUNTIF(L30:O30,"PR") -> 0 | Q30: =COUNTIF(L30:O30,"AB") -> 0 | R30: =P30+Q30 -> 0 | W30: =COUNTIF(S30:V30,"PR") -> 0 | X30: =COUNTIF(S30:V30,"AB") -> 0 | Y30: =W30+X30 -> 0 | Z30: =K30+R30+Y30 -> 3 | AA30: =SUM(I30,P30,W30) -> 1 | AB30: =AA30/Z30*100 -> 33.333333 | AH30: =COUNTIF(AD30:AG30,"PR") -> 0 | AI30: =COUNTIF(AD30:AG30,"AB") -> 0 | AJ30: =AH30+AI30 -> 0 | AP30: =COUNTIF(AK30:AO30,"PR") -> 0 | AQ30: =COUNTIF(AK30:AO30,"AB") -> 0 | AR30: =AP30+AQ30 -> 0 | AW30: =COUNTIF(AS30:AV30,"PR") -> 0 | AX30: =COUNTIF(AS30:AV30,"AB") -> 0 | AY30: =AW30+AX30 -> 0 | AZ30: =AJ30+AR30+AY30 -> 0 | BA30: =SUM(AH30,AP30,AW30) -> 0 | BB30: =BA30/AZ30*100 -> #DIV/0! | BG30: =COUNTIF(BC30:BF30,"PR") -> 0 | BH30: =COUNTIF(BC30:BF30,"AB") -> 0 | BI30: =BG30+BH30 -> 0 | BO30: =COUNTIF(BJ30:BN30,"PR") -> 0 | BP30: =COUNTIF(BJ30:BN30,"AB") -> 0 | BQ30: =BO30+BP30 -> 0 | BV30: =COUNTIF(BR30:BU30,"PR") -> 0 | BW30: =COUNTIF(BR30:BU30,"AB") -> 0 | BX30: =BV30+BW30 -> 0 | BY30: =BI30+BQ30+BX30 -> 0 | BZ30: =SUM(BG30,BO30,BV30) -> 0 | CA30: =BZ30/BY30*100 -> #DIV/0! | CH30: =COUNTIF(CC30:CG30,"PR") -> 0 | CI30: =COUNTIF(CC30:CG30,"AB") -> 0 | CJ30: =CH30+CI30 -> 0 | CO30: =COUNTIF(CK30:CN30,"PR") -> 0 | CP30: =COUNTIF(CK30:CN30,"AB") -> 0 | CQ30: =CO30+CP30 -> 0 | CV30: =COUNTIF(CR30:CU30,"PR") -> 0 | CW30: =COUNTIF(CR30:CU30,"AB") -> 0 | CX30: =CV30+CW30 -> 0 | CY30: =CH30+CO30+CV30 -> 0 | CZ30: =SUM(CF30,#REF!,CT30) -> #REF! | DA30: =CZ30/CY30*100 -> #REF!
I31: =COUNTIF(D31:H31,"PR") -> 0 | J31: =COUNTIF(D31:H31,"AB") -> 0 | K31: =I31+J31 -> 0 | P31: =COUNTIF(L31:O31,"PR") -> 0 | Q31: =COUNTIF(L31:O31,"AB") -> 0 | R31: =P31+Q31 -> 0 | W31: =COUNTIF(S31:V31,"PR") -> 0 | X31: =COUNTIF(S31:V31,"AB") -> 0 | Y31: =W31+X31 -> 0 | Z31: =K31+R31+Y31 -> 0 | AA31: =SUM(I31,P31,W31) -> 0 | AB31: =AA31/Z31*100 -> #DIV/0! | AH31: =COUNTIF(AD31:AG31,"PR") -> 0 | AI31: =COUNTIF(AD31:AG31,"AB") -> 0 | AJ31: =AH31+AI31 -> 0 | AP31: =COUNTIF(AK31:AO31,"PR") -> 0 | AQ31: =COUNTIF(AK31:AO31,"AB") -> 0 | AR31: =AP31+AQ31 -> 0 | AW31: =COUNTIF(AS31:AV31,"PR") -> 0 | AX31: =COUNTIF(AS31:AV31,"AB") -> 0 | AY31: =AW31+AX31 -> 0 | AZ31: =AJ31+AR31+AY31 -> 0 | BA31: =SUM(AH31,AP31,AW31) -> 0 | BB31: =BA31/AZ31*100 -> #DIV/0! | BG31: =COUNTIF(BC31:BF31,"PR") -> 0 | BH31: =COUNTIF(BC31:BF31,"AB") -> 0 | BI31: =BG31+BH31 -> 0 | BO31: =COUNTIF(BJ31:BN31,"PR") -> 0 | BP31: =COUNTIF(BJ31:BN31,"AB") -> 0 | BQ31: =BO31+BP31 -> 0 | BV31: =COUNTIF(BR31:BU31,"PR") -> 0 | BW31: =COUNTIF(BR31:BU31,"AB") -> 0 | BX31: =BV31+BW31 -> 0 | BY31: =BI31+BQ31+BX31 -> 0 | BZ31: =SUM(BG31,BO31,BV31) -> 0 | CA31: =BZ31/BY31*100 -> #DIV/0! | CH31: =COUNTIF(CC31:CG31,"PR") -> 0 | CI31: =COUNTIF(CC31:CG31,"AB") -> 0 | CJ31: =CH31+CI31 -> 0 | CO31: =COUNTIF(CK31:CN31,"PR") -> 0 | CP31: =COUNTIF(CK31:CN31,"AB") -> 0 | CQ31: =CO31+CP31 -> 0 | CV31: =COUNTIF(CR31:CU31,"PR") -> 0 | CW31: =COUNTIF(CR31:CU31,"AB") -> 0 | CX31: =CV31+CW31 -> 0 | CY31: =CH31+CO31+CV31 -> 0 | CZ31: =SUM(CF31,#REF!,CT31) -> #REF! | DA31: =CZ31/CY31*100 -> #REF!
I32: =COUNTIF(D32:H32,"PR") -> 0 | J32: =COUNTIF(D32:H32,"AB") -> 0 | K32: =I32+J32 -> 0 | P32: =COUNTIF(L32:O32,"PR") -> 0 | Q32: =COUNTIF(L32:O32,"AB") -> 0 | R32: =P32+Q32 -> 0 | W32: =COUNTIF(S32:V32,"PR") -> 0 | X32: =COUNTIF(S32:V32,"AB") -> 0 | Y32: =W32+X32 -> 0 | Z32: =K32+R32+Y32 -> 0 | AA32: =SUM(I32,P32,W32) -> 0 | AB32: =AA32/Z32*100 -> #DIV/0! | AH32: =COUNTIF(AD32:AG32,"PR") -> 0 | AI32: =COUNTIF(AD32:AG32,"AB") -> 0 | AJ32: =AH32+AI32 -> 0 | AP32: =COUNTIF(AK32:AO32,"PR") -> 0 | AQ32: =COUNTIF(AK32:AO32,"AB") -> 0 | AR32: =AP32+AQ32 -> 0 | AW32: =COUNTIF(AS32:AV32,"PR") -> 0 | AX32: =COUNTIF(AS32:AV32,"AB") -> 0 | AY32: =AW32+AX32 -> 0 | AZ32: =AJ32+AR32+AY32 -> 0 | BA32: =SUM(AH32,AP32,AW32) -> 0 | BB32: =BA32/AZ32*100 -> #DIV/0! | BG32: =COUNTIF(BC32:BF32,"PR") -> 0 | BH32: =COUNTIF(BC32:BF32,"AB") -> 0 | BI32: =BG32+BH32 -> 0 | BO32: =COUNTIF(BJ32:BN32,"PR") -> 0 | BP32: =COUNTIF(BJ32:BN32,"AB") -> 0 | BQ32: =BO32+BP32 -> 0 | BV32: =COUNTIF(BR32:BU32,"PR") -> 0 | BW32: =COUNTIF(BR32:BU32,"AB") -> 0 | BX32: =BV32+BW32 -> 0 | BY32: =BI32+BQ32+BX32 -> 0 | BZ32: =SUM(BG32,BO32,BV32) -> 0 | CA32: =BZ32/BY32*100 -> #DIV/0! | CH32: =COUNTIF(CC32:CG32,"PR") -> 0 | CI32: =COUNTIF(CC32:CG32,"AB") -> 0 | CJ32: =CH32+CI32 -> 0 | CO32: =COUNTIF(CK32:CN32,"PR") -> 0 | CP32: =COUNTIF(CK32:CN32,"AB") -> 0 | CQ32: =CO32+CP32 -> 0 | CV32: =COUNTIF(CR32:CU32,"PR") -> 0 | CW32: =COUNTIF(CR32:CU32,"AB") -> 0 | CX32: =CV32+CW32 -> 0 | CY32: =CH32+CO32+CV32 -> 0 | CZ32: =SUM(CF32,#REF!,CT32) -> #REF! | DA32: =CZ32/CY32*100 -> #REF!
I33: =COUNTIF(D33:H33,"PR") -> 0 | J33: =COUNTIF(D33:H33,"AB") -> 0 | K33: =I33+J33 -> 0 | P33: =COUNTIF(L33:O33,"PR") -> 0 | Q33: =COUNTIF(L33:O33,"AB") -> 0 | R33: =P33+Q33 -> 0 | W33: =COUNTIF(S33:V33,"PR") -> 0 | X33: =COUNTIF(S33:V33,"AB") -> 0 | Y33: =W33+X33 -> 0 | Z33: =K33+R33+Y33 -> 0 | AA33: =SUM(I33,P33,W33) -> 0 | AB33: =AA33/Z33*100 -> #DIV/0! | AH33: =COUNTIF(AD33:AG33,"PR") -> 0 | AI33: =COUNTIF(AD33:AG33,"AB") -> 0 | AJ33: =AH33+AI33 -> 0 | AP33: =COUNTIF(AK33:AO33,"PR") -> 0 | AQ33: =COUNTIF(AK33:AO33,"AB") -> 0 | AR33: =AP33+AQ33 -> 0 | AW33: =COUNTIF(AS33:AV33,"PR") -> 0 | AX33: =COUNTIF(AS33:AV33,"AB") -> 0 | AY33: =AW33+AX33 -> 0 | AZ33: =AJ33+AR33+AY33 -> 0 | BA33: =SUM(AH33,AP33,AW33) -> 0 | BB33: =BA33/AZ33*100 -> #DIV/0! | BG33: =COUNTIF(BC33:BF33,"PR") -> 0 | BH33: =COUNTIF(BC33:BF33,"AB") -> 0 | BI33: =BG33+BH33 -> 0 | BO33: =COUNTIF(BJ33:BN33,"PR") -> 0 | BP33: =COUNTIF(BJ33:BN33,"AB") -> 0 | BQ33: =BO33+BP33 -> 0 | BV33: =COUNTIF(BR33:BU33,"PR") -> 0 | BW33: =COUNTIF(BR33:BU33,"AB") -> 0 | BX33: =BV33+BW33 -> 0 | BY33: =BI33+BQ33+BX33 -> 0 | BZ33: =SUM(BG33,BO33,BV33) -> 0 | CA33: =BZ33/BY33*100 -> #DIV/0! | CH33: =COUNTIF(CC33:CG33,"PR") -> 0 | CI33: =COUNTIF(CC33:CG33,"AB") -> 0 | CJ33: =CH33+CI33 -> 0 | CO33: =COUNTIF(CK33:CN33,"PR") -> 0 | CP33: =COUNTIF(CK33:CN33,"AB") -> 0 | CQ33: =CO33+CP33 -> 0 | CV33: =COUNTIF(CR33:CU33,"PR") -> 0 | CW33: =COUNTIF(CR33:CU33,"AB") -> 0 | CX33: =CV33+CW33 -> 0 | CY33: =CH33+CO33+CV33 -> 0 | CZ33: =SUM(CF33,#REF!,CT33) -> #REF! | DA33: =CZ33/CY33*100 -> #REF!
I34: =COUNTIF(D34:H34,"PR") -> 0 | J34: =COUNTIF(D34:H34,"AB") -> 0 | K34: =I34+J34 -> 0 | P34: =COUNTIF(L34:O34,"PR") -> 0 | Q34: =COUNTIF(L34:O34,"AB") -> 0 | R34: =P34+Q34 -> 0 | W34: =COUNTIF(S34:V34,"PR") -> 0 | X34: =COUNTIF(S34:V34,"AB") -> 0 | Y34: =W34+X34 -> 0 | Z34: =K34+R34+Y34 -> 0 | AA34: =SUM(I34,P34,W34) -> 0 | AB34: =AA34/Z34*100 -> #DIV/0! | AH34: =COUNTIF(AD34:AG34,"PR") -> 0 | AI34: =COUNTIF(AD34:AG34,"AB") -> 0 | AJ34: =AH34+AI34 -> 0 | AP34: =COUNTIF(AK34:AO34,"PR") -> 0 | AQ34: =COUNTIF(AK34:AO34,"AB") -> 0 | AR34: =AP34+AQ34 -> 0 | AW34: =COUNTIF(AS34:AV34,"PR") -> 0 | AX34: =COUNTIF(AS34:AV34,"AB") -> 0 | AY34: =AW34+AX34 -> 0 | AZ34: =AJ34+AR34+AY34 -> 0 | BA34: =SUM(AH34,AP34,AW34) -> 0 | BB34: =BA34/AZ34*100 -> #DIV/0! | BG34: =COUNTIF(BC34:BF34,"PR") -> 0 | BH34: =COUNTIF(BC34:BF34,"AB") -> 0 | BI34: =BG34+BH34 -> 0 | BO34: =COUNTIF(BJ34:BN34,"PR") -> 0 | BP34: =COUNTIF(BJ34:BN34,"AB") -> 0 | BQ34: =BO34+BP34 -> 0 | BV34: =COUNTIF(BR34:BU34,"PR") -> 0 | BW34: =COUNTIF(BR34:BU34,"AB") -> 0 | BX34: =BV34+BW34 -> 0 | BY34: =BI34+BQ34+BX34 -> 0 | BZ34: =SUM(BG34,BO34,BV34) -> 0 | CA34: =BZ34/BY34*100 -> #DIV/0! | CH34: =COUNTIF(CC34:CG34,"PR") -> 0 | CI34: =COUNTIF(CC34:CG34,"AB") -> 0 | CJ34: =CH34+CI34 -> 0 | CO34: =COUNTIF(CK34:CN34,"PR") -> 0 | CP34: =COUNTIF(CK34:CN34,"AB") -> 0 | CQ34: =CO34+CP34 -> 0 | CV34: =COUNTIF(CR34:CU34,"PR") -> 0 | CW34: =COUNTIF(CR34:CU34,"AB") -> 0 | CX34: =CV34+CW34 -> 0 | CY34: =CH34+CO34+CV34 -> 0 | CZ34: =SUM(CF34,#REF!,CT34) -> #REF! | DA34: =CZ34/CY34*100 -> #REF!
I35: =COUNTIF(D35:H35,"PR") -> 0 | J35: =COUNTIF(D35:H35,"AB") -> 0 | K35: =I35+J35 -> 0 | P35: =COUNTIF(L35:O35,"PR") -> 0 | Q35: =COUNTIF(L35:O35,"AB") -> 0 | R35: =P35+Q35 -> 0 | W35: =COUNTIF(S35:V35,"PR") -> 0 | X35: =COUNTIF(S35:V35,"AB") -> 0 | Y35: =W35+X35 -> 0 | Z35: =K35+R35+Y35 -> 0 | AA35: =SUM(I35,P35,W35) -> 0 | AB35: =AA35/Z35*100 -> #DIV/0! | AH35: =COUNTIF(AD35:AG35,"PR") -> 0 | AI35: =COUNTIF(AD35:AG35,"AB") -> 0 | AJ35: =AH35+AI35 -> 0 | AP35: =COUNTIF(AK35:AO35,"PR") -> 0 | AQ35: =COUNTIF(AK35:AO35,"AB") -> 0 | AR35: =AP35+AQ35 -> 0 | AW35: =COUNTIF(AS35:AV35,"PR") -> 0 | AX35: =COUNTIF(AS35:AV35,"AB") -> 0 | AY35: =AW35+AX35 -> 0 | AZ35: =AJ35+AR35+AY35 -> 0 | BA35: =SUM(AH35,AP35,AW35) -> 0 | BB35: =BA35/AZ35*100 -> #DIV/0! | BG35: =COUNTIF(BC35:BF35,"PR") -> 0 | BH35: =COUNTIF(BC35:BF35,"AB") -> 0 | BI35: =BG35+BH35 -> 0 | BO35: =COUNTIF(BJ35:BN35,"PR") -> 0 | BP35: =COUNTIF(BJ35:BN35,"AB") -> 0 | BQ35: =BO35+BP35 -> 0 | BV35: =COUNTIF(BR35:BU35,"PR") -> 0 | BW35: =COUNTIF(BR35:BU35,"AB") -> 0 | BX35: =BV35+BW35 -> 0 | BY35: =BI35+BQ35+BX35 -> 0 | BZ35: =SUM(BG35,BO35,BV35) -> 0 | CA35: =BZ35/BY35*100 -> #DIV/0! | CH35: =COUNTIF(CC35:CG35,"PR") -> 0 | CI35: =COUNTIF(CC35:CG35,"AB") -> 0 | CJ35: =CH35+CI35 -> 0 | CO35: =COUNTIF(CK35:CN35,"PR") -> 0 | CP35: =COUNTIF(CK35:CN35,"AB") -> 0 | CQ35: =CO35+CP35 -> 0 | CV35: =COUNTIF(CR35:CU35,"PR") -> 0 | CW35: =COUNTIF(CR35:CU35,"AB") -> 0 | CX35: =CV35+CW35 -> 0 | CY35: =CH35+CO35+CV35 -> 0 | CZ35: =SUM(CF35,#REF!,CT35) -> #REF! | DA35: =CZ35/CY35*100 -> #REF!
I36: =SUM(I24:I35) -> 8 | K36: =SUM(K24:K35) -> 21 | P36: =SUM(P24:P35) -> 0 | R36: =SUM(R24:R35) -> 0 | W36: =SUM(W24:W35) -> 0 | Y36: =SUM(Y24:Y35) -> 0 | Z36: =SUM(Z31:Z35) -> 0 | AH36: =SUM(AH24:AH35) -> 0 | AJ36: =SUM(AJ24:AJ35) -> 0 | AP36: =SUM(AP24:AP35) -> 0 | AR36: =SUM(AR24:AR35) -> 0 | AW36: =SUM(AW24:AW35) -> 0 | AY36: =SUM(AY24:AY35) -> 0 | AZ36: =SUM(AZ31:AZ35) -> 0 | BG36: =SUM(BG24:BG35) -> 0 | BI36: =SUM(BI24:BI35) -> 0 | BO36: =SUM(BO24:BO35) -> 0 | BQ36: =SUM(BQ24:BQ35) -> 0 | BV36: =SUM(BV24:BV35) -> 0 | BX36: =SUM(BX24:BX35) -> 0 | BY36: =SUM(BY31:BY35) -> 0 | CH36: =SUM(CH24:CH35) -> 0 | CJ36: =SUM(CJ24:CJ35) -> 0 | CO36: =SUM(CO24:CO35) -> 0 | CQ36: =SUM(CQ24:CQ35) -> 0 | CV36: =SUM(CV24:CV35) -> 0 | CX36: =SUM(CX24:CX35) -> 0 | CY36: =SUM(CY31:CY35) -> 0
B37: Semi-Consistent
I38: =COUNTIF(D38:H38,"PR") -> 0 | J38: =COUNTIF(D38:H38,"AB") -> 0 | K38: =I38+J38 -> 0 | P38: =COUNTIF(L38:O38,"PR") -> 0 | Q38: =COUNTIF(L38:O38,"AB") -> 0 | R38: =P38+Q38 -> 0 | W38: =COUNTIF(S38:V38,"PR") -> 0 | X38: =COUNTIF(S38:V38,"AB") -> 0 | Y38: =W38+X38 -> 0 | Z38: =K38+R38+Y38 -> 0 | AA38: =SUM(I38,P38,W38) -> 0 | AB38: =AA38/Z38*100 -> #DIV/0! | AH38: =COUNTIF(AD38:AG38,"PR") -> 0 | AI38: =COUNTIF(AD38:AG38,"AB") -> 0 | AJ38: =AH38+AI38 -> 0 | AP38: =COUNTIF(AK38:AO38,"PR") -> 0 | AQ38: =COUNTIF(AK38:AO38,"AB") -> 0 | AR38: =AP38+AQ38 -> 0 | AW38: =COUNTIF(AS38:AV38,"PR") -> 0 | AX38: =COUNTIF(AS38:AV38,"AB") -> 0 | AY38: =AW38+AX38 -> 0 | AZ38: =AJ38+AR38+AY38 -> 0 | BA38: =SUM(AH38,AP38,AW38) -> 0 | BB38: =BA38/AZ38*100 -> #DIV/0! | BG38: =COUNTIF(BC38:BF38,"PR") -> 0 | BH38: =COUNTIF(BC38:BF38,"AB") -> 0 | BI38: =BG38+BH38 -> 0 | BO38: =COUNTIF(BJ38:BN38,"PR") -> 0 | BP38: =COUNTIF(BJ38:BN38,"AB") -> 0 | BQ38: =BO38+BP38 -> 0 | BV38: =COUNTIF(BR38:BU38,"PR") -> 0 | BW38: =COUNTIF(BR38:BU38,"AB") -> 0 | BX38: =BV38+BW38 -> 0 | BY38: =BI38+BQ38+BX38 -> 0 | BZ38: =SUM(BG38,BO38,BV38) -> 0 | CA38: =BZ38/BY38*100 -> #DIV/0! | CH38: =COUNTIF(CC38:CG38,"PR") -> 0 | CI38: =COUNTIF(CC38:CG38,"AB") -> 0 | CJ38: =CH38+CI38 -> 0 | CO38: =COUNTIF(CK38:CN38,"PR") -> 0 | CP38: =COUNTIF(CK38:CN38,"AB") -> 0 | CQ38: =CO38+CP38 -> 0 | CV38: =COUNTIF(CR38:CU38,"PR") -> 0 | CW38: =COUNTIF(CR38:CU38,"AB") -> 0 | CX38: =CV38+CW38 -> 0 | CY38: =CH38+CO38+CV38 -> 0 | CZ38: =SUM(CF38,#REF!,CT38) -> #REF! | DA38: =CZ38/CY38*100 -> #REF!
I39: =COUNTIF(D39:H39,"PR") -> 0 | J39: =COUNTIF(D39:H39,"AB") -> 0 | K39: =I39+J39 -> 0 | P39: =COUNTIF(L39:O39,"PR") -> 0 | Q39: =COUNTIF(L39:O39,"AB") -> 0 | R39: =P39+Q39 -> 0 | W39: =COUNTIF(S39:V39,"PR") -> 0 | X39: =COUNTIF(S39:V39,"AB") -> 0 | Y39: =W39+X39 -> 0 | Z39: =K39+R39+Y39 -> 0 | AA39: =SUM(I39,P39,W39) -> 0 | AB39: =AA39/Z39*100 -> #DIV/0! | AH39: =COUNTIF(AD39:AG39,"PR") -> 0 | AI39: =COUNTIF(AD39:AG39,"AB") -> 0 | AJ39: =AH39+AI39 -> 0 | AP39: =COUNTIF(AK39:AO39,"PR") -> 0 | AQ39: =COUNTIF(AK39:AO39,"AB") -> 0 | AR39: =AP39+AQ39 -> 0 | AW39: =COUNTIF(AS39:AV39,"PR") -> 0 | AX39: =COUNTIF(AS39:AV39,"AB") -> 0 | AY39: =AW39+AX39 -> 0 | AZ39: =AJ39+AR39+AY39 -> 0 | BA39: =SUM(AH39,AP39,AW39) -> 0 | BB39: =BA39/AZ39*100 -> #DIV/0! | BG39: =COUNTIF(BC39:BF39,"PR") -> 0 | BH39: =COUNTIF(BC39:BF39,"AB") -> 0 | BI39: =BG39+BH39 -> 0 | BO39: =COUNTIF(BJ39:BN39,"PR") -> 0 | BP39: =COUNTIF(BJ39:BN39,"AB") -> 0 | BQ39: =BO39+BP39 -> 0 | BV39: =COUNTIF(BR39:BU39,"PR") -> 0 | BW39: =COUNTIF(BR39:BU39,"AB") -> 0 | BX39: =BV39+BW39 -> 0 | BY39: =BI39+BQ39+BX39 -> 0 | BZ39: =SUM(BG39,BO39,BV39) -> 0 | CA39: =BZ39/BY39*100 -> #DIV/0! | CH39: =COUNTIF(CC39:CG39,"PR") -> 0 | CI39: =COUNTIF(CC39:CG39,"AB") -> 0 | CJ39: =CH39+CI39 -> 0 | CO39: =COUNTIF(CK39:CN39,"PR") -> 0 | CP39: =COUNTIF(CK39:CN39,"AB") -> 0 | CQ39: =CO39+CP39 -> 0 | CV39: =COUNTIF(CR39:CU39,"PR") -> 0 | CW39: =COUNTIF(CR39:CU39,"AB") -> 0 | CX39: =CV39+CW39 -> 0 | CY39: =CH39+CO39+CV39 -> 0 | CZ39: =SUM(CF39,#REF!,CT39) -> #REF! | DA39: =CZ39/CY39*100 -> #REF!
I40: =COUNTIF(D40:H40,"PR") -> 0 | J40: =COUNTIF(D40:H40,"AB") -> 0 | K40: =I40+J40 -> 0 | P40: =COUNTIF(L40:O40,"PR") -> 0 | Q40: =COUNTIF(L40:O40,"AB") -> 0 | R40: =P40+Q40 -> 0 | W40: =COUNTIF(S40:V40,"PR") -> 0 | X40: =COUNTIF(S40:V40,"AB") -> 0 | Y40: =W40+X40 -> 0 | Z40: =K40+R40+Y40 -> 0 | AA40: =SUM(I40,P40,W40) -> 0 | AB40: =AA40/Z40*100 -> #DIV/0! | AH40: =COUNTIF(AD40:AG40,"PR") -> 0 | AI40: =COUNTIF(AD40:AG40,"AB") -> 0 | AJ40: =AH40+AI40 -> 0 | AP40: =COUNTIF(AK40:AO40,"PR") -> 0 | AQ40: =COUNTIF(AK40:AO40,"AB") -> 0 | AR40: =AP40+AQ40 -> 0 | AW40: =COUNTIF(AS40:AV40,"PR") -> 0 | AX40: =COUNTIF(AS40:AV40,"AB") -> 0 | AY40: =AW40+AX40 -> 0 | AZ40: =AJ40+AR40+AY40 -> 0 | BA40: =SUM(AH40,AP40,AW40) -> 0 | BB40: =BA40/AZ40*100 -> #DIV/0! | BG40: =COUNTIF(BC40:BF40,"PR") -> 0 | BH40: =COUNTIF(BC40:BF40,"AB") -> 0 | BI40: =BG40+BH40 -> 0 | BO40: =COUNTIF(BJ40:BN40,"PR") -> 0 | BP40: =COUNTIF(BJ40:BN40,"AB") -> 0 | BQ40: =BO40+BP40 -> 0 | BV40: =COUNTIF(BR40:BU40,"PR") -> 0 | BW40: =COUNTIF(BR40:BU40,"AB") -> 0 | BX40: =BV40+BW40 -> 0 | BY40: =BI40+BQ40+BX40 -> 0 | BZ40: =SUM(BG40,BO40,BV40) -> 0 | CA40: =BZ40/BY40*100 -> #DIV/0! | CH40: =COUNTIF(CC40:CG40,"PR") -> 0 | CI40: =COUNTIF(CC40:CG40,"AB") -> 0 | CJ40: =CH40+CI40 -> 0 | CO40: =COUNTIF(CK40:CN40,"PR") -> 0 | CP40: =COUNTIF(CK40:CN40,"AB") -> 0 | CQ40: =CO40+CP40 -> 0 | CV40: =COUNTIF(CR40:CU40,"PR") -> 0 | CW40: =COUNTIF(CR40:CU40,"AB") -> 0 | CX40: =CV40+CW40 -> 0 | CY40: =CH40+CO40+CV40 -> 0 | CZ40: =SUM(CF40,#REF!,CT40) -> #REF! | DA40: =CZ40/CY40*100 -> #REF!
I41: =COUNTIF(D41:H41,"PR") -> 0 | J41: =COUNTIF(D41:H41,"AB") -> 0 | K41: =I41+J41 -> 0 | P41: =COUNTIF(L41:O41,"PR") -> 0 | Q41: =COUNTIF(L41:O41,"AB") -> 0 | R41: =P41+Q41 -> 0 | W41: =COUNTIF(S41:V41,"PR") -> 0 | X41: =COUNTIF(S41:V41,"AB") -> 0 | Y41: =W41+X41 -> 0 | Z41: =K41+R41+Y41 -> 0 | AA41: =SUM(I41,P41,W41) -> 0 | AB41: =AA41/Z41*100 -> #DIV/0! | AH41: =COUNTIF(AD41:AG41,"PR") -> 0 | AI41: =COUNTIF(AD41:AG41,"AB") -> 0 | AJ41: =AH41+AI41 -> 0 | AP41: =COUNTIF(AK41:AO41,"PR") -> 0 | AQ41: =COUNTIF(AK41:AO41,"AB") -> 0 | AR41: =AP41+AQ41 -> 0 | AW41: =COUNTIF(AS41:AV41,"PR") -> 0 | AX41: =COUNTIF(AS41:AV41,"AB") -> 0 | AY41: =AW41+AX41 -> 0 | AZ41: =AJ41+AR41+AY41 -> 0 | BA41: =SUM(AH41,AP41,AW41) -> 0 | BB41: =BA41/AZ41*100 -> #DIV/0! | BG41: =COUNTIF(BC41:BF41,"PR") -> 0 | BH41: =COUNTIF(BC41:BF41,"AB") -> 0 | BI41: =BG41+BH41 -> 0 | BO41: =COUNTIF(BJ41:BN41,"PR") -> 0 | BP41: =COUNTIF(BJ41:BN41,"AB") -> 0 | BQ41: =BO41+BP41 -> 0 | BV41: =COUNTIF(BR41:BU41,"PR") -> 0 | BW41: =COUNTIF(BR41:BU41,"AB") -> 0 | BX41: =BV41+BW41 -> 0 | BY41: =BI41+BQ41+BX41 -> 0 | BZ41: =SUM(BG41,BO41,BV41) -> 0 | CA41: =BZ41/BY41*100 -> #DIV/0! | CH41: =COUNTIF(CC41:CG41,"PR") -> 0 | CI41: =COUNTIF(CC41:CG41,"AB") -> 0 | CJ41: =CH41+CI41 -> 0 | CO41: =COUNTIF(CK41:CN41,"PR") -> 0 | CP41: =COUNTIF(CK41:CN41,"AB") -> 0 | CQ41: =CO41+CP41 -> 0 | CV41: =COUNTIF(CR41:CU41,"PR") -> 0 | CW41: =COUNTIF(CR41:CU41,"AB") -> 0 | CX41: =CV41+CW41 -> 0 | CY41: =CH41+CO41+CV41 -> 0 | CZ41: =SUM(CF41,#REF!,CT41) -> #REF! | DA41: =CZ41/CY41*100 -> #REF!
I42: =COUNTIF(D42:H42,"PR") -> 0 | J42: =COUNTIF(D42:H42,"AB") -> 0 | K42: =I42+J42 -> 0 | P42: =COUNTIF(L42:O42,"PR") -> 0 | Q42: =COUNTIF(L42:O42,"AB") -> 0 | R42: =P42+Q42 -> 0 | W42: =COUNTIF(S42:V42,"PR") -> 0 | X42: =COUNTIF(S42:V42,"AB") -> 0 | Y42: =W42+X42 -> 0 | Z42: =K42+R42+Y42 -> 0 | AA42: =SUM(I42,P42,W42) -> 0 | AB42: =AA42/Z42*100 -> #DIV/0! | AH42: =COUNTIF(AD42:AG42,"PR") -> 0 | AI42: =COUNTIF(AD42:AG42,"AB") -> 0 | AJ42: =AH42+AI42 -> 0 | AP42: =COUNTIF(AK42:AO42,"PR") -> 0 | AQ42: =COUNTIF(AK42:AO42,"AB") -> 0 | AR42: =AP42+AQ42 -> 0 | AW42: =COUNTIF(AS42:AV42,"PR") -> 0 | AX42: =COUNTIF(AS42:AV42,"AB") -> 0 | AY42: =AW42+AX42 -> 0 | AZ42: =AJ42+AR42+AY42 -> 0 | BA42: =SUM(AH42,AP42,AW42) -> 0 | BB42: =BA42/AZ42*100 -> #DIV/0! | BG42: =COUNTIF(BC42:BF42,"PR") -> 0 | BH42: =COUNTIF(BC42:BF42,"AB") -> 0 | BI42: =BG42+BH42 -> 0 | BO42: =COUNTIF(BJ42:BN42,"PR") -> 0 | BP42: =COUNTIF(BJ42:BN42,"AB") -> 0 | BQ42: =BO42+BP42 -> 0 | BV42: =COUNTIF(BR42:BU42,"PR") -> 0 | BW42: =COUNTIF(BR42:BU42,"AB") -> 0 | BX42: =BV42+BW42 -> 0 | BY42: =BI42+BQ42+BX42 -> 0 | BZ42: =SUM(BG42,BO42,BV42) -> 0 | CA42: =BZ42/BY42*100 -> #DIV/0! | CH42: =COUNTIF(CC42:CG42,"PR") -> 0 | CI42: =COUNTIF(CC42:CG42,"AB") -> 0 | CJ42: =CH42+CI42 -> 0 | CO42: =COUNTIF(CK42:CN42,"PR") -> 0 | CP42: =COUNTIF(CK42:CN42,"AB") -> 0 | CQ42: =CO42+CP42 -> 0 | CV42: =COUNTIF(CR42:CU42,"PR") -> 0 | CW42: =COUNTIF(CR42:CU42,"AB") -> 0 | CX42: =CV42+CW42 -> 0 | CY42: =CH42+CO42+CV42 -> 0 | CZ42: =SUM(CF42,#REF!,CT42) -> #REF! | DA42: =CZ42/CY42*100 -> #REF!
I43: =COUNTIF(D43:H43,"PR") -> 0 | J43: =COUNTIF(D43:H43,"AB") -> 0 | K43: =I43+J43 -> 0 | P43: =COUNTIF(L43:O43,"PR") -> 0 | Q43: =COUNTIF(L43:O43,"AB") -> 0 | R43: =P43+Q43 -> 0 | W43: =COUNTIF(S43:V43,"PR") -> 0 | X43: =COUNTIF(S43:V43,"AB") -> 0 | Y43: =W43+X43 -> 0 | Z43: =K43+R43+Y43 -> 0 | AA43: =SUM(I43,P43,W43) -> 0 | AB43: =AA43/Z43*100 -> #DIV/0! | AH43: =COUNTIF(AD43:AG43,"PR") -> 0 | AI43: =COUNTIF(AD43:AG43,"AB") -> 0 | AJ43: =AH43+AI43 -> 0 | AP43: =COUNTIF(AK43:AO43,"PR") -> 0 | AQ43: =COUNTIF(AK43:AO43,"AB") -> 0 | AR43: =AP43+AQ43 -> 0 | AW43: =COUNTIF(AS43:AV43,"PR") -> 0 | AX43: =COUNTIF(AS43:AV43,"AB") -> 0 | AY43: =AW43+AX43 -> 0 | AZ43: =AJ43+AR43+AY43 -> 0 | BA43: =SUM(AH43,AP43,AW43) -> 0 | BB43: =BA43/AZ43*100 -> #DIV/0! | BG43: =COUNTIF(BC43:BF43,"PR") -> 0 | BH43: =COUNTIF(BC43:BF43,"AB") -> 0 | BI43: =BG43+BH43 -> 0 | BO43: =COUNTIF(BJ43:BN43,"PR") -> 0 | BP43: =COUNTIF(BJ43:BN43,"AB") -> 0 | BQ43: =BO43+BP43 -> 0 | BV43: =COUNTIF(BR43:BU43,"PR") -> 0 | BW43: =COUNTIF(BR43:BU43,"AB") -> 0 | BX43: =BV43+BW43 -> 0 | BY43: =BI43+BQ43+BX43 -> 0 | BZ43: =SUM(BG43,BO43,BV43) -> 0 | CA43: =BZ43/BY43*100 -> #DIV/0! | CH43: =COUNTIF(CC43:CG43,"PR") -> 0 | CI43: =COUNTIF(CC43:CG43,"AB") -> 0 | CJ43: =CH43+CI43 -> 0 | CO43: =COUNTIF(CK43:CN43,"PR") -> 0 | CP43: =COUNTIF(CK43:CN43,"AB") -> 0 | CQ43: =CO43+CP43 -> 0 | CV43: =COUNTIF(CR43:CU43,"PR") -> 0 | CW43: =COUNTIF(CR43:CU43,"AB") -> 0 | CX43: =CV43+CW43 -> 0 | CY43: =CH43+CO43+CV43 -> 0 | CZ43: =SUM(CF43,#REF!,CT43) -> #REF! | DA43: =CZ43/CY43*100 -> #REF!
I44: =COUNTIF(D44:H44,"PR") -> 0 | J44: =COUNTIF(D44:H44,"AB") -> 0 | K44: =I44+J44 -> 0 | P44: =COUNTIF(L44:O44,"PR") -> 0 | Q44: =COUNTIF(L44:O44,"AB") -> 0 | R44: =P44+Q44 -> 0 | W44: =COUNTIF(S44:V44,"PR") -> 0 | X44: =COUNTIF(S44:V44,"AB") -> 0 | Y44: =W44+X44 -> 0 | Z44: =K44+R44+Y44 -> 0 | AA44: =SUM(I44,P44,W44) -> 0 | AB44: =AA44/Z44*100 -> #DIV/0! | AH44: =COUNTIF(AD44:AG44,"PR") -> 0 | AI44: =COUNTIF(AD44:AG44,"AB") -> 0 | AJ44: =AH44+AI44 -> 0 | AP44: =COUNTIF(AK44:AO44,"PR") -> 0 | AQ44: =COUNTIF(AK44:AO44,"AB") -> 0 | AR44: =AP44+AQ44 -> 0 | AW44: =COUNTIF(AS44:AV44,"PR") -> 0 | AX44: =COUNTIF(AS44:AV44,"AB") -> 0 | AY44: =AW44+AX44 -> 0 | AZ44: =AJ44+AR44+AY44 -> 0 | BA44: =SUM(AH44,AP44,AW44) -> 0 | BB44: =BA44/AZ44*100 -> #DIV/0! | BG44: =COUNTIF(BC44:BF44,"PR") -> 0 | BH44: =COUNTIF(BC44:BF44,"AB") -> 0 | BI44: =BG44+BH44 -> 0 | BO44: =COUNTIF(BJ44:BN44,"PR") -> 0 | BP44: =COUNTIF(BJ44:BN44,"AB") -> 0 | BQ44: =BO44+BP44 -> 0 | BV44: =COUNTIF(BR44:BU44,"PR") -> 0 | BW44: =COUNTIF(BR44:BU44,"AB") -> 0 | BX44: =BV44+BW44 -> 0 | BY44: =BI44+BQ44+BX44 -> 0 | BZ44: =SUM(BG44,BO44,BV44) -> 0 | CA44: =BZ44/BY44*100 -> #DIV/0! | CH44: =COUNTIF(CC44:CG44,"PR") -> 0 | CI44: =COUNTIF(CC44:CG44,"AB") -> 0 | CJ44: =CH44+CI44 -> 0 | CO44: =COUNTIF(CK44:CN44,"PR") -> 0 | CP44: =COUNTIF(CK44:CN44,"AB") -> 0 | CQ44: =CO44+CP44 -> 0 | CV44: =COUNTIF(CR44:CU44,"PR") -> 0 | CW44: =COUNTIF(CR44:CU44,"AB") -> 0 | CX44: =CV44+CW44 -> 0 | CY44: =CH44+CO44+CV44 -> 0 | CZ44: =SUM(CF44,#REF!,CT44) -> #REF! | DA44: =CZ44/CY44*100 -> #REF!
I45: =COUNTIF(D45:H45,"PR") -> 0 | J45: =COUNTIF(D45:H45,"AB") -> 0 | K45: =I45+J45 -> 0 | P45: =COUNTIF(L45:O45,"PR") -> 0 | Q45: =COUNTIF(L45:O45,"AB") -> 0 | R45: =P45+Q45 -> 0 | W45: =COUNTIF(S45:V45,"PR") -> 0 | X45: =COUNTIF(S45:V45,"AB") -> 0 | Y45: =W45+X45 -> 0 | Z45: =K45+R45+Y45 -> 0 | AA45: =SUM(I45,P45,W45) -> 0 | AB45: =AA45/Z45*100 -> #DIV/0! | AH45: =COUNTIF(AD45:AG45,"PR") -> 0 | AI45: =COUNTIF(AD45:AG45,"AB") -> 0 | AJ45: =AH45+AI45 -> 0 | AP45: =COUNTIF(AK45:AO45,"PR") -> 0 | AQ45: =COUNTIF(AK45:AO45,"AB") -> 0 | AR45: =AP45+AQ45 -> 0 | AW45: =COUNTIF(AS45:AV45,"PR") -> 0 | AX45: =COUNTIF(AS45:AV45,"AB") -> 0 | AY45: =AW45+AX45 -> 0 | AZ45: =AJ45+AR45+AY45 -> 0 | BA45: =SUM(AH45,AP45,AW45) -> 0 | BB45: =BA45/AZ45*100 -> #DIV/0! | BG45: =COUNTIF(BC45:BF45,"PR") -> 0 | BH45: =COUNTIF(BC45:BF45,"AB") -> 0 | BI45: =BG45+BH45 -> 0 | BO45: =COUNTIF(BJ45:BN45,"PR") -> 0 | BP45: =COUNTIF(BJ45:BN45,"AB") -> 0 | BQ45: =BO45+BP45 -> 0 | BV45: =COUNTIF(BR45:BU45,"PR") -> 0 | BW45: =COUNTIF(BR45:BU45,"AB") -> 0 | BX45: =BV45+BW45 -> 0 | BY45: =BI45+BQ45+BX45 -> 0 | BZ45: =SUM(BG45,BO45,BV45) -> 0 | CA45: =BZ45/BY45*100 -> #DIV/0! | CH45: =COUNTIF(CC45:CG45,"PR") -> 0 | CI45: =COUNTIF(CC45:CG45,"AB") -> 0 | CJ45: =CH45+CI45 -> 0 | CO45: =COUNTIF(CK45:CN45,"PR") -> 0 | CP45: =COUNTIF(CK45:CN45,"AB") -> 0 | CQ45: =CO45+CP45 -> 0 | CV45: =COUNTIF(CR45:CU45,"PR") -> 0 | CW45: =COUNTIF(CR45:CU45,"AB") -> 0 | CX45: =CV45+CW45 -> 0 | CY45: =CH45+CO45+CV45 -> 0 | CZ45: =SUM(CF45,#REF!,CT45) -> #REF! | DA45: =CZ45/CY45*100 -> #REF!
I46: =COUNTIF(D46:H46,"PR") -> 0 | J46: =COUNTIF(D46:H46,"AB") -> 0 | K46: =I46+J46 -> 0 | P46: =COUNTIF(L46:O46,"PR") -> 0 | Q46: =COUNTIF(L46:O46,"AB") -> 0 | R46: =P46+Q46 -> 0 | W46: =COUNTIF(S46:V46,"PR") -> 0 | X46: =COUNTIF(S46:V46,"AB") -> 0 | Y46: =W46+X46 -> 0 | Z46: =K46+R46+Y46 -> 0 | AA46: =SUM(I46,P46,W46) -> 0 | AB46: =AA46/Z46*100 -> #DIV/0! | AH46: =COUNTIF(AD46:AG46,"PR") -> 0 | AI46: =COUNTIF(AD46:AG46,"AB") -> 0 | AJ46: =AH46+AI46 -> 0 | AP46: =COUNTIF(AK46:AO46,"PR") -> 0 | AQ46: =COUNTIF(AK46:AO46,"AB") -> 0 | AR46: =AP46+AQ46 -> 0 | AW46: =COUNTIF(AS46:AV46,"PR") -> 0 | AX46: =COUNTIF(AS46:AV46,"AB") -> 0 | AY46: =AW46+AX46 -> 0 | AZ46: =AJ46+AR46+AY46 -> 0 | BA46: =SUM(AH46,AP46,AW46) -> 0 | BB46: =BA46/AZ46*100 -> #DIV/0! | BG46: =COUNTIF(BC46:BF46,"PR") -> 0 | BH46: =COUNTIF(BC46:BF46,"AB") -> 0 | BI46: =BG46+BH46 -> 0 | BO46: =COUNTIF(BJ46:BN46,"PR") -> 0 | BP46: =COUNTIF(BJ46:BN46,"AB") -> 0 | BQ46: =BO46+BP46 -> 0 | BV46: =COUNTIF(BR46:BU46,"PR") -> 0 | BW46: =COUNTIF(BR46:BU46,"AB") -> 0 | BX46: =BV46+BW46 -> 0 | BY46: =BI46+BQ46+BX46 -> 0 | BZ46: =SUM(BG46,BO46,BV46) -> 0 | CA46: =BZ46/BY46*100 -> #DIV/0! | CH46: =COUNTIF(CC46:CG46,"PR") -> 0 | CI46: =COUNTIF(CC46:CG46,"AB") -> 0 | CJ46: =CH46+CI46 -> 0 | CO46: =COUNTIF(CK46:CN46,"PR") -> 0 | CP46: =COUNTIF(CK46:CN46,"AB") -> 0 | CQ46: =CO46+CP46 -> 0 | CV46: =COUNTIF(CR46:CU46,"PR") -> 0 | CW46: =COUNTIF(CR46:CU46,"AB") -> 0 | CX46: =CV46+CW46 -> 0 | CY46: =CH46+CO46+CV46 -> 0 | CZ46: =SUM(CF46,#REF!,CT46) -> #REF! | DA46: =CZ46/CY46*100 -> #REF!
I47: =COUNTIF(D47:H47,"PR") -> 0 | J47: =COUNTIF(D47:H47,"AB") -> 0 | K47: =I47+J47 -> 0 | P47: =COUNTIF(L47:O47,"PR") -> 0 | Q47: =COUNTIF(L47:O47,"AB") -> 0 | R47: =P47+Q47 -> 0 | W47: =COUNTIF(S47:V47,"PR") -> 0 | X47: =COUNTIF(S47:V47,"AB") -> 0 | Y47: =W47+X47 -> 0 | Z47: =K47+R47+Y47 -> 0 | AA47: =SUM(I47,P47,W47) -> 0 | AB47: =AA47/Z47*100 -> #DIV/0! | AH47: =COUNTIF(AD47:AG47,"PR") -> 0 | AI47: =COUNTIF(AD47:AG47,"AB") -> 0 | AJ47: =AH47+AI47 -> 0 | AP47: =COUNTIF(AK47:AO47,"PR") -> 0 | AQ47: =COUNTIF(AK47:AO47,"AB") -> 0 | AR47: =AP47+AQ47 -> 0 | AW47: =COUNTIF(AS47:AV47,"PR") -> 0 | AX47: =COUNTIF(AS47:AV47,"AB") -> 0 | AY47: =AW47+AX47 -> 0 | AZ47: =AJ47+AR47+AY47 -> 0 | BA47: =SUM(AH47,AP47,AW47) -> 0 | BB47: =BA47/AZ47*100 -> #DIV/0! | BG47: =COUNTIF(BC47:BF47,"PR") -> 0 | BH47: =COUNTIF(BC47:BF47,"AB") -> 0 | BI47: =BG47+BH47 -> 0 | BO47: =COUNTIF(BJ47:BN47,"PR") -> 0 | BP47: =COUNTIF(BJ47:BN47,"AB") -> 0 | BQ47: =BO47+BP47 -> 0 | BV47: =COUNTIF(BR47:BU47,"PR") -> 0 | BW47: =COUNTIF(BR47:BU47,"AB") -> 0 | BX47: =BV47+BW47 -> 0 | BY47: =BI47+BQ47+BX47 -> 0 | BZ47: =SUM(BG47,BO47,BV47) -> 0 | CA47: =BZ47/BY47*100 -> #DIV/0! | CH47: =COUNTIF(CC47:CG47,"PR") -> 0 | CI47: =COUNTIF(CC47:CG47,"AB") -> 0 | CJ47: =CH47+CI47 -> 0 | CO47: =COUNTIF(CK47:CN47,"PR") -> 0 | CP47: =COUNTIF(CK47:CN47,"AB") -> 0 | CQ47: =CO47+CP47 -> 0 | CV47: =COUNTIF(CR47:CU47,"PR") -> 0 | CW47: =COUNTIF(CR47:CU47,"AB") -> 0 | CX47: =CV47+CW47 -> 0 | CY47: =CH47+CO47+CV47 -> 0 | CZ47: =SUM(CF47,#REF!,CT47) -> #REF! | DA47: =CZ47/CY47*100 -> #REF!
I48: =COUNTIF(D48:H48,"PR") -> 0 | J48: =COUNTIF(D48:H48,"AB") -> 0 | K48: =I48+J48 -> 0 | P48: =COUNTIF(L48:O48,"PR") -> 0 | Q48: =COUNTIF(L48:O48,"AB") -> 0 | R48: =P48+Q48 -> 0 | W48: =COUNTIF(S48:V48,"PR") -> 0 | X48: =COUNTIF(S48:V48,"AB") -> 0 | Y48: =W48+X48 -> 0 | Z48: =K48+R48+Y48 -> 0 | AA48: =SUM(I48,P48,W48) -> 0 | AB48: =AA48/Z48*100 -> #DIV/0! | AH48: =COUNTIF(AD48:AG48,"PR") -> 0 | AI48: =COUNTIF(AD48:AG48,"AB") -> 0 | AJ48: =AH48+AI48 -> 0 | AP48: =COUNTIF(AK48:AO48,"PR") -> 0 | AQ48: =COUNTIF(AK48:AO48,"AB") -> 0 | AR48: =AP48+AQ48 -> 0 | AW48: =COUNTIF(AS48:AV48,"PR") -> 0 | AX48: =COUNTIF(AS48:AV48,"AB") -> 0 | AY48: =AW48+AX48 -> 0 | AZ48: =AJ48+AR48+AY48 -> 0 | BA48: =SUM(AH48,AP48,AW48) -> 0 | BB48: =BA48/AZ48*100 -> #DIV/0! | BG48: =COUNTIF(BC48:BF48,"PR") -> 0 | BH48: =COUNTIF(BC48:BF48,"AB") -> 0 | BI48: =BG48+BH48 -> 0 | BO48: =COUNTIF(BJ48:BN48,"PR") -> 0 | BP48: =COUNTIF(BJ48:BN48,"AB") -> 0 | BQ48: =BO48+BP48 -> 0 | BV48: =COUNTIF(BR48:BU48,"PR") -> 0 | BW48: =COUNTIF(BR48:BU48,"AB") -> 0 | BX48: =BV48+BW48 -> 0 | BY48: =BI48+BQ48+BX48 -> 0 | BZ48: =SUM(BG48,BO48,BV48) -> 0 | CA48: =BZ48/BY48*100 -> #DIV/0! | CH48: =COUNTIF(CC48:CG48,"PR") -> 0 | CI48: =COUNTIF(CC48:CG48,"AB") -> 0 | CJ48: =CH48+CI48 -> 0 | CO48: =COUNTIF(CK48:CN48,"PR") -> 0 | CP48: =COUNTIF(CK48:CN48,"AB") -> 0 | CQ48: =CO48+CP48 -> 0 | CV48: =COUNTIF(CR48:CU48,"PR") -> 0 | CW48: =COUNTIF(CR48:CU48,"AB") -> 0 | CX48: =CV48+CW48 -> 0 | CY48: =CH48+CO48+CV48 -> 0 | CZ48: =SUM(CF48,#REF!,CT48) -> #REF! | DA48: =CZ48/CY48*100 -> #REF!
I49: =COUNTIF(D49:H49,"PR") -> 0 | J49: =COUNTIF(D49:H49,"AB") -> 0 | K49: =I49+J49 -> 0 | P49: =COUNTIF(L49:O49,"PR") -> 0 | Q49: =COUNTIF(L49:O49,"AB") -> 0 | R49: =P49+Q49 -> 0 | W49: =COUNTIF(S49:V49,"PR") -> 0 | X49: =COUNTIF(S49:V49,"AB") -> 0 | Y49: =W49+X49 -> 0 | Z49: =K49+R49+Y49 -> 0 | AA49: =SUM(I49,P49,W49) -> 0 | AB49: =AA49/Z49*100 -> #DIV/0! | AH49: =COUNTIF(AD49:AG49,"PR") -> 0 | AI49: =COUNTIF(AD49:AG49,"AB") -> 0 | AJ49: =AH49+AI49 -> 0 | AP49: =COUNTIF(AK49:AO49,"PR") -> 0 | AQ49: =COUNTIF(AK49:AO49,"AB") -> 0 | AR49: =AP49+AQ49 -> 0 | AW49: =COUNTIF(AS49:AV49,"PR") -> 0 | AX49: =COUNTIF(AS49:AV49,"AB") -> 0 | AY49: =AW49+AX49 -> 0 | AZ49: =AJ49+AR49+AY49 -> 0 | BA49: =SUM(AH49,AP49,AW49) -> 0 | BB49: =BA49/AZ49*100 -> #DIV/0! | BG49: =COUNTIF(BC49:BF49,"PR") -> 0 | BH49: =COUNTIF(BC49:BF49,"AB") -> 0 | BI49: =BG49+BH49 -> 0 | BO49: =COUNTIF(BJ49:BN49,"PR") -> 0 | BP49: =COUNTIF(BJ49:BN49,"AB") -> 0 | BQ49: =BO49+BP49 -> 0 | BV49: =COUNTIF(BR49:BU49,"PR") -> 0 | BW49: =COUNTIF(BR49:BU49,"AB") -> 0 | BX49: =BV49+BW49 -> 0 | BY49: =BI49+BQ49+BX49 -> 0 | BZ49: =SUM(BG49,BO49,BV49) -> 0 | CA49: =BZ49/BY49*100 -> #DIV/0! | CH49: =COUNTIF(CC49:CG49,"PR") -> 0 | CI49: =COUNTIF(CC49:CG49,"AB") -> 0 | CJ49: =CH49+CI49 -> 0 | CO49: =COUNTIF(CK49:CN49,"PR") -> 0 | CP49: =COUNTIF(CK49:CN49,"AB") -> 0 | CQ49: =CO49+CP49 -> 0 | CV49: =COUNTIF(CR49:CU49,"PR") -> 0 | CW49: =COUNTIF(CR49:CU49,"AB") -> 0 | CX49: =CV49+CW49 -> 0 | CY49: =CH49+CO49+CV49 -> 0 | CZ49: =SUM(CF49,#REF!,CT49) -> #REF! | DA49: =CZ49/CY49*100 -> #REF!
... I137: =COUNTIF(D137:H137,"PR") -> 0 | J137: =COUNTIF(D137:H137,"AB") -> 0 | K137: =I137+J137 -> 0 | P137: =COUNTIF(L137:O137,"PR") -> 0 | Q137: =COUNTIF(L137:O137,"AB") -> 0 | R137: =P137+Q137 -> 0 | W137: =COUNTIF(S137:V137,"PR") -> 0 | X137: =COUNTIF(S137:V137,"AB") -> 0 | Y137: =W137+X137 -> 0 | Z137: =K137+R137+Y137 -> 0 | AA137: =SUM(I137,P137,W137) -> 0 | AB137: =AA137/Z137*100 -> #DIV/0! | AH137: =COUNTIF(AD137:AG137,"PR") -> 0 | AI137: =COUNTIF(AD137:AG137,"AB") -> 0 | AJ137: =AH137+AI137 -> 0 | AP137: =COUNTIF(AK137:AO137,"PR") -> 0 | AQ137: =COUNTIF(AK137:AO137,"AB") -> 0 | AR137: =AP137+AQ137 -> 0 | AW137: =COUNTIF(AS137:AV137,"PR") -> 0 | AX137: =COUNTIF(AS137:AV137,"AB") -> 0 | AY137: =AW137+AX137 -> 0 | AZ137: =AJ137+AR137+AY137 -> 0 | BA137: =SUM(AH137,AP137,AW137) -> 0 | BB137: =BA137/AZ137*100 -> #DIV/0! | BG137: =COUNTIF(BC137:BF137,"PR") -> 0 | BH137: =COUNTIF(BC137:BF137,"AB") -> 0 | BI137: =BG137+BH137 -> 0 | BO137: =COUNTIF(BJ137:BN137,"PR") -> 0 | BP137: =COUNTIF(BJ137:BN137,"AB") -> 0 | BQ137: =BO137+BP137 -> 0 | BV137: =COUNTIF(BR137:BU137,"PR") -> 0 | BW137: =COUNTIF(BR137:BU137,"AB") -> 0 | BX137: =BV137+BW137 -> 0 | BY137: =BI137+BQ137+BX137 -> 0 | BZ137: =SUM(BG137,BO137,BV137) -> 0 | CA137: =BZ137/BY137*100 -> #DIV/0! | CH137: =COUNTIF(CC137:CG137,"PR") -> 0 | CI137: =COUNTIF(CC137:CG137,"AB") -> 0 | CJ137: =CH137+CI137 -> 0 | CO137: =COUNTIF(CK137:CN137,"PR") -> 0 | CP137: =COUNTIF(CK137:CN137,"AB") -> 0 | CQ137: =CO137+CP137 -> 0 | CV137: =COUNTIF(CR137:CU137,"PR") -> 0 | CW137: =COUNTIF(CR137:CU137,"AB") -> 0 | CX137: =CV137+CW137 -> 0 | CY137: =CH137+CO137+CV137 -> 0 | CZ137: =SUM(CF137,#REF!,CT137) -> #REF! | DA137: =CZ137/CY137*100 -> #REF!
I138: =SUM(I38:I137) -> 0 | K138: =SUM(K38:K137) -> 0 | P138: =SUM(P38:P137) -> 0 | R138: =SUM(R38:R137) -> 0 | W138: =SUM(W38:W137) -> 0 | X138: =SUM(X38:X137) -> 0 | Y138: =SUM(Y38:Y137) -> 0 | Z138: =SUM(Z122:Z137) -> 0 | AH138: =SUM(AH38:AH137) -> 0 | AJ138: =SUM(AJ38:AJ137) -> 0 | AP138: =SUM(AP38:AP137) -> 0 | AR138: =SUM(AR38:AR137) -> 0 | AW138: =SUM(AW38:AW137) -> 0 | AY138: =SUM(AY38:AY137) -> 0 | AZ138: =SUM(AZ122:AZ137) -> 0 | BG138: =SUM(BG38:BG137) -> 0 | BI138: =SUM(BI38:BI137) -> 0 | BO138: =SUM(BO38:BO137) -> 0 | BQ138: =SUM(BQ38:BQ137) -> 0 | BV138: =SUM(BV38:BV137) -> 0 | BX138: =SUM(BX38:BX137) -> 0 | BY138: =SUM(BY122:BY137) -> 0 | CH138: =SUM(CH38:CH137) -> 0 | CJ138: =SUM(CJ38:CJ137) -> 0 | CO138: =SUM(CO38:CO137) -> 0 | CQ138: =SUM(CQ38:CQ137) -> 0 | CV138: =SUM(CV38:CV137) -> 0 | CX138: =SUM(CX38:CX137) -> 0 | CY138: =SUM(CY122:CY137) -> 0
B139: Inconsistent
I140: =COUNTIF(D140:H140,"PR") -> 0 | J140: =COUNTIF(D140:H140,"AB") -> 0 | K140: =I140+J140 -> 0 | P140: =COUNTIF(L140:O140,"PR") -> 0 | Q140: =COUNTIF(L140:O140,"AB") -> 0 | R140: =P140+Q140 -> 0 | W140: =COUNTIF(S140:V140,"PR") -> 0 | X140: =COUNTIF(S140:V140,"AB") -> 0 | Y140: =W140+X140 -> 0 | Z140: =K140+R140+Y140 -> 0 | AA140: =SUM(I140,P140,W140) -> 0 | AB140: =AA140/Z140*100 -> #DIV/0! | AH140: =COUNTIF(AD140:AG140,"PR") -> 0 | AI140: =COUNTIF(AD140:AG140,"AB") -> 0 | AJ140: =AH140+AI140 -> 0 | AP140: =COUNTIF(AK140:AO140,"PR") -> 0 | AQ140: =COUNTIF(AK140:AO140,"AB") -> 0 | AR140: =AP140+AQ140 -> 0 | AW140: =COUNTIF(AS140:AV140,"PR") -> 0 | AX140: =COUNTIF(AS140:AV140,"AB") -> 0 | AY140: =AW140+AX140 -> 0 | AZ140: =AJ140+AR140+AY140 -> 0 | BA140: =SUM(AH140,AP140,AW140) -> 0 | BB140: =BA140/AZ140*100 -> #DIV/0! | BG140: =COUNTIF(BC140:BF140,"PR") -> 0 | BH140: =COUNTIF(BC140:BF140,"AB") -> 0 | BI140: =BG140+BH140 -> 0 | BO140: =COUNTIF(BJ140:BN140,"PR") -> 0 | BP140: =COUNTIF(BJ140:BN140,"AB") -> 0 | BQ140: =BO140+BP140 -> 0 | BV140: =COUNTIF(BR140:BU140,"PR") -> 0 | BW140: =COUNTIF(BR140:BU140,"AB") -> 0 | BX140: =BV140+BW140 -> 0 | BY140: =BI140+BQ140+BX140 -> 0 | BZ140: =SUM(BG140,BO140,BV140) -> 0 | CA140: =BZ140/BY140*100 -> #DIV/0! | CH140: =COUNTIF(CC140:CG140,"PR") -> 0 | CI140: =COUNTIF(CC140:CG140,"AB") -> 0 | CJ140: =CH140+CI140 -> 0 | CO140: =COUNTIF(CK140:CN140,"PR") -> 0 | CP140: =COUNTIF(CK140:CN140,"AB") -> 0 | CQ140: =CO140+CP140 -> 0 | CV140: =COUNTIF(CR140:CU140,"PR") -> 0 | CW140: =COUNTIF(CR140:CU140,"AB") -> 0 | CX140: =CV140+CW140 -> 0 | CY140: =CH140+CO140+CV140 -> 0 | CZ140: =SUM(CF140,#REF!,CT140) -> #REF! | DA140: =CZ140/CY140*100 -> #REF!
I141: =COUNTIF(D141:H141,"PR") -> 0 | J141: =COUNTIF(D141:H141,"AB") -> 0 | K141: =I141+J141 -> 0 | P141: =COUNTIF(L141:O141,"PR") -> 0 | Q141: =COUNTIF(L141:O141,"AB") -> 0 | R141: =P141+Q141 -> 0 | W141: =COUNTIF(S141:V141,"PR") -> 0 | X141: =COUNTIF(S141:V141,"AB") -> 0 | Y141: =W141+X141 -> 0 | Z141: =K141+R141+Y141 -> 0 | AA141: =SUM(I141,P141,W141) -> 0 | AB141: =AA141/Z141*100 -> #DIV/0! | AH141: =COUNTIF(AD141:AG141,"PR") -> 0 | AI141: =COUNTIF(AD141:AG141,"AB") -> 0 | AJ141: =AH141+AI141 -> 0 | AP141: =COUNTIF(AK141:AO141,"PR") -> 0 | AQ141: =COUNTIF(AK141:AO141,"AB") -> 0 | AR141: =AP141+AQ141 -> 0 | AW141: =COUNTIF(AS141:AV141,"PR") -> 0 | AX141: =COUNTIF(AS141:AV141,"AB") -> 0 | AY141: =AW141+AX141 -> 0 | AZ141: =AJ141+AR141+AY141 -> 0 | BA141: =SUM(AH141,AP141,AW141) -> 0 | BB141: =BA141/AZ141*100 -> #DIV/0! | BG141: =COUNTIF(BC141:BF141,"PR") -> 0 | BH141: =COUNTIF(BC141:BF141,"AB") -> 0 | BI141: =BG141+BH141 -> 0 | BO141: =COUNTIF(BJ141:BN141,"PR") -> 0 | BP141: =COUNTIF(BJ141:BN141,"AB") -> 0 | BQ141: =BO141+BP141 -> 0 | BV141: =COUNTIF(BR141:BU141,"PR") -> 0 | BW141: =COUNTIF(BR141:BU141,"AB") -> 0 | BX141: =BV141+BW141 -> 0 | BY141: =BI141+BQ141+BX141 -> 0 | BZ141: =SUM(BG141,BO141,BV141) -> 0 | CA141: =BZ141/BY141*100 -> #DIV/0! | CH141: =COUNTIF(CC141:CG141,"PR") -> 0 | CI141: =COUNTIF(CC141:CG141,"AB") -> 0 | CJ141: =CH141+CI141 -> 0 | CO141: =COUNTIF(CK141:CN141,"PR") -> 0 | CP141: =COUNTIF(CK141:CN141,"AB") -> 0 | CQ141: =CO141+CP141 -> 0 | CV141: =COUNTIF(CR141:CU141,"PR") -> 0 | CW141: =COUNTIF(CR141:CU141,"AB") -> 0 | CX141: =CV141+CW141 -> 0 | CY141: =CH141+CO141+CV141 -> 0 | CZ141: =SUM(CF141,#REF!,CT141) -> #REF! | DA141: =CZ141/CY141*100 -> #REF!
I142: =COUNTIF(D142:H142,"PR") -> 0 | J142: =COUNTIF(D142:H142,"AB") -> 0 | K142: =I142+J142 -> 0 | P142: =COUNTIF(L142:O142,"PR") -> 0 | Q142: =COUNTIF(L142:O142,"AB") -> 0 | R142: =P142+Q142 -> 0 | W142: =COUNTIF(S142:V142,"PR") -> 0 | X142: =COUNTIF(S142:V142,"AB") -> 0 | Y142: =W142+X142 -> 0 | Z142: =K142+R142+Y142 -> 0 | AA142: =SUM(I142,P142,W142) -> 0 | AB142: =AA142/Z142*100 -> #DIV/0! | AH142: =COUNTIF(AD142:AG142,"PR") -> 0 | AI142: =COUNTIF(AD142:AG142,"AB") -> 0 | AJ142: =AH142+AI142 -> 0 | AP142: =COUNTIF(AK142:AO142,"PR") -> 0 | AQ142: =COUNTIF(AK142:AO142,"AB") -> 0 | AR142: =AP142+AQ142 -> 0 | AW142: =COUNTIF(AS142:AV142,"PR") -> 0 | AX142: =COUNTIF(AS142:AV142,"AB") -> 0 | AY142: =AW142+AX142 -> 0 | AZ142: =AJ142+AR142+AY142 -> 0 | BA142: =SUM(AH142,AP142,AW142) -> 0 | BB142: =BA142/AZ142*100 -> #DIV/0! | BG142: =COUNTIF(BC142:BF142,"PR") -> 0 | BH142: =COUNTIF(BC142:BF142,"AB") -> 0 | BI142: =BG142+BH142 -> 0 | BO142: =COUNTIF(BJ142:BN142,"PR") -> 0 | BP142: =COUNTIF(BJ142:BN142,"AB") -> 0 | BQ142: =BO142+BP142 -> 0 | BV142: =COUNTIF(BR142:BU142,"PR") -> 0 | BW142: =COUNTIF(BR142:BU142,"AB") -> 0 | BX142: =BV142+BW142 -> 0 | BY142: =BI142+BQ142+BX142 -> 0 | BZ142: =SUM(BG142,BO142,BV142) -> 0 | CA142: =BZ142/BY142*100 -> #DIV/0! | CH142: =COUNTIF(CC142:CG142,"PR") -> 0 | CI142: =COUNTIF(CC142:CG142,"AB") -> 0 | CJ142: =CH142+CI142 -> 0 | CO142: =COUNTIF(CK142:CN142,"PR") -> 0 | CP142: =COUNTIF(CK142:CN142,"AB") -> 0 | CQ142: =CO142+CP142 -> 0 | CV142: =COUNTIF(CR142:CU142,"PR") -> 0 | CW142: =COUNTIF(CR142:CU142,"AB") -> 0 | CX142: =CV142+CW142 -> 0 | CY142: =CH142+CO142+CV142 -> 0 | CZ142: =SUM(CF142,#REF!,CT142) -> #REF! | DA142: =CZ142/CY142*100 -> #REF!
I143: =COUNTIF(D143:H143,"PR") -> 0 | J143: =COUNTIF(D143:H143,"AB") -> 0 | K143: =I143+J143 -> 0 | P143: =COUNTIF(L143:O143,"PR") -> 0 | Q143: =COUNTIF(L143:O143,"AB") -> 0 | R143: =P143+Q143 -> 0 | W143: =COUNTIF(S143:V143,"PR") -> 0 | X143: =COUNTIF(S143:V143,"AB") -> 0 | Y143: =W143+X143 -> 0 | Z143: =K143+R143+Y143 -> 0 | AA143: =SUM(I143,P143,W143) -> 0 | AB143: =AA143/Z143*100 -> #DIV/0! | AH143: =COUNTIF(AD143:AG143,"PR") -> 0 | AI143: =COUNTIF(AD143:AG143,"AB") -> 0 | AJ143: =AH143+AI143 -> 0 | AP143: =COUNTIF(AK143:AO143,"PR") -> 0 | AQ143: =COUNTIF(AK143:AO143,"AB") -> 0 | AR143: =AP143+AQ143 -> 0 | AW143: =COUNTIF(AS143:AV143,"PR") -> 0 | AX143: =COUNTIF(AS143:AV143,"AB") -> 0 | AY143: =AW143+AX143 -> 0 | AZ143: =AJ143+AR143+AY143 -> 0 | BA143: =SUM(AH143,AP143,AW143) -> 0 | BB143: =BA143/AZ143*100 -> #DIV/0! | BG143: =COUNTIF(BC143:BF143,"PR") -> 0 | BH143: =COUNTIF(BC143:BF143,"AB") -> 0 | BI143: =BG143+BH143 -> 0 | BO143: =COUNTIF(BJ143:BN143,"PR") -> 0 | BP143: =COUNTIF(BJ143:BN143,"AB") -> 0 | BQ143: =BO143+BP143 -> 0 | BV143: =COUNTIF(BR143:BU143,"PR") -> 0 | BW143: =COUNTIF(BR143:BU143,"AB") -> 0 | BX143: =BV143+BW143 -> 0 | BY143: =BI143+BQ143+BX143 -> 0 | BZ143: =SUM(BG143,BO143,BV143) -> 0 | CA143: =BZ143/BY143*100 -> #DIV/0! | CH143: =COUNTIF(CC143:CG143,"PR") -> 0 | CI143: =COUNTIF(CC143:CG143,"AB") -> 0 | CJ143: =CH143+CI143 -> 0 | CO143: =COUNTIF(CK143:CN143,"PR") -> 0 | CP143: =COUNTIF(CK143:CN143,"AB") -> 0 | CQ143: =CO143+CP143 -> 0 | CV143: =COUNTIF(CR143:CU143,"PR") -> 0 | CW143: =COUNTIF(CR143:CU143,"AB") -> 0 | CX143: =CV143+CW143 -> 0 | CY143: =CH143+CO143+CV143 -> 0 | CZ143: =SUM(CF143,#REF!,CT143) -> #REF! | DA143: =CZ143/CY143*100 -> #REF!
I144: =COUNTIF(D144:H144,"PR") -> 0 | J144: =COUNTIF(D144:H144,"AB") -> 0 | K144: =I144+J144 -> 0 | P144: =COUNTIF(L144:O144,"PR") -> 0 | Q144: =COUNTIF(L144:O144,"AB") -> 0 | R144: =P144+Q144 -> 0 | W144: =COUNTIF(S144:V144,"PR") -> 0 | X144: =COUNTIF(S144:V144,"AB") -> 0 | Y144: =W144+X144 -> 0 | Z144: =K144+R144+Y144 -> 0 | AA144: =SUM(I144,P144,W144) -> 0 | AB144: =AA144/Z144*100 -> #DIV/0! | AH144: =COUNTIF(AD144:AG144,"PR") -> 0 | AI144: =COUNTIF(AD144:AG144,"AB") -> 0 | AJ144: =AH144+AI144 -> 0 | AP144: =COUNTIF(AK144:AO144,"PR") -> 0 | AQ144: =COUNTIF(AK144:AO144,"AB") -> 0 | AR144: =AP144+AQ144 -> 0 | AW144: =COUNTIF(AS144:AV144,"PR") -> 0 | AX144: =COUNTIF(AS144:AV144,"AB") -> 0 | AY144: =AW144+AX144 -> 0 | AZ144: =AJ144+AR144+AY144 -> 0 | BA144: =SUM(AH144,AP144,AW144) -> 0 | BB144: =BA144/AZ144*100 -> #DIV/0! | BG144: =COUNTIF(BC144:BF144,"PR") -> 0 | BH144: =COUNTIF(BC144:BF144,"AB") -> 0 | BI144: =BG144+BH144 -> 0 | BO144: =COUNTIF(BJ144:BN144,"PR") -> 0 | BP144: =COUNTIF(BJ144:BN144,"AB") -> 0 | BQ144: =BO144+BP144 -> 0 | BV144: =COUNTIF(BR144:BU144,"PR") -> 0 | BW144: =COUNTIF(BR144:BU144,"AB") -> 0 | BX144: =BV144+BW144 -> 0 | BY144: =BI144+BQ144+BX144 -> 0 | BZ144: =SUM(BG144,BO144,BV144) -> 0 | CA144: =BZ144/BY144*100 -> #DIV/0! | CH144: =COUNTIF(CC144:CG144,"PR") -> 0 | CI144: =COUNTIF(CC144:CG144,"AB") -> 0 | CJ144: =CH144+CI144 -> 0 | CO144: =COUNTIF(CK144:CN144,"PR") -> 0 | CP144: =COUNTIF(CK144:CN144,"AB") -> 0 | CQ144: =CO144+CP144 -> 0 | CV144: =COUNTIF(CR144:CU144,"PR") -> 0 | CW144: =COUNTIF(CR144:CU144,"AB") -> 0 | CX144: =CV144+CW144 -> 0 | CY144: =CH144+CO144+CV144 -> 0 | CZ144: =SUM(CF144,#REF!,CT144) -> #REF! | DA144: =CZ144/CY144*100 -> #REF!
I145: =COUNTIF(D145:H145,"PR") -> 0 | J145: =COUNTIF(D145:H145,"AB") -> 0 | K145: =I145+J145 -> 0 | P145: =COUNTIF(L145:O145,"PR") -> 0 | Q145: =COUNTIF(L145:O145,"AB") -> 0 | R145: =P145+Q145 -> 0 | W145: =COUNTIF(S145:V145,"PR") -> 0 | X145: =COUNTIF(S145:V145,"AB") -> 0 | Y145: =W145+X145 -> 0 | Z145: =K145+R145+Y145 -> 0 | AA145: =SUM(I145,P145,W145) -> 0 | AB145: =AA145/Z145*100 -> #DIV/0! | AH145: =COUNTIF(AD145:AG145,"PR") -> 0 | AI145: =COUNTIF(AD145:AG145,"AB") -> 0 | AJ145: =AH145+AI145 -> 0 | AP145: =COUNTIF(AK145:AO145,"PR") -> 0 | AQ145: =COUNTIF(AK145:AO145,"AB") -> 0 | AR145: =AP145+AQ145 -> 0 | AW145: =COUNTIF(AS145:AV145,"PR") -> 0 | AX145: =COUNTIF(AS145:AV145,"AB") -> 0 | AY145: =AW145+AX145 -> 0 | AZ145: =AJ145+AR145+AY145 -> 0 | BA145: =SUM(AH145,AP145,AW145) -> 0 | BB145: =BA145/AZ145*100 -> #DIV/0! | BG145: =COUNTIF(BC145:BF145,"PR") -> 0 | BH145: =COUNTIF(BC145:BF145,"AB") -> 0 | BI145: =BG145+BH145 -> 0 | BO145: =COUNTIF(BJ145:BN145,"PR") -> 0 | BP145: =COUNTIF(BJ145:BN145,"AB") -> 0 | BQ145: =BO145+BP145 -> 0 | BV145: =COUNTIF(BR145:BU145,"PR") -> 0 | BW145: =COUNTIF(BR145:BU145,"AB") -> 0 | BX145: =BV145+BW145 -> 0 | BY145: =BI145+BQ145+BX145 -> 0 | BZ145: =SUM(BG145,BO145,BV145) -> 0 | CA145: =BZ145/BY145*100 -> #DIV/0! | CH145: =COUNTIF(CC145:CG145,"PR") -> 0 | CI145: =COUNTIF(CC145:CG145,"AB") -> 0 | CJ145: =CH145+CI145 -> 0 | CO145: =COUNTIF(CK145:CN145,"PR") -> 0 | CP145: =COUNTIF(CK145:CN145,"AB") -> 0 | CQ145: =CO145+CP145 -> 0 | CV145: =COUNTIF(CR145:CU145,"PR") -> 0 | CW145: =COUNTIF(CR145:CU145,"AB") -> 0 | CX145: =CV145+CW145 -> 0 | CY145: =CH145+CO145+CV145 -> 0 | CZ145: =SUM(CF145,#REF!,CT145) -> #REF! | DA145: =CZ145/CY145*100 -> #REF!
I146: =COUNTIF(D146:H146,"PR") -> 0 | J146: =COUNTIF(D146:H146,"AB") -> 0 | K146: =I146+J146 -> 0 | P146: =COUNTIF(L146:O146,"PR") -> 0 | Q146: =COUNTIF(L146:O146,"AB") -> 0 | R146: =P146+Q146 -> 0 | W146: =COUNTIF(S146:V146,"PR") -> 0 | X146: =COUNTIF(S146:V146,"AB") -> 0 | Y146: =W146+X146 -> 0 | Z146: =K146+R146+Y146 -> 0 | AA146: =SUM(I146,P146,W146) -> 0 | AB146: =AA146/Z146*100 -> #DIV/0! | AH146: =COUNTIF(AD146:AG146,"PR") -> 0 | AI146: =COUNTIF(AD146:AG146,"AB") -> 0 | AJ146: =AH146+AI146 -> 0 | AP146: =COUNTIF(AK146:AO146,"PR") -> 0 | AQ146: =COUNTIF(AK146:AO146,"AB") -> 0 | AR146: =AP146+AQ146 -> 0 | AW146: =COUNTIF(AS146:AV146,"PR") -> 0 | AX146: =COUNTIF(AS146:AV146,"AB") -> 0 | AY146: =AW146+AX146 -> 0 | AZ146: =AJ146+AR146+AY146 -> 0 | BA146: =SUM(AH146,AP146,AW146) -> 0 | BB146: =BA146/AZ146*100 -> #DIV/0! | BG146: =COUNTIF(BC146:BF146,"PR") -> 0 | BH146: =COUNTIF(BC146:BF146,"AB") -> 0 | BI146: =BG146+BH146 -> 0 | BO146: =COUNTIF(BJ146:BN146,"PR") -> 0 | BP146: =COUNTIF(BJ146:BN146,"AB") -> 0 | BQ146: =BO146+BP146 -> 0 | BV146: =COUNTIF(BR146:BU146,"PR") -> 0 | BW146: =COUNTIF(BR146:BU146,"AB") -> 0 | BX146: =BV146+BW146 -> 0 | BY146: =BI146+BQ146+BX146 -> 0 | BZ146: =SUM(BG146,BO146,BV146) -> 0 | CA146: =BZ146/BY146*100 -> #DIV/0! | CH146: =COUNTIF(CC146:CG146,"PR") -> 0 | CI146: =COUNTIF(CC146:CG146,"AB") -> 0 | CJ146: =CH146+CI146 -> 0 | CO146: =COUNTIF(CK146:CN146,"PR") -> 0 | CP146: =COUNTIF(CK146:CN146,"AB") -> 0 | CQ146: =CO146+CP146 -> 0 | CV146: =COUNTIF(CR146:CU146,"PR") -> 0 | CW146: =COUNTIF(CR146:CU146,"AB") -> 0 | CX146: =CV146+CW146 -> 0 | CY146: =CH146+CO146+CV146 -> 0 | CZ146: =SUM(CF146,#REF!,CT146) -> #REF! | DA146: =CZ146/CY146*100 -> #REF!
I147: =COUNTIF(D147:H147,"PR") -> 0 | J147: =COUNTIF(D147:H147,"AB") -> 0 | K147: =I147+J147 -> 0 | P147: =COUNTIF(L147:O147,"PR") -> 0 | Q147: =COUNTIF(L147:O147,"AB") -> 0 | R147: =P147+Q147 -> 0 | W147: =COUNTIF(S147:V147,"PR") -> 0 | X147: =COUNTIF(S147:V147,"AB") -> 0 | Y147: =W147+X147 -> 0 | Z147: =K147+R147+Y147 -> 0 | AA147: =SUM(I147,P147,W147) -> 0 | AB147: =AA147/Z147*100 -> #DIV/0! | AH147: =COUNTIF(AD147:AG147,"PR") -> 0 | AI147: =COUNTIF(AD147:AG147,"AB") -> 0 | AJ147: =AH147+AI147 -> 0 | AP147: =COUNTIF(AK147:AO147,"PR") -> 0 | AQ147: =COUNTIF(AK147:AO147,"AB") -> 0 | AR147: =AP147+AQ147 -> 0 | AW147: =COUNTIF(AS147:AV147,"PR") -> 0 | AX147: =COUNTIF(AS147:AV147,"AB") -> 0 | AY147: =AW147+AX147 -> 0 | AZ147: =AJ147+AR147+AY147 -> 0 | BA147: =SUM(AH147,AP147,AW147) -> 0 | BB147: =BA147/AZ147*100 -> #DIV/0! | BG147: =COUNTIF(BC147:BF147,"PR") -> 0 | BH147: =COUNTIF(BC147:BF147,"AB") -> 0 | BI147: =BG147+BH147 -> 0 | BO147: =COUNTIF(BJ147:BN147,"PR") -> 0 | BP147: =COUNTIF(BJ147:BN147,"AB") -> 0 | BQ147: =BO147+BP147 -> 0 | BV147: =COUNTIF(BR147:BU147,"PR") -> 0 | BW147: =COUNTIF(BR147:BU147,"AB") -> 0 | BX147: =BV147+BW147 -> 0 | BY147: =BI147+BQ147+BX147 -> 0 | BZ147: =SUM(BG147,BO147,BV147) -> 0 | CA147: =BZ147/BY147*100 -> #DIV/0! | CH147: =COUNTIF(CC147:CG147,"PR") -> 0 | CI147: =COUNTIF(CC147:CG147,"AB") -> 0 | CJ147: =CH147+CI147 -> 0 | CO147: =COUNTIF(CK147:CN147,"PR") -> 0 | CP147: =COUNTIF(CK147:CN147,"AB") -> 0 | CQ147: =CO147+CP147 -> 0 | CV147: =COUNTIF(CR147:CU147,"PR") -> 0 | CW147: =COUNTIF(CR147:CU147,"AB") -> 0 | CX147: =CV147+CW147 -> 0 | CY147: =CH147+CO147+CV147 -> 0 | CZ147: =SUM(CF147,#REF!,CT147) -> #REF! | DA147: =CZ147/CY147*100 -> #REF!
I148: =COUNTIF(D148:H148,"PR") -> 0 | J148: =COUNTIF(D148:H148,"AB") -> 0 | K148: =I148+J148 -> 0 | P148: =COUNTIF(L148:O148,"PR") -> 0 | Q148: =COUNTIF(L148:O148,"AB") -> 0 | R148: =P148+Q148 -> 0 | W148: =COUNTIF(S148:V148,"PR") -> 0 | X148: =COUNTIF(S148:V148,"AB") -> 0 | Y148: =W148+X148 -> 0 | Z148: =K148+R148+Y148 -> 0 | AA148: =SUM(I148,P148,W148) -> 0 | AB148: =AA148/Z148*100 -> #DIV/0! | AH148: =COUNTIF(AD148:AG148,"PR") -> 0 | AI148: =COUNTIF(AD148:AG148,"AB") -> 0 | AJ148: =AH148+AI148 -> 0 | AP148: =COUNTIF(AK148:AO148,"PR") -> 0 | AQ148: =COUNTIF(AK148:AO148,"AB") -> 0 | AR148: =AP148+AQ148 -> 0 | AW148: =COUNTIF(AS148:AV148,"PR") -> 0 | AX148: =COUNTIF(AS148:AV148,"AB") -> 0 | AY148: =AW148+AX148 -> 0 | AZ148: =AJ148+AR148+AY148 -> 0 | BA148: =SUM(AH148,AP148,AW148) -> 0 | BB148: =BA148/AZ148*100 -> #DIV/0! | BG148: =COUNTIF(BC148:BF148,"PR") -> 0 | BH148: =COUNTIF(BC148:BF148,"AB") -> 0 | BI148: =BG148+BH148 -> 0 | BO148: =COUNTIF(BJ148:BN148,"PR") -> 0 | BP148: =COUNTIF(BJ148:BN148,"AB") -> 0 | BQ148: =BO148+BP148 -> 0 | BV148: =COUNTIF(BR148:BU148,"PR") -> 0 | BW148: =COUNTIF(BR148:BU148,"AB") -> 0 | BX148: =BV148+BW148 -> 0 | BY148: =BI148+BQ148+BX148 -> 0 | BZ148: =SUM(BG148,BO148,BV148) -> 0 | CA148: =BZ148/BY148*100 -> #DIV/0! | CH148: =COUNTIF(CC148:CG148,"PR") -> 0 | CI148: =COUNTIF(CC148:CG148,"AB") -> 0 | CJ148: =CH148+CI148 -> 0 | CO148: =COUNTIF(CK148:CN148,"PR") -> 0 | CP148: =COUNTIF(CK148:CN148,"AB") -> 0 | CQ148: =CO148+CP148 -> 0 | CV148: =COUNTIF(CR148:CU148,"PR") -> 0 | CW148: =COUNTIF(CR148:CU148,"AB") -> 0 | CX148: =CV148+CW148 -> 0 | CY148: =CH148+CO148+CV148 -> 0 | CZ148: =SUM(CF148,#REF!,CT148) -> #REF! | DA148: =CZ148/CY148*100 -> #REF!
I149: =COUNTIF(D149:H149,"PR") -> 0 | J149: =COUNTIF(D149:H149,"AB") -> 0 | K149: =I149+J149 -> 0 | P149: =COUNTIF(L149:O149,"PR") -> 0 | Q149: =COUNTIF(L149:O149,"AB") -> 0 | R149: =P149+Q149 -> 0 | W149: =COUNTIF(S149:V149,"PR") -> 0 | X149: =COUNTIF(S149:V149,"AB") -> 0 | Y149: =W149+X149 -> 0 | Z149: =K149+R149+Y149 -> 0 | AA149: =SUM(I149,P149,W149) -> 0 | AB149: =AA149/Z149*100 -> #DIV/0! | AH149: =COUNTIF(AD149:AG149,"PR") -> 0 | AI149: =COUNTIF(AD149:AG149,"AB") -> 0 | AJ149: =AH149+AI149 -> 0 | AP149: =COUNTIF(AK149:AO149,"PR") -> 0 | AQ149: =COUNTIF(AK149:AO149,"AB") -> 0 | AR149: =AP149+AQ149 -> 0 | AW149: =COUNTIF(AS149:AV149,"PR") -> 0 | AX149: =COUNTIF(AS149:AV149,"AB") -> 0 | AY149: =AW149+AX149 -> 0 | AZ149: =AJ149+AR149+AY149 -> 0 | BA149: =SUM(AH149,AP149,AW149) -> 0 | BB149: =BA149/AZ149*100 -> #DIV/0! | BG149: =COUNTIF(BC149:BF149,"PR") -> 0 | BH149: =COUNTIF(BC149:BF149,"AB") -> 0 | BI149: =BG149+BH149 -> 0 | BO149: =COUNTIF(BJ149:BN149,"PR") -> 0 | BP149: =COUNTIF(BJ149:BN149,"AB") -> 0 | BQ149: =BO149+BP149 -> 0 | BV149: =COUNTIF(BR149:BU149,"PR") -> 0 | BW149: =COUNTIF(BR149:BU149,"AB") -> 0 | BX149: =BV149+BW149 -> 0 | BY149: =BI149+BQ149+BX149 -> 0 | BZ149: =SUM(BG149,BO149,BV149) -> 0 | CA149: =BZ149/BY149*100 -> #DIV/0! | CH149: =COUNTIF(CC149:CG149,"PR") -> 0 | CI149: =COUNTIF(CC149:CG149,"AB") -> 0 | CJ149: =CH149+CI149 -> 0 | CO149: =COUNTIF(CK149:CN149,"PR") -> 0 | CP149: =COUNTIF(CK149:CN149,"AB") -> 0 | CQ149: =CO149+CP149 -> 0 | CV149: =COUNTIF(CR149:CU149,"PR") -> 0 | CW149: =COUNTIF(CR149:CU149,"AB") -> 0 | CX149: =CV149+CW149 -> 0 | CY149: =CH149+CO149+CV149 -> 0 | CZ149: =SUM(CF149,#REF!,CT149) -> #REF! | DA149: =CZ149/CY149*100 -> #REF!
I150: =COUNTIF(D150:H150,"PR") -> 0 | J150: =COUNTIF(D150:H150,"AB") -> 0 | K150: =I150+J150 -> 0 | P150: =COUNTIF(L150:O150,"PR") -> 0 | Q150: =COUNTIF(L150:O150,"AB") -> 0 | R150: =P150+Q150 -> 0 | W150: =COUNTIF(S150:V150,"PR") -> 0 | X150: =COUNTIF(S150:V150,"AB") -> 0 | Y150: =W150+X150 -> 0 | Z150: =K150+R150+Y150 -> 0 | AA150: =SUM(I150,P150,W150) -> 0 | AB150: =AA150/Z150*100 -> #DIV/0! | AH150: =COUNTIF(AD150:AG150,"PR") -> 0 | AI150: =COUNTIF(AD150:AG150,"AB") -> 0 | AJ150: =AH150+AI150 -> 0 | AP150: =COUNTIF(AK150:AO150,"PR") -> 0 | AQ150: =COUNTIF(AK150:AO150,"AB") -> 0 | AR150: =AP150+AQ150 -> 0 | AW150: =COUNTIF(AS150:AV150,"PR") -> 0 | AX150: =COUNTIF(AS150:AV150,"AB") -> 0 | AY150: =AW150+AX150 -> 0 | AZ150: =AJ150+AR150+AY150 -> 0 | BA150: =SUM(AH150,AP150,AW150) -> 0 | BB150: =BA150/AZ150*100 -> #DIV/0! | BG150: =COUNTIF(BC150:BF150,"PR") -> 0 | BH150: =COUNTIF(BC150:BF150,"AB") -> 0 | BI150: =BG150+BH150 -> 0 | BO150: =COUNTIF(BJ150:BN150,"PR") -> 0 | BP150: =COUNTIF(BJ150:BN150,"AB") -> 0 | BQ150: =BO150+BP150 -> 0 | BV150: =COUNTIF(BR150:BU150,"PR") -> 0 | BW150: =COUNTIF(BR150:BU150,"AB") -> 0 | BX150: =BV150+BW150 -> 0 | BY150: =BI150+BQ150+BX150 -> 0 | BZ150: =SUM(BG150,BO150,BV150) -> 0 | CA150: =BZ150/BY150*100 -> #DIV/0! | CH150: =COUNTIF(CC150:CG150,"PR") -> 0 | CI150: =COUNTIF(CC150:CG150,"AB") -> 0 | CJ150: =CH150+CI150 -> 0 | CO150: =COUNTIF(CK150:CN150,"PR") -> 0 | CP150: =COUNTIF(CK150:CN150,"AB") -> 0 | CQ150: =CO150+CP150 -> 0 | CV150: =COUNTIF(CR150:CU150,"PR") -> 0 | CW150: =COUNTIF(CR150:CU150,"AB") -> 0 | CX150: =CV150+CW150 -> 0 | CY150: =CH150+CO150+CV150 -> 0 | CZ150: =SUM(CF150,#REF!,CT150) -> #REF! | DA150: =CZ150/CY150*100 -> #REF!
I151: =COUNTIF(D151:H151,"PR") -> 0 | J151: =COUNTIF(D151:H151,"AB") -> 0 | K151: =I151+J151 -> 0 | P151: =COUNTIF(L151:O151,"PR") -> 0 | Q151: =COUNTIF(L151:O151,"AB") -> 0 | R151: =P151+Q151 -> 0 | W151: =COUNTIF(S151:V151,"PR") -> 0 | X151: =COUNTIF(S151:V151,"AB") -> 0 | Y151: =W151+X151 -> 0 | Z151: =K151+R151+Y151 -> 0 | AA151: =SUM(I151,P151,W151) -> 0 | AB151: =AA151/Z151*100 -> #DIV/0! | AH151: =COUNTIF(AD151:AG151,"PR") -> 0 | AI151: =COUNTIF(AD151:AG151,"AB") -> 0 | AJ151: =AH151+AI151 -> 0 | AP151: =COUNTIF(AK151:AO151,"PR") -> 0 | AQ151: =COUNTIF(AK151:AO151,"AB") -> 0 | AR151: =AP151+AQ151 -> 0 | AW151: =COUNTIF(AS151:AV151,"PR") -> 0 | AX151: =COUNTIF(AS151:AV151,"AB") -> 0 | AY151: =AW151+AX151 -> 0 | AZ151: =AJ151+AR151+AY151 -> 0 | BA151: =SUM(AH151,AP151,AW151) -> 0 | BB151: =BA151/AZ151*100 -> #DIV/0! | BG151: =COUNTIF(BC151:BF151,"PR") -> 0 | BH151: =COUNTIF(BC151:BF151,"AB") -> 0 | BI151: =BG151+BH151 -> 0 | BO151: =COUNTIF(BJ151:BN151,"PR") -> 0 | BP151: =COUNTIF(BJ151:BN151,"AB") -> 0 | BQ151: =BO151+BP151 -> 0 | BV151: =COUNTIF(BR151:BU151,"PR") -> 0 | BW151: =COUNTIF(BR151:BU151,"AB") -> 0 | BX151: =BV151+BW151 -> 0 | BY151: =BI151+BQ151+BX151 -> 0 | BZ151: =SUM(BG151,BO151,BV151) -> 0 | CA151: =BZ151/BY151*100 -> #DIV/0! | CH151: =COUNTIF(CC151:CG151,"PR") -> 0 | CI151: =COUNTIF(CC151:CG151,"AB") -> 0 | CJ151: =CH151+CI151 -> 0 | CO151: =COUNTIF(CK151:CN151,"PR") -> 0 | CP151: =COUNTIF(CK151:CN151,"AB") -> 0 | CQ151: =CO151+CP151 -> 0 | CV151: =COUNTIF(CR151:CU151,"PR") -> 0 | CW151: =COUNTIF(CR151:CU151,"AB") -> 0 | CX151: =CV151+CW151 -> 0 | CY151: =CH151+CO151+CV151 -> 0 | CZ151: =SUM(CF151,#REF!,CT151) -> #REF! | DA151: =CZ151/CY151*100 -> #REF!
... I240: =COUNTIF(D240:H240,"PR") -> 0 | J240: =COUNTIF(D240:H240,"AB") -> 0 | K240: =I240+J240 -> 0 | P240: =COUNTIF(L240:O240,"PR") -> 0 | Q240: =COUNTIF(L240:O240,"AB") -> 0 | R240: =P240+Q240 -> 0 | W240: =COUNTIF(S240:V240,"PR") -> 0 | X240: =COUNTIF(S240:V240,"AB") -> 0 | Y240: =W240+X240 -> 0 | Z240: =K240+R240+Y240 -> 0 | AA240: =SUM(I240,P240,W240) -> 0 | AB240: =AA240/Z240*100 -> #DIV/0! | AH240: =COUNTIF(AD240:AG240,"PR") -> 0 | AI240: =COUNTIF(AD240:AG240,"AB") -> 0 | AJ240: =AH240+AI240 -> 0 | AP240: =COUNTIF(AK240:AO240,"PR") -> 0 | AQ240: =COUNTIF(AK240:AO240,"AB") -> 0 | AR240: =AP240+AQ240 -> 0 | AW240: =COUNTIF(AS240:AV240,"PR") -> 0 | AX240: =COUNTIF(AS240:AV240,"AB") -> 0 | AY240: =AW240+AX240 -> 0 | AZ240: =AJ240+AR240+AY240 -> 0 | BA240: =SUM(AH240,AP240,AW240) -> 0 | BB240: =BA240/AZ240*100 -> #DIV/0! | BG240: =COUNTIF(BC240:BF240,"PR") -> 0 | BH240: =COUNTIF(BC240:BF240,"AB") -> 0 | BI240: =BG240+BH240 -> 0 | BO240: =COUNTIF(BJ240:BN240,"PR") -> 0 | BP240: =COUNTIF(BJ240:BN240,"AB") -> 0 | BQ240: =BO240+BP240 -> 0 | BV240: =COUNTIF(BR240:BU240,"PR") -> 0 | BW240: =COUNTIF(BR240:BU240,"AB") -> 0 | BX240: =BV240+BW240 -> 0 | BY240: =BI240+BQ240+BX240 -> 0 | BZ240: =SUM(BG240,BO240,BV240) -> 0 | CA240: =BZ240/BY240*100 -> #DIV/0! | CH240: =COUNTIF(CC240:CG240,"PR") -> 0 | CI240: =COUNTIF(CC240:CG240,"AB") -> 0 | CJ240: =CH240+CI240 -> 0 | CO240: =COUNTIF(CK240:CN240,"PR") -> 0 | CP240: =COUNTIF(CK240:CN240,"AB") -> 0 | CQ240: =CO240+CP240 -> 0 | CV240: =COUNTIF(CR240:CU240,"PR") -> 0 | CW240: =COUNTIF(CR240:CU240,"AB") -> 0 | CX240: =CV240+CW240 -> 0 | CY240: =CH240+CO240+CV240 -> 0 | CZ240: =SUM(CF240,#REF!,CT240) -> #REF! | DA240: =CZ240/CY240*100 -> #REF!
I241: =SUM(I140:I240) -> 0 | K241: =SUM(K140:K240) -> 0 | P241: =SUM(P140:P240) -> 0 | R241: =SUM(R140:R240) -> 0 | W241: =SUM(W140:W240) -> 0 | Y241: =SUM(Y140:Y240) -> 0 | Z241: =SUM(Z225:Z240) -> 0 | AH241: =SUM(AH140:AH240) -> 0 | AJ241: =SUM(AJ140:AJ240) -> 0 | AP241: =SUM(AP140:AP240) -> 0 | AR241: =SUM(AR140:AR240) -> 0 | AW241: =SUM(AW140:AW240) -> 0 | AY241: =SUM(AY140:AY240) -> 0 | AZ241: =SUM(AZ225:AZ240) -> 0 | BG241: =SUM(BG140:BG240) -> 0 | BI241: =SUM(BI140:BI240) -> 0 | BO241: =SUM(BO140:BO240) -> 0 | BQ241: =SUM(BQ140:BQ240) -> 0 | BV241: =SUM(BV140:BV240) -> 0 | BX241: =SUM(BX140:BX240) -> 0 | BY241: =SUM(BY225:BY240) -> 0 | CH241: =SUM(CH140:CH240) -> 0 | CJ241: =SUM(CJ140:CJ240) -> 0 | CO241: =SUM(CO140:CO240) -> 0 | CQ241: =SUM(CQ140:CQ240) -> 0 | CV241: =SUM(CV140:CV240) -> 0 | CX241: =SUM(CX140:CX240) -> 0 | CY241: =SUM(CY225:CY240) -> 0
B242: First timers
B243: Jessica Jaka | D243: PR | I243: =COUNTIF(D243:H243,"PR") -> 1 | J243: =COUNTIF(D243:H243,"AB") -> 0 | K243: =I243+J243 -> 1 | P243: =COUNTIF(L243:O243,"PR") -> 0 | Q243: =COUNTIF(L243:O243,"AB") -> 0 | R243: =P243+Q243 -> 0 | W243: =COUNTIF(S243:V243,"PR") -> 0 | X243: =COUNTIF(S243:V243,"AB") -> 0 | Y243: =W243+X243 -> 0 | Z243: =K243+R243+Y243 -> 1 | AA243: =SUM(I243,P243,W243) -> 1 | AB243: =AA243/Z243*100 -> 100 | AH243: =COUNTIF(AD243:AG243,"PR") -> 0 | AI243: =COUNTIF(AD243:AG243,"AB") -> 0 | AJ243: =AH243+AI243 -> 0 | AP243: =COUNTIF(AK243:AO243,"PR") -> 0 | AQ243: =COUNTIF(AK243:AO243,"AB") -> 0 | AR243: =AP243+AQ243 -> 0 | AW243: =COUNTIF(AS243:AV243,"PR") -> 0 | AX243: =COUNTIF(AS243:AV243,"AB") -> 0 | AY243: =AW243+AX243 -> 0 | AZ243: =AJ243+AR243+AY243 -> 0 | BA243: =SUM(AH243,AP243,AW243) -> 0 | BB243: =BA243/AZ243*100 -> #DIV/0! | BG243: =COUNTIF(BC243:BF243,"PR") -> 0 | BH243: =COUNTIF(BC243:BF243,"AB") -> 0 | BI243: =BG243+BH243 -> 0 | BO243: =COUNTIF(BJ243:BN243,"PR") -> 0 | BP243: =COUNTIF(BJ243:BN243,"AB") -> 0 | BQ243: =BO243+BP243 -> 0 | BV243: =COUNTIF(BR243:BU243,"PR") -> 0 | BW243: =COUNTIF(BR243:BU243,"AB") -> 0 | BX243: =BV243+BW243 -> 0 | BY243: =BI243+BQ243+BX243 -> 0 | BZ243: =SUM(BG243,BO243,BV243) -> 0 | CA243: =BZ243/BY243*100 -> #DIV/0! | CH243: =COUNTIF(CC243:CG243,"PR") -> 0 | CI243: =COUNTIF(CC243:CG243,"AB") -> 0 | CJ243: =CH243+CI243 -> 0 | CO243: =COUNTIF(CK243:CN243,"PR") -> 0 | CP243: =COUNTIF(CK243:CN243,"AB") -> 0 | CQ243: =CO243+CP243 -> 0 | CV243: =COUNTIF(CR243:CU243,"PR") -> 0 | CW243: =COUNTIF(CR243:CU243,"AB") -> 0 | CX243: =CV243+CW243 -> 0 | CY243: =CH243+CO243+CV243 -> 0 | CZ243: =SUM(CF243,#REF!,CT243) -> #REF! | DA243: =CZ243/CY243*100 -> #REF!
B244: Marian I. Peterson | E244: PR | I244: =COUNTIF(D244:H244,"PR") -> 1 | J244: =COUNTIF(D244:H244,"AB") -> 0 | K244: =I244+J244 -> 1 | P244: =COUNTIF(L244:O244,"PR") -> 0 | Q244: =COUNTIF(L244:O244,"AB") -> 0 | R244: =P244+Q244 -> 0 | W244: =COUNTIF(S244:V244,"PR") -> 0 | X244: =COUNTIF(S244:V244,"AB") -> 0 | Y244: =W244+X244 -> 0 | Z244: =K244+R244+Y244 -> 1 | AA244: =SUM(I244,P244,W244) -> 1 | AB244: =AA244/Z244*100 -> 100 | AH244: =COUNTIF(AD244:AG244,"PR") -> 0 | AI244: =COUNTIF(AD244:AG244,"AB") -> 0 | AJ244: =AH244+AI244 -> 0 | AP244: =COUNTIF(AK244:AO244,"PR") -> 0 | AQ244: =COUNTIF(AK244:AO244,"AB") -> 0 | AR244: =AP244+AQ244 -> 0 | AW244: =COUNTIF(AS244:AV244,"PR") -> 0 | AX244: =COUNTIF(AS244:AV244,"AB") -> 0 | AY244: =AW244+AX244 -> 0 | AZ244: =AJ244+AR244+AY244 -> 0 | BA244: =SUM(AH244,AP244,AW244) -> 0 | BB244: =BA244/AZ244*100 -> #DIV/0! | BG244: =COUNTIF(BC244:BF244,"PR") -> 0 | BH244: =COUNTIF(BC244:BF244,"AB") -> 0 | BI244: =BG244+BH244 -> 0 | BO244: =COUNTIF(BJ244:BN244,"PR") -> 0 | BP244: =COUNTIF(BJ244:BN244,"AB") -> 0 | BQ244: =BO244+BP244 -> 0 | BV244: =COUNTIF(BR244:BU244,"PR") -> 0 | BW244: =COUNTIF(BR244:BU244,"AB") -> 0 | BX244: =BV244+BW244 -> 0 | BY244: =BI244+BQ244+BX244 -> 0 | BZ244: =SUM(BG244,BO244,BV244) -> 0 | CA244: =BZ244/BY244*100 -> #DIV/0! | CH244: =COUNTIF(CC244:CG244,"PR") -> 0 | CI244: =COUNTIF(CC244:CG244,"AB") -> 0 | CJ244: =CH244+CI244 -> 0 | CO244: =COUNTIF(CK244:CN244,"PR") -> 0 | CP244: =COUNTIF(CK244:CN244,"AB") -> 0 | CQ244: =CO244+CP244 -> 0 | CV244: =COUNTIF(CR244:CU244,"PR") -> 0 | CW244: =COUNTIF(CR244:CU244,"AB") -> 0 | CX244: =CV244+CW244 -> 0 | CY244: =CH244+CO244+CV244 -> 0 | CZ244: =SUM(CF244,#REF!,CT244) -> #REF! | DA244: =CZ244/CY244*100 -> #REF!
B245: Sarah N. Abu | E245: PR | I245: =COUNTIF(D245:H245,"PR") -> 1 | J245: =COUNTIF(D245:H245,"AB") -> 0 | K245: =I245+J245 -> 1 | P245: =COUNTIF(L245:O245,"PR") -> 0 | Q245: =COUNTIF(L245:O245,"AB") -> 0 | R245: =P245+Q245 -> 0 | W245: =COUNTIF(S245:V245,"PR") -> 0 | X245: =COUNTIF(S245:V245,"AB") -> 0 | Y245: =W245+X245 -> 0 | Z245: =K245+R245+Y245 -> 1 | AA245: =SUM(I245,P245,W245) -> 1 | AB245: =AA245/Z245*100 -> 100 | AH245: =COUNTIF(AD245:AG245,"PR") -> 0 | AI245: =COUNTIF(AD245:AG245,"AB") -> 0 | AJ245: =AH245+AI245 -> 0 | AP245: =COUNTIF(AK245:AO245,"PR") -> 0 | AQ245: =COUNTIF(AK245:AO245,"AB") -> 0 | AR245: =AP245+AQ245 -> 0 | AW245: =COUNTIF(AS245:AV245,"PR") -> 0 | AX245: =COUNTIF(AS245:AV245,"AB") -> 0 | AY245: =AW245+AX245 -> 0 | AZ245: =AJ245+AR245+AY245 -> 0 | BA245: =SUM(AH245,AP245,AW245) -> 0 | BB245: =BA245/AZ245*100 -> #DIV/0! | BG245: =COUNTIF(BC245:BF245,"PR") -> 0 | BH245: =COUNTIF(BC245:BF245,"AB") -> 0 | BI245: =BG245+BH245 -> 0 | BO245: =COUNTIF(BJ245:BN245,"PR") -> 0 | BP245: =COUNTIF(BJ245:BN245,"AB") -> 0 | BQ245: =BO245+BP245 -> 0 | BV245: =COUNTIF(BR245:BU245,"PR") -> 0 | BW245: =COUNTIF(BR245:BU245,"AB") -> 0 | BX245: =BV245+BW245 -> 0 | BY245: =BI245+BQ245+BX245 -> 0 | BZ245: =SUM(BG245,BO245,BV245) -> 0 | CA245: =BZ245/BY245*100 -> #DIV/0! | CH245: =COUNTIF(CC245:CG245,"PR") -> 0 | CI245: =COUNTIF(CC245:CG245,"AB") -> 0 | CJ245: =CH245+CI245 -> 0 | CO245: =COUNTIF(CK245:CN245,"PR") -> 0 | CP245: =COUNTIF(CK245:CN245,"AB") -> 0 | CQ245: =CO245+CP245 -> 0 | CV245: =COUNTIF(CR245:CU245,"PR") -> 0 | CW245: =COUNTIF(CR245:CU245,"AB") -> 0 | CX245: =CV245+CW245 -> 0 | CY245: =CH245+CO245+CV245 -> 0 | CZ245: =SUM(CF245,#REF!,CT245) -> #REF! | DA245: =CZ245/CY245*100 -> #REF!
B246: Samuella Pratt | E246: PR | I246: =COUNTIF(D246:H246,"PR") -> 1 | J246: =COUNTIF(D246:H246,"AB") -> 0 | K246: =I246+J246 -> 1 | P246: =COUNTIF(L246:O246,"PR") -> 0 | Q246: =COUNTIF(L246:O246,"AB") -> 0 | R246: =P246+Q246 -> 0 | W246: =COUNTIF(S246:V246,"PR") -> 0 | X246: =COUNTIF(S246:V246,"AB") -> 0 | Y246: =W246+X246 -> 0 | Z246: =K246+R246+Y246 -> 1 | AA246: =SUM(I246,P246,W246) -> 1 | AB246: =AA246/Z246*100 -> 100 | AH246: =COUNTIF(AD246:AG246,"PR") -> 0 | AI246: =COUNTIF(AD246:AG246,"AB") -> 0 | AJ246: =AH246+AI246 -> 0 | AP246: =COUNTIF(AK246:AO246,"PR") -> 0 | AQ246: =COUNTIF(AK246:AO246,"AB") -> 0 | AR246: =AP246+AQ246 -> 0 | AW246: =COUNTIF(AS246:AV246,"PR") -> 0 | AX246: =COUNTIF(AS246:AV246,"AB") -> 0 | AY246: =AW246+AX246 -> 0 | AZ246: =AJ246+AR246+AY246 -> 0 | BA246: =SUM(AH246,AP246,AW246) -> 0 | BB246: =BA246/AZ246*100 -> #DIV/0! | BG246: =COUNTIF(BC246:BF246,"PR") -> 0 | BH246: =COUNTIF(BC246:BF246,"AB") -> 0 | BI246: =BG246+BH246 -> 0 | BO246: =COUNTIF(BJ246:BN246,"PR") -> 0 | BP246: =COUNTIF(BJ246:BN246,"AB") -> 0 | BQ246: =BO246+BP246 -> 0 | BV246: =COUNTIF(BR246:BU246,"PR") -> 0 | BW246: =COUNTIF(BR246:BU246,"AB") -> 0 | BX246: =BV246+BW246 -> 0 | BY246: =BI246+BQ246+BX246 -> 0 | BZ246: =SUM(BG246,BO246,BV246) -> 0 | CA246: =BZ246/BY246*100 -> #DIV/0! | CH246: =COUNTIF(CC246:CG246,"PR") -> 0 | CI246: =COUNTIF(CC246:CG246,"AB") -> 0 | CJ246: =CH246+CI246 -> 0 | CO246: =COUNTIF(CK246:CN246,"PR") -> 0 | CP246: =COUNTIF(CK246:CN246,"AB") -> 0 | CQ246: =CO246+CP246 -> 0 | CV246: =COUNTIF(CR246:CU246,"PR") -> 0 | CW246: =COUNTIF(CR246:CU246,"AB") -> 0 | CX246: =CV246+CW246 -> 0 | CY246: =CH246+CO246+CV246 -> 0 | CZ246: =SUM(CF246,#REF!,CT246) -> #REF! | DA246: =CZ246/CY246*100 -> #REF!
B247: Rebecca Jansie | I247: =COUNTIF(D247:H247,"PR") -> 0 | J247: =COUNTIF(D247:H247,"AB") -> 0 | K247: =I247+J247 -> 0 | P247: =COUNTIF(L247:O247,"PR") -> 0 | Q247: =COUNTIF(L247:O247,"AB") -> 0 | R247: =P247+Q247 -> 0 | W247: =COUNTIF(S247:V247,"PR") -> 0 | X247: =COUNTIF(S247:V247,"AB") -> 0 | Y247: =W247+X247 -> 0 | Z247: =K247+R247+Y247 -> 0 | AA247: =SUM(I247,P247,W247) -> 0 | AB247: =AA247/Z247*100 -> #DIV/0! | AH247: =COUNTIF(AD247:AG247,"PR") -> 0 | AI247: =COUNTIF(AD247:AG247,"AB") -> 0 | AJ247: =AH247+AI247 -> 0 | AP247: =COUNTIF(AK247:AO247,"PR") -> 0 | AQ247: =COUNTIF(AK247:AO247,"AB") -> 0 | AR247: =AP247+AQ247 -> 0 | AW247: =COUNTIF(AS247:AV247,"PR") -> 0 | AX247: =COUNTIF(AS247:AV247,"AB") -> 0 | AY247: =AW247+AX247 -> 0 | AZ247: =AJ247+AR247+AY247 -> 0 | BA247: =SUM(AH247,AP247,AW247) -> 0 | BB247: =BA247/AZ247*100 -> #DIV/0! | BG247: =COUNTIF(BC247:BF247,"PR") -> 0 | BH247: =COUNTIF(BC247:BF247,"AB") -> 0 | BI247: =BG247+BH247 -> 0 | BO247: =COUNTIF(BJ247:BN247,"PR") -> 0 | BP247: =COUNTIF(BJ247:BN247,"AB") -> 0 | BQ247: =BO247+BP247 -> 0 | BV247: =COUNTIF(BR247:BU247,"PR") -> 0 | BW247: =COUNTIF(BR247:BU247,"AB") -> 0 | BX247: =BV247+BW247 -> 0 | BY247: =BI247+BQ247+BX247 -> 0 | BZ247: =SUM(BG247,BO247,BV247) -> 0 | CA247: =BZ247/BY247*100 -> #DIV/0! | CH247: =COUNTIF(CC247:CG247,"PR") -> 0 | CI247: =COUNTIF(CC247:CG247,"AB") -> 0 | CJ247: =CH247+CI247 -> 0 | CO247: =COUNTIF(CK247:CN247,"PR") -> 0 | CP247: =COUNTIF(CK247:CN247,"AB") -> 0 | CQ247: =CO247+CP247 -> 0 | CV247: =COUNTIF(CR247:CU247,"PR") -> 0 | CW247: =COUNTIF(CR247:CU247,"AB") -> 0 | CX247: =CV247+CW247 -> 0 | CY247: =CH247+CO247+CV247 -> 0 | CZ247: =SUM(CF247,#REF!,CT247) -> #REF! | DA247: =CZ247/CY247*100 -> #REF!
I248: =COUNTIF(D248:H248,"PR") -> 0 | J248: =COUNTIF(D248:H248,"AB") -> 0 | K248: =I248+J248 -> 0 | P248: =COUNTIF(L248:O248,"PR") -> 0 | Q248: =COUNTIF(L248:O248,"AB") -> 0 | R248: =P248+Q248 -> 0 | W248: =COUNTIF(S248:V248,"PR") -> 0 | X248: =COUNTIF(S248:V248,"AB") -> 0 | Y248: =W248+X248 -> 0 | Z248: =K248+R248+Y248 -> 0 | AA248: =SUM(I248,P248,W248) -> 0 | AB248: =AA248/Z248*100 -> #DIV/0! | AH248: =COUNTIF(AD248:AG248,"PR") -> 0 | AI248: =COUNTIF(AD248:AG248,"AB") -> 0 | AJ248: =AH248+AI248 -> 0 | AP248: =COUNTIF(AK248:AO248,"PR") -> 0 | AQ248: =COUNTIF(AK248:AO248,"AB") -> 0 | AR248: =AP248+AQ248 -> 0 | AW248: =COUNTIF(AS248:AV248,"PR") -> 0 | AX248: =COUNTIF(AS248:AV248,"AB") -> 0 | AY248: =AW248+AX248 -> 0 | AZ248: =AJ248+AR248+AY248 -> 0 | BA248: =SUM(AH248,AP248,AW248) -> 0 | BB248: =BA248/AZ248*100 -> #DIV/0! | BG248: =COUNTIF(BC248:BF248,"PR") -> 0 | BH248: =COUNTIF(BC248:BF248,"AB") -> 0 | BI248: =BG248+BH248 -> 0 | BO248: =COUNTIF(BJ248:BN248,"PR") -> 0 | BP248: =COUNTIF(BJ248:BN248,"AB") -> 0 | BQ248: =BO248+BP248 -> 0 | BV248: =COUNTIF(BR248:BU248,"PR") -> 0 | BW248: =COUNTIF(BR248:BU248,"AB") -> 0 | BX248: =BV248+BW248 -> 0 | BY248: =BI248+BQ248+BX248 -> 0 | BZ248: =SUM(BG248,BO248,BV248) -> 0 | CA248: =BZ248/BY248*100 -> #DIV/0! | CH248: =COUNTIF(CC248:CG248,"PR") -> 0 | CI248: =COUNTIF(CC248:CG248,"AB") -> 0 | CJ248: =CH248+CI248 -> 0 | CO248: =COUNTIF(CK248:CN248,"PR") -> 0 | CP248: =COUNTIF(CK248:CN248,"AB") -> 0 | CQ248: =CO248+CP248 -> 0 | CV248: =COUNTIF(CR248:CU248,"PR") -> 0 | CW248: =COUNTIF(CR248:CU248,"AB") -> 0 | CX248: =CV248+CW248 -> 0 | CY248: =CH248+CO248+CV248 -> 0 | CZ248: =SUM(CF248,#REF!,CT248) -> #REF! | DA248: =CZ248/CY248*100 -> #REF!
I249: =COUNTIF(D249:H249,"PR") -> 0 | J249: =COUNTIF(D249:H249,"AB") -> 0 | K249: =I249+J249 -> 0 | P249: =COUNTIF(L249:O249,"PR") -> 0 | Q249: =COUNTIF(L249:O249,"AB") -> 0 | R249: =P249+Q249 -> 0 | W249: =COUNTIF(S249:V249,"PR") -> 0 | X249: =COUNTIF(S249:V249,"AB") -> 0 | Y249: =W249+X249 -> 0 | Z249: =K249+R249+Y249 -> 0 | AA249: =SUM(I249,P249,W249) -> 0 | AB249: =AA249/Z249*100 -> #DIV/0! | AH249: =COUNTIF(AD249:AG249,"PR") -> 0 | AI249: =COUNTIF(AD249:AG249,"AB") -> 0 | AJ249: =AH249+AI249 -> 0 | AP249: =COUNTIF(AK249:AO249,"PR") -> 0 | AQ249: =COUNTIF(AK249:AO249,"AB") -> 0 | AR249: =AP249+AQ249 -> 0 | AW249: =COUNTIF(AS249:AV249,"PR") -> 0 | AX249: =COUNTIF(AS249:AV249,"AB") -> 0 | AY249: =AW249+AX249 -> 0 | AZ249: =AJ249+AR249+AY249 -> 0 | BA249: =SUM(AH249,AP249,AW249) -> 0 | BB249: =BA249/AZ249*100 -> #DIV/0! | BG249: =COUNTIF(BC249:BF249,"PR") -> 0 | BH249: =COUNTIF(BC249:BF249,"AB") -> 0 | BI249: =BG249+BH249 -> 0 | BO249: =COUNTIF(BJ249:BN249,"PR") -> 0 | BP249: =COUNTIF(BJ249:BN249,"AB") -> 0 | BQ249: =BO249+BP249 -> 0 | BV249: =COUNTIF(BR249:BU249,"PR") -> 0 | BW249: =COUNTIF(BR249:BU249,"AB") -> 0 | BX249: =BV249+BW249 -> 0 | BY249: =BI249+BQ249+BX249 -> 0 | BZ249: =SUM(BG249,BO249,BV249) -> 0 | CA249: =BZ249/BY249*100 -> #DIV/0! | CH249: =COUNTIF(CC249:CG249,"PR") -> 0 | CI249: =COUNTIF(CC249:CG249,"AB") -> 0 | CJ249: =CH249+CI249 -> 0 | CO249: =COUNTIF(CK249:CN249,"PR") -> 0 | CP249: =COUNTIF(CK249:CN249,"AB") -> 0 | CQ249: =CO249+CP249 -> 0 | CV249: =COUNTIF(CR249:CU249,"PR") -> 0 | CW249: =COUNTIF(CR249:CU249,"AB") -> 0 | CX249: =CV249+CW249 -> 0 | CY249: =CH249+CO249+CV249 -> 0 | CZ249: =SUM(CF249,#REF!,CT249) -> #REF! | DA249: =CZ249/CY249*100 -> #REF!
I250: =COUNTIF(D250:H250,"PR") -> 0 | J250: =COUNTIF(D250:H250,"AB") -> 0 | K250: =I250+J250 -> 0 | P250: =COUNTIF(L250:O250,"PR") -> 0 | Q250: =COUNTIF(L250:O250,"AB") -> 0 | R250: =P250+Q250 -> 0 | W250: =COUNTIF(S250:V250,"PR") -> 0 | X250: =COUNTIF(S250:V250,"AB") -> 0 | Y250: =W250+X250 -> 0 | Z250: =K250+R250+Y250 -> 0 | AA250: =SUM(I250,P250,W250) -> 0 | AB250: =AA250/Z250*100 -> #DIV/0! | AH250: =COUNTIF(AD250:AG250,"PR") -> 0 | AI250: =COUNTIF(AD250:AG250,"AB") -> 0 | AJ250: =AH250+AI250 -> 0 | AP250: =COUNTIF(AK250:AO250,"PR") -> 0 | AQ250: =COUNTIF(AK250:AO250,"AB") -> 0 | AR250: =AP250+AQ250 -> 0 | AW250: =COUNTIF(AS250:AV250,"PR") -> 0 | AX250: =COUNTIF(AS250:AV250,"AB") -> 0 | AY250: =AW250+AX250 -> 0 | AZ250: =AJ250+AR250+AY250 -> 0 | BA250: =SUM(AH250,AP250,AW250) -> 0 | BB250: =BA250/AZ250*100 -> #DIV/0! | BG250: =COUNTIF(BC250:BF250,"PR") -> 0 | BH250: =COUNTIF(BC250:BF250,"AB") -> 0 | BI250: =BG250+BH250 -> 0 | BO250: =COUNTIF(BJ250:BN250,"PR") -> 0 | BP250: =COUNTIF(BJ250:BN250,"AB") -> 0 | BQ250: =BO250+BP250 -> 0 | BV250: =COUNTIF(BR250:BU250,"PR") -> 0 | BW250: =COUNTIF(BR250:BU250,"AB") -> 0 | BX250: =BV250+BW250 -> 0 | BY250: =BI250+BQ250+BX250 -> 0 | BZ250: =SUM(BG250,BO250,BV250) -> 0 | CA250: =BZ250/BY250*100 -> #DIV/0! | CH250: =COUNTIF(CC250:CG250,"PR") -> 0 | CI250: =COUNTIF(CC250:CG250,"AB") -> 0 | CJ250: =CH250+CI250 -> 0 | CO250: =COUNTIF(CK250:CN250,"PR") -> 0 | CP250: =COUNTIF(CK250:CN250,"AB") -> 0 | CQ250: =CO250+CP250 -> 0 | CV250: =COUNTIF(CR250:CU250,"PR") -> 0 | CW250: =COUNTIF(CR250:CU250,"AB") -> 0 | CX250: =CV250+CW250 -> 0 | CY250: =CH250+CO250+CV250 -> 0 | CZ250: =SUM(CF250,#REF!,CT250) -> #REF! | DA250: =CZ250/CY250*100 -> #REF!
I251: =COUNTIF(D251:H251,"PR") -> 0 | J251: =COUNTIF(D251:H251,"AB") -> 0 | K251: =I251+J251 -> 0 | P251: =COUNTIF(L251:O251,"PR") -> 0 | Q251: =COUNTIF(L251:O251,"AB") -> 0 | R251: =P251+Q251 -> 0 | W251: =COUNTIF(S251:V251,"PR") -> 0 | X251: =COUNTIF(S251:V251,"AB") -> 0 | Y251: =W251+X251 -> 0 | Z251: =K251+R251+Y251 -> 0 | AA251: =SUM(I251,P251,W251) -> 0 | AB251: =AA251/Z251*100 -> #DIV/0! | AH251: =COUNTIF(AD251:AG251,"PR") -> 0 | AI251: =COUNTIF(AD251:AG251,"AB") -> 0 | AJ251: =AH251+AI251 -> 0 | AP251: =COUNTIF(AK251:AO251,"PR") -> 0 | AQ251: =COUNTIF(AK251:AO251,"AB") -> 0 | AR251: =AP251+AQ251 -> 0 | AW251: =COUNTIF(AS251:AV251,"PR") -> 0 | AX251: =COUNTIF(AS251:AV251,"AB") -> 0 | AY251: =AW251+AX251 -> 0 | AZ251: =AJ251+AR251+AY251 -> 0 | BA251: =SUM(AH251,AP251,AW251) -> 0 | BB251: =BA251/AZ251*100 -> #DIV/0! | BG251: =COUNTIF(BC251:BF251,"PR") -> 0 | BH251: =COUNTIF(BC251:BF251,"AB") -> 0 | BI251: =BG251+BH251 -> 0 | BO251: =COUNTIF(BJ251:BN251,"PR") -> 0 | BP251: =COUNTIF(BJ251:BN251,"AB") -> 0 | BQ251: =BO251+BP251 -> 0 | BV251: =COUNTIF(BR251:BU251,"PR") -> 0 | BW251: =COUNTIF(BR251:BU251,"AB") -> 0 | BX251: =BV251+BW251 -> 0 | BY251: =BI251+BQ251+BX251 -> 0 | BZ251: =SUM(BG251,BO251,BV251) -> 0 | CA251: =BZ251/BY251*100 -> #DIV/0! | CH251: =COUNTIF(CC251:CG251,"PR") -> 0 | CI251: =COUNTIF(CC251:CG251,"AB") -> 0 | CJ251: =CH251+CI251 -> 0 | CO251: =COUNTIF(CK251:CN251,"PR") -> 0 | CP251: =COUNTIF(CK251:CN251,"AB") -> 0 | CQ251: =CO251+CP251 -> 0 | CV251: =COUNTIF(CR251:CU251,"PR") -> 0 | CW251: =COUNTIF(CR251:CU251,"AB") -> 0 | CX251: =CV251+CW251 -> 0 | CY251: =CH251+CO251+CV251 -> 0 | CZ251: =SUM(CF251,#REF!,CT251) -> #REF! | DA251: =CZ251/CY251*100 -> #REF!
I252: =COUNTIF(D252:H252,"PR") -> 0 | J252: =COUNTIF(D252:H252,"AB") -> 0 | K252: =I252+J252 -> 0 | P252: =COUNTIF(L252:O252,"PR") -> 0 | Q252: =COUNTIF(L252:O252,"AB") -> 0 | R252: =P252+Q252 -> 0 | W252: =COUNTIF(S252:V252,"PR") -> 0 | X252: =COUNTIF(S252:V252,"AB") -> 0 | Y252: =W252+X252 -> 0 | Z252: =K252+R252+Y252 -> 0 | AA252: =SUM(I252,P252,W252) -> 0 | AB252: =AA252/Z252*100 -> #DIV/0! | AH252: =COUNTIF(AD252:AG252,"PR") -> 0 | AI252: =COUNTIF(AD252:AG252,"AB") -> 0 | AJ252: =AH252+AI252 -> 0 | AP252: =COUNTIF(AK252:AO252,"PR") -> 0 | AQ252: =COUNTIF(AK252:AO252,"AB") -> 0 | AR252: =AP252+AQ252 -> 0 | AW252: =COUNTIF(AS252:AV252,"PR") -> 0 | AX252: =COUNTIF(AS252:AV252,"AB") -> 0 | AY252: =AW252+AX252 -> 0 | AZ252: =AJ252+AR252+AY252 -> 0 | BA252: =SUM(AH252,AP252,AW252) -> 0 | BB252: =BA252/AZ252*100 -> #DIV/0! | BG252: =COUNTIF(BC252:BF252,"PR") -> 0 | BH252: =COUNTIF(BC252:BF252,"AB") -> 0 | BI252: =BG252+BH252 -> 0 | BO252: =COUNTIF(BJ252:BN252,"PR") -> 0 | BP252: =COUNTIF(BJ252:BN252,"AB") -> 0 | BQ252: =BO252+BP252 -> 0 | BV252: =COUNTIF(BR252:BU252,"PR") -> 0 | BW252: =COUNTIF(BR252:BU252,"AB") -> 0 | BX252: =BV252+BW252 -> 0 | BY252: =BI252+BQ252+BX252 -> 0 | BZ252: =SUM(BG252,BO252,BV252) -> 0 | CA252: =BZ252/BY252*100 -> #DIV/0! | CH252: =COUNTIF(CC252:CG252,"PR") -> 0 | CI252: =COUNTIF(CC252:CG252,"AB") -> 0 | CJ252: =CH252+CI252 -> 0 | CO252: =COUNTIF(CK252:CN252,"PR") -> 0 | CP252: =COUNTIF(CK252:CN252,"AB") -> 0 | CQ252: =CO252+CP252 -> 0 | CV252: =COUNTIF(CR252:CU252,"PR") -> 0 | CW252: =COUNTIF(CR252:CU252,"AB") -> 0 | CX252: =CV252+CW252 -> 0 | CY252: =CH252+CO252+CV252 -> 0 | CZ252: =SUM(CF252,#REF!,CT252) -> #REF! | DA252: =CZ252/CY252*100 -> #REF!
I253: =COUNTIF(D253:H253,"PR") -> 0 | J253: =COUNTIF(D253:H253,"AB") -> 0 | K253: =I253+J253 -> 0 | P253: =COUNTIF(L253:O253,"PR") -> 0 | Q253: =COUNTIF(L253:O253,"AB") -> 0 | R253: =P253+Q253 -> 0 | W253: =COUNTIF(S253:V253,"PR") -> 0 | X253: =COUNTIF(S253:V253,"AB") -> 0 | Y253: =W253+X253 -> 0 | Z253: =K253+R253+Y253 -> 0 | AA253: =SUM(I253,P253,W253) -> 0 | AB253: =AA253/Z253*100 -> #DIV/0! | AH253: =COUNTIF(AD253:AG253,"PR") -> 0 | AI253: =COUNTIF(AD253:AG253,"AB") -> 0 | AJ253: =AH253+AI253 -> 0 | AP253: =COUNTIF(AK253:AO253,"PR") -> 0 | AQ253: =COUNTIF(AK253:AO253,"AB") -> 0 | AR253: =AP253+AQ253 -> 0 | AW253: =COUNTIF(AS253:AV253,"PR") -> 0 | AX253: =COUNTIF(AS253:AV253,"AB") -> 0 | AY253: =AW253+AX253 -> 0 | AZ253: =AJ253+AR253+AY253 -> 0 | BA253: =SUM(AH253,AP253,AW253) -> 0 | BB253: =BA253/AZ253*100 -> #DIV/0! | BG253: =COUNTIF(BC253:BF253,"PR") -> 0 | BH253: =COUNTIF(BC253:BF253,"AB") -> 0 | BI253: =BG253+BH253 -> 0 | BO253: =COUNTIF(BJ253:BN253,"PR") -> 0 | BP253: =COUNTIF(BJ253:BN253,"AB") -> 0 | BQ253: =BO253+BP253 -> 0 | BV253: =COUNTIF(BR253:BU253,"PR") -> 0 | BW253: =COUNTIF(BR253:BU253,"AB") -> 0 | BX253: =BV253+BW253 -> 0 | BY253: =BI253+BQ253+BX253 -> 0 | BZ253: =SUM(BG253,BO253,BV253) -> 0 | CA253: =BZ253/BY253*100 -> #DIV/0! | CH253: =COUNTIF(CC253:CG253,"PR") -> 0 | CI253: =COUNTIF(CC253:CG253,"AB") -> 0 | CJ253: =CH253+CI253 -> 0 | CO253: =COUNTIF(CK253:CN253,"PR") -> 0 | CP253: =COUNTIF(CK253:CN253,"AB") -> 0 | CQ253: =CO253+CP253 -> 0 | CV253: =COUNTIF(CR253:CU253,"PR") -> 0 | CW253: =COUNTIF(CR253:CU253,"AB") -> 0 | CX253: =CV253+CW253 -> 0 | CY253: =CH253+CO253+CV253 -> 0 | CZ253: =SUM(CF253,#REF!,CT253) -> #REF! | DA253: =CZ253/CY253*100 -> #REF!
I254: =COUNTIF(D254:H254,"PR") -> 0 | J254: =COUNTIF(D254:H254,"AB") -> 0 | K254: =I254+J254 -> 0 | P254: =COUNTIF(L254:O254,"PR") -> 0 | Q254: =COUNTIF(L254:O254,"AB") -> 0 | R254: =P254+Q254 -> 0 | W254: =COUNTIF(S254:V254,"PR") -> 0 | X254: =COUNTIF(S254:V254,"AB") -> 0 | Y254: =W254+X254 -> 0 | Z254: =K254+R254+Y254 -> 0 | AA254: =SUM(I254,P254,W254) -> 0 | AB254: =AA254/Z254*100 -> #DIV/0! | AH254: =COUNTIF(AD254:AG254,"PR") -> 0 | AI254: =COUNTIF(AD254:AG254,"AB") -> 0 | AJ254: =AH254+AI254 -> 0 | AP254: =COUNTIF(AK254:AO254,"PR") -> 0 | AQ254: =COUNTIF(AK254:AO254,"AB") -> 0 | AR254: =AP254+AQ254 -> 0 | AW254: =COUNTIF(AS254:AV254,"PR") -> 0 | AX254: =COUNTIF(AS254:AV254,"AB") -> 0 | AY254: =AW254+AX254 -> 0 | AZ254: =AJ254+AR254+AY254 -> 0 | BA254: =SUM(AH254,AP254,AW254) -> 0 | BB254: =BA254/AZ254*100 -> #DIV/0! | BG254: =COUNTIF(BC254:BF254,"PR") -> 0 | BH254: =COUNTIF(BC254:BF254,"AB") -> 0 | BI254: =BG254+BH254 -> 0 | BO254: =COUNTIF(BJ254:BN254,"PR") -> 0 | BP254: =COUNTIF(BJ254:BN254,"AB") -> 0 | BQ254: =BO254+BP254 -> 0 | BV254: =COUNTIF(BR254:BU254,"PR") -> 0 | BW254: =COUNTIF(BR254:BU254,"AB") -> 0 | BX254: =BV254+BW254 -> 0 | BY254: =BI254+BQ254+BX254 -> 0 | BZ254: =SUM(BG254,BO254,BV254) -> 0 | CA254: =BZ254/BY254*100 -> #DIV/0! | CH254: =COUNTIF(CC254:CG254,"PR") -> 0 | CI254: =COUNTIF(CC254:CG254,"AB") -> 0 | CJ254: =CH254+CI254 -> 0 | CO254: =COUNTIF(CK254:CN254,"PR") -> 0 | CP254: =COUNTIF(CK254:CN254,"AB") -> 0 | CQ254: =CO254+CP254 -> 0 | CV254: =COUNTIF(CR254:CU254,"PR") -> 0 | CW254: =COUNTIF(CR254:CU254,"AB") -> 0 | CX254: =CV254+CW254 -> 0 | CY254: =CH254+CO254+CV254 -> 0 | CZ254: =SUM(CF254,#REF!,CT254) -> #REF! | DA254: =CZ254/CY254*100 -> #REF!
I255: =COUNTIF(D255:H255,"PR") -> 0 | J255: =COUNTIF(D255:H255,"AB") -> 0 | K255: =I255+J255 -> 0 | P255: =COUNTIF(L255:O255,"PR") -> 0 | Q255: =COUNTIF(L255:O255,"AB") -> 0 | R255: =P255+Q255 -> 0 | W255: =COUNTIF(S255:V255,"PR") -> 0 | X255: =COUNTIF(S255:V255,"AB") -> 0 | Y255: =W255+X255 -> 0 | Z255: =K255+R255+Y255 -> 0 | AA255: =SUM(I255,P255,W255) -> 0 | AB255: =AA255/Z255*100 -> #DIV/0! | AH255: =COUNTIF(AD255:AG255,"PR") -> 0 | AI255: =COUNTIF(AD255:AG255,"AB") -> 0 | AJ255: =AH255+AI255 -> 0 | AP255: =COUNTIF(AK255:AO255,"PR") -> 0 | AQ255: =COUNTIF(AK255:AO255,"AB") -> 0 | AR255: =AP255+AQ255 -> 0 | AW255: =COUNTIF(AS255:AV255,"PR") -> 0 | AX255: =COUNTIF(AS255:AV255,"AB") -> 0 | AY255: =AW255+AX255 -> 0 | AZ255: =AJ255+AR255+AY255 -> 0 | BA255: =SUM(AH255,AP255,AW255) -> 0 | BB255: =BA255/AZ255*100 -> #DIV/0! | BG255: =COUNTIF(BC255:BF255,"PR") -> 0 | BH255: =COUNTIF(BC255:BF255,"AB") -> 0 | BI255: =BG255+BH255 -> 0 | BO255: =COUNTIF(BJ255:BN255,"PR") -> 0 | BP255: =COUNTIF(BJ255:BN255,"AB") -> 0 | BQ255: =BO255+BP255 -> 0 | BV255: =COUNTIF(BR255:BU255,"PR") -> 0 | BW255: =COUNTIF(BR255:BU255,"AB") -> 0 | BX255: =BV255+BW255 -> 0 | BY255: =BI255+BQ255+BX255 -> 0 | BZ255: =SUM(BG255,BO255,BV255) -> 0 | CA255: =BZ255/BY255*100 -> #DIV/0! | CH255: =COUNTIF(CC255:CG255,"PR") -> 0 | CI255: =COUNTIF(CC255:CG255,"AB") -> 0 | CJ255: =CH255+CI255 -> 0 | CO255: =COUNTIF(CK255:CN255,"PR") -> 0 | CP255: =COUNTIF(CK255:CN255,"AB") -> 0 | CQ255: =CO255+CP255 -> 0 | CV255: =COUNTIF(CR255:CU255,"PR") -> 0 | CW255: =COUNTIF(CR255:CU255,"AB") -> 0 | CX255: =CV255+CW255 -> 0 | CY255: =CH255+CO255+CV255 -> 0 | CZ255: =SUM(CF255,#REF!,CT255) -> #REF! | DA255: =CZ255/CY255*100 -> #REF!
I256: =COUNTIF(D256:H256,"PR") -> 0 | J256: =COUNTIF(D256:H256,"AB") -> 0 | K256: =I256+J256 -> 0 | P256: =COUNTIF(L256:O256,"PR") -> 0 | Q256: =COUNTIF(L256:O256,"AB") -> 0 | R256: =P256+Q256 -> 0 | W256: =COUNTIF(S256:V256,"PR") -> 0 | X256: =COUNTIF(S256:V256,"AB") -> 0 | Y256: =W256+X256 -> 0 | Z256: =K256+R256+Y256 -> 0 | AA256: =SUM(I256,P256,W256) -> 0 | AB256: =AA256/Z256*100 -> #DIV/0! | AH256: =COUNTIF(AD256:AG256,"PR") -> 0 | AI256: =COUNTIF(AD256:AG256,"AB") -> 0 | AJ256: =AH256+AI256 -> 0 | AP256: =COUNTIF(AK256:AO256,"PR") -> 0 | AQ256: =COUNTIF(AK256:AO256,"AB") -> 0 | AR256: =AP256+AQ256 -> 0 | AW256: =COUNTIF(AS256:AV256,"PR") -> 0 | AX256: =COUNTIF(AS256:AV256,"AB") -> 0 | AY256: =AW256+AX256 -> 0 | AZ256: =AJ256+AR256+AY256 -> 0 | BA256: =SUM(AH256,AP256,AW256) -> 0 | BB256: =BA256/AZ256*100 -> #DIV/0! | BG256: =COUNTIF(BC256:BF256,"PR") -> 0 | BH256: =COUNTIF(BC256:BF256,"AB") -> 0 | BI256: =BG256+BH256 -> 0 | BO256: =COUNTIF(BJ256:BN256,"PR") -> 0 | BP256: =COUNTIF(BJ256:BN256,"AB") -> 0 | BQ256: =BO256+BP256 -> 0 | BV256: =COUNTIF(BR256:BU256,"PR") -> 0 | BW256: =COUNTIF(BR256:BU256,"AB") -> 0 | BX256: =BV256+BW256 -> 0 | BY256: =BI256+BQ256+BX256 -> 0 | BZ256: =SUM(BG256,BO256,BV256) -> 0 | CA256: =BZ256/BY256*100 -> #DIV/0! | CH256: =COUNTIF(CC256:CG256,"PR") -> 0 | CI256: =COUNTIF(CC256:CG256,"AB") -> 0 | CJ256: =CH256+CI256 -> 0 | CO256: =COUNTIF(CK256:CN256,"PR") -> 0 | CP256: =COUNTIF(CK256:CN256,"AB") -> 0 | CQ256: =CO256+CP256 -> 0 | CV256: =COUNTIF(CR256:CU256,"PR") -> 0 | CW256: =COUNTIF(CR256:CU256,"AB") -> 0 | CX256: =CV256+CW256 -> 0 | CY256: =CH256+CO256+CV256 -> 0 | CZ256: =SUM(CF256,#REF!,CT256) -> #REF! | DA256: =CZ256/CY256*100 -> #REF!
I257: =COUNTIF(D257:H257,"PR") -> 0 | J257: =COUNTIF(D257:H257,"AB") -> 0 | K257: =I257+J257 -> 0 | P257: =COUNTIF(L257:O257,"PR") -> 0 | Q257: =COUNTIF(L257:O257,"AB") -> 0 | R257: =P257+Q257 -> 0 | W257: =COUNTIF(S257:V257,"PR") -> 0 | X257: =COUNTIF(S257:V257,"AB") -> 0 | Y257: =W257+X257 -> 0 | Z257: =K257+R257+Y257 -> 0 | AA257: =SUM(I257,P257,W257) -> 0 | AB257: =AA257/Z257*100 -> #DIV/0! | AH257: =COUNTIF(AD257:AG257,"PR") -> 0 | AI257: =COUNTIF(AD257:AG257,"AB") -> 0 | AJ257: =AH257+AI257 -> 0 | AP257: =COUNTIF(AK257:AO257,"PR") -> 0 | AQ257: =COUNTIF(AK257:AO257,"AB") -> 0 | AR257: =AP257+AQ257 -> 0 | AW257: =COUNTIF(AS257:AV257,"PR") -> 0 | AX257: =COUNTIF(AS257:AV257,"AB") -> 0 | AY257: =AW257+AX257 -> 0 | AZ257: =AJ257+AR257+AY257 -> 0 | BA257: =SUM(AH257,AP257,AW257) -> 0 | BB257: =BA257/AZ257*100 -> #DIV/0! | BG257: =COUNTIF(BC257:BF257,"PR") -> 0 | BH257: =COUNTIF(BC257:BF257,"AB") -> 0 | BI257: =BG257+BH257 -> 0 | BO257: =COUNTIF(BJ257:BN257,"PR") -> 0 | BP257: =COUNTIF(BJ257:BN257,"AB") -> 0 | BQ257: =BO257+BP257 -> 0 | BV257: =COUNTIF(BR257:BU257,"PR") -> 0 | BW257: =COUNTIF(BR257:BU257,"AB") -> 0 | BX257: =BV257+BW257 -> 0 | BY257: =BI257+BQ257+BX257 -> 0 | BZ257: =SUM(BG257,BO257,BV257) -> 0 | CA257: =BZ257/BY257*100 -> #DIV/0! | CH257: =COUNTIF(CC257:CG257,"PR") -> 0 | CI257: =COUNTIF(CC257:CG257,"AB") -> 0 | CJ257: =CH257+CI257 -> 0 | CO257: =COUNTIF(CK257:CN257,"PR") -> 0 | CP257: =COUNTIF(CK257:CN257,"AB") -> 0 | CQ257: =CO257+CP257 -> 0 | CV257: =COUNTIF(CR257:CU257,"PR") -> 0 | CW257: =COUNTIF(CR257:CU257,"AB") -> 0 | CX257: =CV257+CW257 -> 0 | CY257: =CH257+CO257+CV257 -> 0 | CZ257: =SUM(CF257,#REF!,CT257) -> #REF! | DA257: =CZ257/CY257*100 -> #REF!
I258: =COUNTIF(D258:H258,"PR") -> 0 | J258: =COUNTIF(D258:H258,"AB") -> 0 | K258: =I258+J258 -> 0 | P258: =COUNTIF(L258:O258,"PR") -> 0 | Q258: =COUNTIF(L258:O258,"AB") -> 0 | R258: =P258+Q258 -> 0 | W258: =COUNTIF(S258:V258,"PR") -> 0 | X258: =COUNTIF(S258:V258,"AB") -> 0 | Y258: =W258+X258 -> 0 | Z258: =K258+R258+Y258 -> 0 | AA258: =SUM(I258,P258,W258) -> 0 | AB258: =AA258/Z258*100 -> #DIV/0! | AH258: =COUNTIF(AD258:AG258,"PR") -> 0 | AI258: =COUNTIF(AD258:AG258,"AB") -> 0 | AJ258: =AH258+AI258 -> 0 | AP258: =COUNTIF(AK258:AO258,"PR") -> 0 | AQ258: =COUNTIF(AK258:AO258,"AB") -> 0 | AR258: =AP258+AQ258 -> 0 | AW258: =COUNTIF(AS258:AV258,"PR") -> 0 | AX258: =COUNTIF(AS258:AV258,"AB") -> 0 | AY258: =AW258+AX258 -> 0 | AZ258: =AJ258+AR258+AY258 -> 0 | BA258: =SUM(AH258,AP258,AW258) -> 0 | BB258: =BA258/AZ258*100 -> #DIV/0! | BG258: =COUNTIF(BC258:BF258,"PR") -> 0 | BH258: =COUNTIF(BC258:BF258,"AB") -> 0 | BI258: =BG258+BH258 -> 0 | BO258: =COUNTIF(BJ258:BN258,"PR") -> 0 | BP258: =COUNTIF(BJ258:BN258,"AB") -> 0 | BQ258: =BO258+BP258 -> 0 | BV258: =COUNTIF(BR258:BU258,"PR") -> 0 | BW258: =COUNTIF(BR258:BU258,"AB") -> 0 | BX258: =BV258+BW258 -> 0 | BY258: =BI258+BQ258+BX258 -> 0 | BZ258: =SUM(BG258,BO258,BV258) -> 0 | CA258: =BZ258/BY258*100 -> #DIV/0! | CH258: =COUNTIF(CC258:CG258,"PR") -> 0 | CI258: =COUNTIF(CC258:CG258,"AB") -> 0 | CJ258: =CH258+CI258 -> 0 | CO258: =COUNTIF(CK258:CN258,"PR") -> 0 | CP258: =COUNTIF(CK258:CN258,"AB") -> 0 | CQ258: =CO258+CP258 -> 0 | CV258: =COUNTIF(CR258:CU258,"PR") -> 0 | CW258: =COUNTIF(CR258:CU258,"AB") -> 0 | CX258: =CV258+CW258 -> 0 | CY258: =CH258+CO258+CV258 -> 0 | CZ258: =SUM(CF258,#REF!,CT258) -> #REF! | DA258: =CZ258/CY258*100 -> #REF!
I259: =COUNTIF(D259:H259,"PR") -> 0 | J259: =COUNTIF(D259:H259,"AB") -> 0 | K259: =I259+J259 -> 0 | P259: =COUNTIF(L259:O259,"PR") -> 0 | Q259: =COUNTIF(L259:O259,"AB") -> 0 | R259: =P259+Q259 -> 0 | W259: =COUNTIF(S259:V259,"PR") -> 0 | X259: =COUNTIF(S259:V259,"AB") -> 0 | Y259: =W259+X259 -> 0 | Z259: =K259+R259+Y259 -> 0 | AA259: =SUM(I259,P259,W259) -> 0 | AB259: =AA259/Z259*100 -> #DIV/0! | AH259: =COUNTIF(AD259:AG259,"PR") -> 0 | AI259: =COUNTIF(AD259:AG259,"AB") -> 0 | AJ259: =AH259+AI259 -> 0 | AP259: =COUNTIF(AK259:AO259,"PR") -> 0 | AQ259: =COUNTIF(AK259:AO259,"AB") -> 0 | AR259: =AP259+AQ259 -> 0 | AW259: =COUNTIF(AS259:AV259,"PR") -> 0 | AX259: =COUNTIF(AS259:AV259,"AB") -> 0 | AY259: =AW259+AX259 -> 0 | AZ259: =AJ259+AR259+AY259 -> 0 | BA259: =SUM(AH259,AP259,AW259) -> 0 | BB259: =BA259/AZ259*100 -> #DIV/0! | BG259: =COUNTIF(BC259:BF259,"PR") -> 0 | BH259: =COUNTIF(BC259:BF259,"AB") -> 0 | BI259: =BG259+BH259 -> 0 | BO259: =COUNTIF(BJ259:BN259,"PR") -> 0 | BP259: =COUNTIF(BJ259:BN259,"AB") -> 0 | BQ259: =BO259+BP259 -> 0 | BV259: =COUNTIF(BR259:BU259,"PR") -> 0 | BW259: =COUNTIF(BR259:BU259,"AB") -> 0 | BX259: =BV259+BW259 -> 0 | BY259: =BI259+BQ259+BX259 -> 0 | BZ259: =SUM(BG259,BO259,BV259) -> 0 | CA259: =BZ259/BY259*100 -> #DIV/0! | CH259: =COUNTIF(CC259:CG259,"PR") -> 0 | CI259: =COUNTIF(CC259:CG259,"AB") -> 0 | CJ259: =CH259+CI259 -> 0 | CO259: =COUNTIF(CK259:CN259,"PR") -> 0 | CP259: =COUNTIF(CK259:CN259,"AB") -> 0 | CQ259: =CO259+CP259 -> 0 | CV259: =COUNTIF(CR259:CU259,"PR") -> 0 | CW259: =COUNTIF(CR259:CU259,"AB") -> 0 | CX259: =CV259+CW259 -> 0 | CY259: =CH259+CO259+CV259 -> 0 | CZ259: =SUM(CF259,#REF!,CT259) -> #REF! | DA259: =CZ259/CY259*100 -> #REF!
... I344: =COUNTIF(D344:H344,"PR") -> 0 | J344: =COUNTIF(D344:H344,"AB") -> 0 | K344: =I344+J344 -> 0 | P344: =COUNTIF(L344:O344,"PR") -> 0 | Q344: =COUNTIF(L344:O344,"AB") -> 0 | R344: =P344+Q344 -> 0 | W344: =COUNTIF(S344:V344,"PR") -> 0 | X344: =COUNTIF(S344:V344,"AB") -> 0 | Y344: =W344+X344 -> 0 | Z344: =K344+R344+Y344 -> 0 | AA344: =SUM(I344,P344,W344) -> 0 | AB344: =AA344/Z344*100 -> #DIV/0! | AH344: =COUNTIF(AD344:AG344,"PR") -> 0 | AI344: =COUNTIF(AD344:AG344,"AB") -> 0 | AJ344: =AH344+AI344 -> 0 | AP344: =COUNTIF(AK344:AO344,"PR") -> 0 | AQ344: =COUNTIF(AK344:AO344,"AB") -> 0 | AR344: =AP344+AQ344 -> 0 | AW344: =COUNTIF(AS344:AV344,"PR") -> 0 | AX344: =COUNTIF(AS344:AV344,"AB") -> 0 | AY344: =AW344+AX344 -> 0 | AZ344: =AJ344+AR344+AY344 -> 0 | BA344: =SUM(AH344,AP344,AW344) -> 0 | BB344: =BA344/AZ344*100 -> #DIV/0! | BG344: =COUNTIF(BC344:BF344,"PR") -> 0 | BH344: =COUNTIF(BC344:BF344,"AB") -> 0 | BI344: =BG344+BH344 -> 0 | BO344: =COUNTIF(BJ344:BN344,"PR") -> 0 | BP344: =COUNTIF(BJ344:BN344,"AB") -> 0 | BQ344: =BO344+BP344 -> 0 | BV344: =COUNTIF(BR344:BU344,"PR") -> 0 | BW344: =COUNTIF(BR344:BU344,"AB") -> 0 | BX344: =BV344+BW344 -> 0 | BY344: =BI344+BQ344+BX344 -> 0 | BZ344: =SUM(BG344,BO344,BV344) -> 0 | CA344: =BZ344/BY344*100 -> #DIV/0! | CH344: =COUNTIF(CC344:CG344,"PR") -> 0 | CI344: =COUNTIF(CC344:CG344,"AB") -> 0 | CJ344: =CH344+CI344 -> 0 | CO344: =COUNTIF(CK344:CN344,"PR") -> 0 | CP344: =COUNTIF(CK344:CN344,"AB") -> 0 | CQ344: =CO344+CP344 -> 0 | CV344: =COUNTIF(CR344:CU344,"PR") -> 0 | CW344: =COUNTIF(CR344:CU344,"AB") -> 0 | CX344: =CV344+CW344 -> 0 | CY344: =CH344+CO344+CV344 -> 0 | CZ344: =SUM(CF344,#REF!,CT344) -> #REF! | DA344: =CZ344/CY344*100 -> #REF!
I345: =COUNTIF(D345:H345,"PR") -> 0 | J345: =COUNTIF(D345:H345,"AB") -> 0 | K345: =I345+J345 -> 0 | P345: =COUNTIF(L345:O345,"PR") -> 0 | Q345: =COUNTIF(L345:O345,"AB") -> 0 | R345: =P345+Q345 -> 0 | W345: =COUNTIF(S345:V345,"PR") -> 0 | X345: =COUNTIF(S345:V345,"AB") -> 0 | Y345: =W345+X345 -> 0 | Z345: =K345+R345+Y345 -> 0 | AA345: =SUM(I345,P345,W345) -> 0 | AB345: =AA345/Z345*100 -> #DIV/0! | AH345: =COUNTIF(AD345:AG345,"PR") -> 0 | AI345: =COUNTIF(AD345:AG345,"AB") -> 0 | AJ345: =AH345+AI345 -> 0 | AP345: =COUNTIF(AK345:AO345,"PR") -> 0 | AQ345: =COUNTIF(AK345:AO345,"AB") -> 0 | AR345: =AP345+AQ345 -> 0 | AW345: =COUNTIF(AS345:AV345,"PR") -> 0 | AX345: =COUNTIF(AS345:AV345,"AB") -> 0 | AY345: =AW345+AX345 -> 0 | AZ345: =AJ345+AR345+AY345 -> 0 | BA345: =SUM(AH345,AP345,AW345) -> 0 | BB345: =BA345/AZ345*100 -> #DIV/0! | BG345: =COUNTIF(BC345:BF345,"PR") -> 0 | BH345: =COUNTIF(BC345:BF345,"AB") -> 0 | BI345: =BG345+BH345 -> 0 | BO345: =COUNTIF(BJ345:BN345,"PR") -> 0 | BP345: =COUNTIF(BJ345:BN345,"AB") -> 0 | BQ345: =BO345+BP345 -> 0 | BV345: =COUNTIF(BR345:BU345,"PR") -> 0 | BW345: =COUNTIF(BR345:BU345,"AB") -> 0 | BX345: =BV345+BW345 -> 0 | BY345: =BI345+BQ345+BX345 -> 0 | BZ345: =SUM(BG345,BO345,BV345) -> 0 | CA345: =BZ345/BY345*100 -> #DIV/0! | CH345: =COUNTIF(CC345:CG345,"PR") -> 0 | CI345: =COUNTIF(CC345:CG345,"AB") -> 0 | CJ345: =CH345+CI345 -> 0 | CO345: =COUNTIF(CK345:CN345,"PR") -> 0 | CP345: =COUNTIF(CK345:CN345,"AB") -> 0 | CQ345: =CO345+CP345 -> 0 | CV345: =COUNTIF(CR345:CU345,"PR") -> 0 | CW345: =COUNTIF(CR345:CU345,"AB") -> 0 | CX345: =CV345+CW345 -> 0 | CY345: =CH345+CO345+CV345 -> 0 | CZ345: =SUM(CF345,#REF!,CT346) -> #REF! | DA345: =CZ345/CY345*100 -> #REF!
I346: =COUNTIF(D346:H346,"PR") -> 0 | J346: =COUNTIF(D346:H346,"AB") -> 0 | K346: =I346+J346 -> 0 | P346: =COUNTIF(L346:O346,"PR") -> 0 | Q346: =COUNTIF(L346:O346,"AB") -> 0 | R346: =P346+Q346 -> 0 | W346: =COUNTIF(S346:V346,"PR") -> 0 | X346: =COUNTIF(S346:V346,"AB") -> 0 | Y346: =W346+X346 -> 0 | Z346: =K346+R346+Y346 -> 0 | AA346: =SUM(I346,P346,W346) -> 0 | AB346: =AA346/Z346*100 -> #DIV/0! | AH346: =COUNTIF(AD346:AG346,"PR") -> 0 | AI346: =COUNTIF(AD346:AG346,"AB") -> 0 | AJ346: =AH346+AI346 -> 0 | AP346: =COUNTIF(AK346:AO346,"PR") -> 0 | AQ346: =COUNTIF(AK346:AO346,"AB") -> 0 | AR346: =AP346+AQ346 -> 0 | AW346: =COUNTIF(AS346:AV346,"PR") -> 0 | AX346: =COUNTIF(AS346:AV346,"AB") -> 0 | AY346: =AW346+AX346 -> 0 | AZ346: =AJ346+AR346+AY346 -> 0 | BA346: =SUM(AH346,AP346,AW346) -> 0 | BB346: =BA346/AZ346*100 -> #DIV/0! | BG346: =COUNTIF(BC346:BF346,"PR") -> 0 | BH346: =COUNTIF(BC346:BF346,"AB") -> 0 | BI346: =BG346+BH346 -> 0 | BO346: =COUNTIF(BJ346:BN346,"PR") -> 0 | BP346: =COUNTIF(BJ346:BN346,"AB") -> 0 | BQ346: =BO346+BP346 -> 0 | BV346: =COUNTIF(BR346:BU346,"PR") -> 0 | BW346: =COUNTIF(BR346:BU346,"AB") -> 0 | BX346: =BV346+BW346 -> 0 | BY346: =BI346+BQ346+BX346 -> 0 | BZ346: =SUM(BG346,BO346,BV346) -> 0 | CA346: =BZ346/BY346*100 -> #DIV/0! | CH346: =COUNTIF(CC346:CG346,"PR") -> 0 | CI346: =COUNTIF(CC346:CG346,"AB") -> 0 | CJ346: =CH346+CI346 -> 0 | CO346: =COUNTIF(CK346:CN346,"PR") -> 0 | CP346: =COUNTIF(CK346:CN346,"AB") -> 0 | CQ346: =CO346+CP346 -> 0 | CV346: =COUNTIF(CR346:CU346,"PR") -> 0 | CW346: =COUNTIF(CR346:CU346,"AB") -> 0 | CX346: =CV346+CW346 -> 0 | CY346: =CH346+CO346+CV346 -> 0 | CZ346: =SUM(CF346,#REF!,CT347) -> #REF! | DA346: =CZ346/CY346*100 -> #REF!
I347: =COUNTIF(D347:H347,"PR") -> 0 | J347: =COUNTIF(D347:H347,"AB") -> 0 | K347: =I347+J347 -> 0 | P347: =COUNTIF(L347:O347,"PR") -> 0 | Q347: =COUNTIF(L347:O347,"AB") -> 0 | R347: =P347+Q347 -> 0 | W347: =COUNTIF(S347:V347,"PR") -> 0 | X347: =COUNTIF(S347:V347,"AB") -> 0 | Y347: =W347+X347 -> 0 | Z347: =K347+R347+Y347 -> 0 | AA347: =SUM(I347,P347,W347) -> 0 | AB347: =AA347/Z347*100 -> #DIV/0! | AH347: =COUNTIF(AD347:AG347,"PR") -> 0 | AI347: =COUNTIF(AD347:AG347,"AB") -> 0 | AJ347: =AH347+AI347 -> 0 | AP347: =COUNTIF(AK347:AO347,"PR") -> 0 | AQ347: =COUNTIF(AK347:AO347,"AB") -> 0 | AR347: =AP347+AQ347 -> 0 | AW347: =COUNTIF(AS347:AV347,"PR") -> 0 | AX347: =COUNTIF(AS347:AV347,"AB") -> 0 | AY347: =AW347+AX347 -> 0 | AZ347: =AJ347+AR347+AY347 -> 0 | BA347: =SUM(AH347,AP347,AW347) -> 0 | BB347: =BA347/AZ347*100 -> #DIV/0! | BG347: =COUNTIF(BC347:BF347,"PR") -> 0 | BH347: =COUNTIF(BC347:BF347,"AB") -> 0 | BI347: =BG347+BH347 -> 0 | BO347: =COUNTIF(BJ347:BN347,"PR") -> 0 | BP347: =COUNTIF(BJ347:BN347,"AB") -> 0 | BQ347: =BO347+BP347 -> 0 | BV347: =COUNTIF(BR347:BU347,"PR") -> 0 | BW347: =COUNTIF(BR347:BU347,"AB") -> 0 | BX347: =BV347+BW347 -> 0 | BY347: =BI347+BQ347+BX347 -> 0 | BZ347: =SUM(BG347,BO347,BV347) -> 0 | CA347: =BZ347/BY347*100 -> #DIV/0! | CH347: =COUNTIF(CC347:CG347,"PR") -> 0 | CI347: =COUNTIF(CC347:CG347,"AB") -> 0 | CJ347: =CH347+CI347 -> 0 | CO347: =COUNTIF(CK347:CN347,"PR") -> 0 | CP347: =COUNTIF(CK347:CN347,"AB") -> 0 | CQ347: =CO347+CP347 -> 0 | CV347: =COUNTIF(CR347:CU347,"PR") -> 0 | CW347: =COUNTIF(CR347:CU347,"AB") -> 0 | CX347: =CV347+CW347 -> 0 | CY347: =CH347+CO347+CV347 -> 0 | CZ347: =SUM(CF347,#REF!,CT347) -> #REF! | DA347: =CZ347/CY347*100 -> #REF!
I348: =COUNTIF(D348:H348,"PR") -> 0 | J348: =COUNTIF(D348:H348,"AB") -> 0 | K348: =I348+J348 -> 0 | P348: =COUNTIF(L348:O348,"PR") -> 0 | Q348: =COUNTIF(L348:O348,"AB") -> 0 | R348: =P348+Q348 -> 0 | W348: =COUNTIF(S348:V348,"PR") -> 0 | X348: =COUNTIF(S348:V348,"AB") -> 0 | Y348: =W348+X348 -> 0 | Z348: =K348+R348+Y348 -> 0 | AA348: =SUM(I348,P348,W348) -> 0 | AB348: =AA348/Z348*100 -> #DIV/0! | AH348: =COUNTIF(AD348:AG348,"PR") -> 0 | AI348: =COUNTIF(AD348:AG348,"AB") -> 0 | AJ348: =AH348+AI348 -> 0 | AP348: =COUNTIF(AK348:AO348,"PR") -> 0 | AQ348: =COUNTIF(AK348:AO348,"AB") -> 0 | AR348: =AP348+AQ348 -> 0 | AW348: =COUNTIF(AS348:AV348,"PR") -> 0 | AX348: =COUNTIF(AS348:AV348,"AB") -> 0 | AY348: =AW348+AX348 -> 0 | AZ348: =AJ348+AR348+AY348 -> 0 | BA348: =SUM(AH348,AP348,AW348) -> 0 | BB348: =BA348/AZ348*100 -> #DIV/0! | BG348: =COUNTIF(BC348:BF348,"PR") -> 0 | BH348: =COUNTIF(BC348:BF348,"AB") -> 0 | BI348: =BG348+BH348 -> 0 | BO348: =COUNTIF(BJ348:BN348,"PR") -> 0 | BP348: =COUNTIF(BJ348:BN348,"AB") -> 0 | BQ348: =BO348+BP348 -> 0 | BV348: =COUNTIF(BR348:BU348,"PR") -> 0 | BW348: =COUNTIF(BR348:BU348,"AB") -> 0 | BX348: =BV348+BW348 -> 0 | BY348: =BI348+BQ348+BX348 -> 0 | BZ348: =SUM(BG348,BO348,BV348) -> 0 | CA348: =BZ348/BY348*100 -> #DIV/0! | CH348: =COUNTIF(CC348:CG348,"PR") -> 0 | CI348: =COUNTIF(CC348:CG348,"AB") -> 0 | CJ348: =CH348+CI348 -> 0 | CO348: =COUNTIF(CK348:CN348,"PR") -> 0 | CP348: =COUNTIF(CK348:CN348,"AB") -> 0 | CQ348: =CO348+CP348 -> 0 | CV348: =COUNTIF(CR348:CU348,"PR") -> 0 | CW348: =COUNTIF(CR348:CU348,"AB") -> 0 | CX348: =CV348+CW348 -> 0 | CY348: =CH348+CO348+CV348 -> 0 | CZ348: =SUM(CF348,#REF!,CT348) -> #REF! | DA348: =CZ348/CY348*100 -> #REF!
I349: =SUM(I243:I348) -> 4 | K349: =SUM(K243:K348) -> 4 | P349: =SUM(P243:P348) -> 0 | R349: =SUM(R243:R348) -> 0 | W349: =SUM(W243:W348) -> 0 | AH349: =SUM(AH243:AH348) -> 0 | AP349: =SUM(AP243:AP348) -> 0 | AW349: =SUM(AW243:AW348) -> 0 | BG349: =SUM(BG243:BG348) -> 0 | BO349: =SUM(BO243:BO348) -> 0 | BV349: =SUM(BV243:BV348) -> 0 | CH349: =SUM(CH243:CH348) -> 0 | CO349: =SUM(CO243:CO348) -> 0 | CV349: =SUM(CV243:CV348) -> 0
D350: =COUNTIF(D5:D348,"PR") -> 11 | F350: =COUNTIF(F5:F348,"PR") -> 7 | G350: =COUNTIF(G5:G348,"PR") -> 0 | H350: =COUNTIF(H5:H348,"PR") -> 0 | L350: =COUNTIF(L5:L348,"PR") -> 0 | M350: =COUNTIF(M5:M348,"PR") -> 0 | N350: =COUNTIF(N5:N348,"PR") -> 0 | O350: =COUNTIF(O5:O348,"PR") -> 0 | S350: =COUNTIF(S5:S348,"PR") -> 0 | T350: =COUNTIF(T5:T348,"PR") -> 0 | U350: =COUNTIF(U5:U348,"PR") -> 0 | V350: =COUNTIF(V5:V348,"PR") -> 0 | AD350: =COUNTIF(AD5:AD348,"PR") -> 0 | AE350: =COUNTIF(AE5:AE348,"PR") -> 0 | AF350: =COUNTIF(AF5:AF348,"PR") -> 0 | AG350: =COUNTIF(AG5:AG348,"PR") -> 0 | AK350: =COUNTIF(AK5:AK348,"PR") -> 0 | AL350: =COUNTIF(AL5:AL348,"PR") -> 0 | AM350: =COUNTIF(AM5:AM348,"PR") -> 0 | AN350: =COUNTIF(AN5:AN348,"PR") -> 0 | AO350: =COUNTIF(AO5:AO348,"PR") -> 0 | AS350: =COUNTIF(AS5:AS348,"PR") -> 0 | AT350: =COUNTIF(AT5:AT348,"PR") -> 0 | AU350: =COUNTIF(AU5:AU348,"PR") -> 0 | AV350: =COUNTIF(AV5:AV348,"PR") -> 0 | BB350: =BA350/AZ350*100 -> #DIV/0! | BC350: =COUNTIF(BC5:BC348,"PR") -> 0 | BD350: =COUNTIF(BD5:BD348,"PR") -> 0 | BE350: =COUNTIF(BE5:BE348,"PR") -> 0 | BF350: =COUNTIF(BF5:BF348,"PR") -> 0 | BJ350: =COUNTIF(BJ5:BJ348,"PR") -> 0 | BK350: =COUNTIF(BK5:BK348,"PR") -> 0 | BL350: =COUNTIF(BL5:BL348,"PR") -> 0 | BM350: =COUNTIF(BM5:BM348,"PR") -> 0 | BN350: =COUNTIF(BN5:BN348,"PR") -> 0 | BR350: =COUNTIF(BR5:BR348,"PR") -> 0 | BS350: =COUNTIF(BS5:BS348,"PR") -> 0 | BT350: =COUNTIF(BT5:BT348,"PR") -> 0 | BU350: =COUNTIF(BU5:BU348,"PR") -> 0 | CA350: =BZ350/BY350*100 -> #DIV/0! | CC350: =COUNTIF(CC5:CC348,"PR") -> 0 | CE350: =COUNTIF(CE5:CE348,"PR") -> 0 | CF350: =COUNTIF(CF5:CF348,"PR") -> 0 | CG350: =COUNTIF(CG5:CG348,"PR") -> 0 | CK350: =COUNTIF(CK5:CK348,"PR") -> 0 | CL350: =COUNTIF(CL5:CL348,"PR") -> 0 | CM350: =COUNTIF(CM5:CM348,"PR") -> 0 | CN350: =COUNTIF(CN5:CN348,"PR") -> 0 | CP350: =COUNTIF(CL350:CN350,"AB") -> 0 | CQ350: =CO349+CP350 -> 0 | CR350: =COUNTIF(CR5:CR348,"PR") -> 0 | CS350: =COUNTIF(CS5:CS348,"PR") -> 0 | CT350: =COUNTIF(CT5:CT348,"PR") -> 0 | CU350: =COUNTIF(CU5:CU348,"PR") -> 0 | DA350: =CZ350/CY350*100 -> #DIV/0!
D351: =COUNTIF(D5:D348,"AB") -> 7 | F351: =COUNTIF(F5:F348,"AB") -> 10 | G351: =COUNTIF(G5:G348,"AB") -> 0 | H351: =COUNTIF(H5:H348,"AB") -> 0 | L351: =COUNTIF(L5:L348,"AB") -> 0 | M351: =COUNTIF(M5:M348,"AB") -> 0 | N351: =COUNTIF(N5:N348,"AB") -> 0 | O351: =COUNTIF(O5:O348,"AB") -> 0 | S351: =COUNTIF(S5:S348,"AB") -> 0 | T351: =COUNTIF(T5:T348,"AB") -> 0 | U351: =COUNTIF(U5:U348,"AB") -> 0 | V351: =COUNTIF(V5:V348,"AB") -> 0 | AD351: =COUNTIF(AD5:AD348,"AB") -> 0 | AE351: =COUNTIF(AE5:AE348,"AB") -> 0 | AF351: =COUNTIF(AF5:AF348,"AB") -> 0 | AG351: =COUNTIF(AG5:AG348,"AB") -> 0 | AK351: =COUNTIF(AK5:AK348,"AB") -> 0 | AM351: =COUNTIF(AM5:AM348,"AB") -> 0 | AN351: =COUNTIF(AN5:AN348,"AB") -> 0 | AO351: =COUNTIF(AO5:AO348,"AB") -> 0 | AS351: =COUNTIF(AS5:AS348,"AB") -> 0 | AT351: =COUNTIF(AT5:AT348,"AB") -> 0 | AU351: =COUNTIF(AU5:AU348,"AB") -> 0 | AV351: =COUNTIF(AV5:AV348,"AB") -> 0 | BB351: =BA351/AZ351*100 -> #DIV/0! | BC351: =COUNTIF(BC5:BC348,"AB") -> 0 | BD351: =COUNTIF(BD5:BD348,"AB") -> 0 | BE351: =COUNTIF(BE5:BE348,"AB") -> 0 | BF351: =COUNTIF(BF5:BF348,"AB") -> 0 | BJ351: =COUNTIF(BJ5:BJ348,"AB") -> 0 | BK351: =COUNTIF(BK5:BK348,"AB") -> 0 | BL351: =COUNTIF(BL5:BL348,"AB") -> 0 | BM351: =COUNTIF(BM5:BM348,"AB") -> 0 | BN351: =COUNTIF(BN5:BN348,"AB") -> 0 | BR351: =COUNTIF(BR5:BR348,"AB") -> 0 | BS351: =COUNTIF(BS5:BS348,"AB") -> 0 | BT351: =COUNTIF(BT5:BT348,"AB") -> 0 | BU351: =COUNTIF(BU5:BU348,"AB") -> 0 | CA351: =BZ351/BY351*100 -> #DIV/0! | CC351: =COUNTIF(CC5:CC348,"AB") -> 0 | CE351: =COUNTIF(CE5:CE348,"AB") -> 0 | CF351: =COUNTIF(CF5:CF348,"AB") -> 0 | CG351: =COUNTIF(CG5:CG348,"AB") -> 0 | CK351: =COUNTIF(CK5:CK348,"AB") -> 0 | CL351: =COUNTIF(CL5:CL348,"AB") -> 0 | CM351: =COUNTIF(CM5:CM348,"AB") -> 0 | CN351: =COUNTIF(CN5:CN348,"AB") -> 0 | CP351: =COUNTIF(CL351:CN351,"AB") -> 0 | CQ351: =CO351+CP351 -> 0 | CR351: =COUNTIF(CR5:CR348,"AB") -> 0 | CS351: =COUNTIF(CS5:CS348,"AB") -> 0 | CT351: =COUNTIF(CT5:CT348,"AB") -> 0 | CU351: =COUNTIF(CU5:CU348,"AB") -> 0 | DA351: =CZ351/CY351*100 -> #DIV/0!
D352: =D350+D351 -> 18 | F352: =F350+F351 -> 17 | G352: =G350+G351 -> 0 | H352: =H350+H351 -> 0 | I352: =SUM(D352:H352) -> 35 | L352: =L350+L351 -> 0 | M352: =M350+M351 -> 0 | N352: =N350+N351 -> 0 | O352: =O350+O351 -> 0 | P352: =SUM(L352:O352) -> 0 | S352: =S350+S351 -> 0 | T352: =T350+T351 -> 0 | U352: =U350+U351 -> 0 | V352: =V350+V351 -> 0 | W352: =SUM(S352:V352) -> 0 | AD352: =AD350+AD351 -> 0 | AE352: =AE350+AE351 -> 0 | AF352: =AF350+AF351 -> 0 | AG352: =AG350+AG351 -> 0 | AH352: =SUM(AD352:AG352) -> 0 | AK352: =AK350+AK351 -> 0 | AM352: =AM350+AM351 -> 0 | AN352: =AN350+AN351 -> 0 | AO352: =AO350+AO351 -> 0 | AP352: =SUM(AK352:AO352) -> 0 | AS352: =AS350+AS351 -> 0 | AT352: =AT350+AT351 -> 0 | AU352: =AU350+AU351 -> 0 | AV352: =AV350+AV351 -> 0 | AW352: =SUM(AS352:AV352) -> 0 | BB352: =BA352/AZ352*100 -> #DIV/0! | BC352: =BC350+BC351 -> 0 | BD352: =BD350+BD351 -> 0 | BE352: =BE350+BE351 -> 0 | BF352: =BF350+BF351 -> 0 | BG352: =SUM(BC352:BF352) -> 0 | BJ352: =BJ350+BJ351 -> 0 | BK352: =BK350+BK351 -> 0 | BL352: =BL350+BL351 -> 0 | BM352: =BM350+BM351 -> 0 | BN352: =BN350+BN351 -> 0 | BO352: =SUM(BJ352:BN352) -> 0 | BR352: =BR350+BR351 -> 0 | BS352: =BS350+BS351 -> 0 | BT352: =BT350+BT351 -> 0 | BU352: =BU350+BU351 -> 0 | BV352: =SUM(BR352:BU352) -> 0 | CA352: =BZ352/BY352*100 -> #DIV/0! | CC352: =CC350+CC351 -> 0 | CE352: =CE350+CE351 -> 0 | CF352: =CF350+CF351 -> 0 | CG352: =CG350+CG351 -> 0 | CH352: =SUM(CC352:CG352) -> 0 | CK352: =CK350+CK351 -> 0 | CL352: =CL350+CL351 -> 0 | CM352: =CM350+CM351 -> 0 | CN352: =CN350+CN351 -> 0 | CO352: =SUM(CK352:CN352) -> 0 | CP352: =COUNTIF(CL352:CN352,"AB") -> 0 | CR352: =CR350+CR351 -> 0 | CS352: =CS350+CS351 -> 0 | CT352: =CT350+CT351 -> 0 | CU352: =CU350+CU351 -> 0 | CV352: =SUM(CR352:CU352) -> 0 | DA352: =CZ352/CY352*100 -> #DIV/0!
D353: =D350+F350+G350+H350 -> 18 | L353: =L350+M350+N350+O350 -> 0 | S353: =S350+T350+U350+#REF! -> #REF! | AD353: =AD350+AE350+AF350+AG350 -> 0 | AK353: =AK350+AM350+AN350+AO350 -> 0 | AS353: =AS350+AT350+AU350+#REF! -> #REF! | BC353: =BC350+BD350+BE350+BF350 -> 0 | BJ353: =BJ350+BK350+BL350+BM350+BN350 -> 0 | BR353: =BR350+BS350+BT350 -> 0 | CC353: =CC350+CE350+CF350+CG350 -> 0 | CK353: =CK350+CL350+#REF!+CM350+CN350 -> #REF! | CR353: =CR350+CS350+CT350 -> 0
D354: =D353/4 -> 4.5 | L354: =L353/4 -> 0 | S354: =S353/4 -> #REF! | AD354: =AD353/4 -> 0 | AK354: =AK353/4 -> 0 | AS354: =AS353/4 -> #REF! | BC354: =BC353/4 -> 0 | BJ354: =BJ353/5 -> 0 | BR354: =BR353/3 -> 0 | CC354: =CC353/4 -> 0 | CK354: =CK353/5 -> #REF! | CR354: =CR353/3 -> 0

Sheet Pal REPORTING DATA
B2: JAN | C2: MEA% | D2: FEB | E2: MEA% | F2: MAR | G2: MEA% | H2: QEA | I2: QEA% | J2: APR | K2: MEA% | L2: MAY | M2: MEA% | N2: JUN | O2: MEA% | P2: QEA | Q2: QEA% | R2: JUL | S2: MEA% | T2: AUG | U2: MEA% | V2: SEP | W2: MEA% | X2: QEA | Y2: QEA% | Z2: OCT | AA2: MEA% | AB2: NOV | AC2: MEA% | AD2: DEC | AE2: MEA% | AF2: QEA | AG2: QEA% | AH2: YRLY | AI2: YEA%
A3: EA | B3: ='Pal Group'!I352 -> 35 | C3: =B4/B3*100 -> 51.428571 | D3: ='Pal Group'!P352 -> 0 | E3: =D4/D3*100 -> #DIV/0! | F3: ='Pal Group'!W352 -> 0 | G3: =F4/F3*100 -> #REF! | H3: =B3+D3+F3 -> 35 | I3: =H4/H3*100 -> #REF! | J3: ='Pal Group'!AH352 -> 0 | K3: =J4/J3*100 -> #DIV/0! | L3: ='Pal Group'!AP352 -> 0 | M3: =L4/L3*100 -> #DIV/0! | N3: ='Pal Group'!AW352 -> 0 | O3: =N4/N3*100 -> #REF! | P3: =J3+L3+N3 -> 0 | Q3: =P4/P3*100 -> #REF! | R3: ='Pal Group'!BG352 -> 0 | S3: =R4/R3*100 -> #DIV/0! | T3: ='Pal Group'!BO352 -> 0 | U3: =T4/T3*100 -> #DIV/0! | V3: ='Pal Group'!BV352 -> 0 | W3: =V4/V3*100 -> #DIV/0! | X3: =R3+T3+V3 -> 0 | Y3: =X4/X3*100 -> #DIV/0! | Z3: ='Pal Group'!CH352 -> 0 | AA3: =Z4/Z3*100 -> #DIV/0! | AB3: ='Pal Group'!CO352 -> 0 | AC3: =AB4/AB3*100 -> #REF! | AD3: ='Pal Group'!CV352 -> 0 | AE3: =AD4/AD3*100 -> #DIV/0! | AF3: =Z3+AB3+AD3 -> 0 | AG3: =AF4/AF3*100 -> #REF! | AH3: =B3+D3+F3+J3+L3+N3+R3+T3+V3+Z3+AB3+AD3 -> 35 | AI3: =AH4/AH3*100 -> #REF!
A4: AA | B4: ='Pal Group'!D353 -> 18 | D4: ='Pal Group'!L353 -> 0 | F4: ='Pal Group'!S353 -> #REF! | H4: =B4+D4+F4 -> #REF! | J4: ='Pal Group'!AD353 -> 0 | L4: ='Pal Group'!AK353 -> 0 | N4: ='Pal Group'!AS353 -> #REF! | P4: =J4+L4+N4 -> #REF! | R4: ='Pal Group'!BC353 -> 0 | T4: ='Pal Group'!BJ353 -> 0 | V4: ='Pal Group'!BR353 -> 0 | X4: =R4+T4+V4 -> 0 | Z4: ='Pal Group'!CC353 -> 0 | AB4: ='Pal Group'!CK353 -> #REF! | AD4: ='Pal Group'!CR353 -> 0 | AF4: =Z4+AB4+AD4 -> #REF! | AH4: =B4+D4+F4+J4+L4+N4+R4+T4+V4+Z4+AB4+AD4 -> #REF!
A5: EA | B5: ='Pal Group'!K13 -> 9 | C5: =B6/B5*100 -> 88.888889 | D5: ='Pal Group'!R13 -> 0 | E5: =D6/D5*100 -> #DIV/0! | F5: ='Pal Group'!Y13 -> 0 | G5: =F6/F5*100 -> #DIV/0! | H5: =B5+D5+F5 -> 9 | I5: =H6/H5*100 -> 88.888889 | J5: ='Pal Group'!AJ13 -> 0 | K5: =J6/J5*100 -> #DIV/0! | L5: ='Pal Group'!AR13 -> 0 | M5: =L6/L5*100 -> #DIV/0! | N5: ='Pal Group'!AY13 -> 0 | O5: =N6/N5*100 -> #DIV/0! | P5: =J5+L5+N5 -> 0 | Q5: =P6/P5*100 -> #DIV/0! | R5: ='Pal Group'!BI13 -> 0 | S5: =R6/R5*100 -> #DIV/0! | T5: ='Pal Group'!BQ13 -> 0 | U5: =T6/T5*100 -> #DIV/0! | V5: ='Pal Group'!BX13 -> 0 | W5: =V6/V5*100 -> #DIV/0! | X5: =R5+T5+V5 -> 0 | Y5: =X6/X5*100 -> #DIV/0! | Z5: ='Pal Group'!CJ13 -> 0 | AA5: =Z6/Z5*100 -> #DIV/0! | AB5: ='Pal Group'!CQ13 -> 0 | AC5: =AB6/AB5*100 -> #DIV/0! | AD5: ='Pal Group'!CX13 -> 0 | AE5: =AD6/AD5*100 -> #DIV/0! | AF5: =Z5+AB5+AD5 -> 0 | AG5: =AF6/AF5*100 -> #DIV/0! | AH5: =B5+D5+F5+J5+L5+N5+R5+T5+V5+Z5+AB5+AD5 -> 9 | AI5: =AH6/AH5*100 -> 88.888889
A6: LEADERS | B6: ='Pal Group'!I13 -> 8 | D6: ='Pal Group'!P13 -> 0 | F6: ='Pal Group'!W13 -> 0 | H6: =B6+D6+F6 -> 8 | J6: ='Pal Group'!AH13 -> 0 | L6: ='Pal Group'!AP13 -> 0 | N6: ='Pal Group'!AP13 -> 0 | P6: =J6+L6+N6 -> 0 | R6: ='Pal Group'!BG13 -> 0 | T6: ='Pal Group'!BO13 -> 0 | V6: ='Pal Group'!BV13 -> 0 | X6: =R6+T6+V6 -> 0 | Z6: ='Pal Group'!CH13 -> 0 | AB6: ='Pal Group'!CO13 -> 0 | AD6: ='Pal Group'!CV13 -> 0 | AF6: =Z6+AB6+AD6 -> 0 | AH6: =B6+D6+F6+J6+L6+N6+R6+T6+V6+Z6+AB6+AD6 -> 8
A7: EA | B7: ='Pal Group'!K22 -> 21 | C7: =B8/B7*100 -> 71.428571 | D7: ='Pal Group'!R22 -> 0 | E7: =D8/D7*100 -> #DIV/0! | F7: ='Pal Group'!Y22 -> 0 | G7: =F8/F7*100 -> #DIV/0! | H7: =B7+D7+F7 -> 21 | I7: =H8/H7*100 -> 71.428571 | J7: ='Pal Group'!AJ22 -> 0 | K7: =J8/J7*100 -> #DIV/0! | L7: ='Pal Group'!AR22 -> 0 | M7: =L8/L7*100 -> #DIV/0! | N7: ='Pal Group'!AY22 -> 0 | O7: =N8/N7*100 -> #DIV/0! | P7: =J7+L7+N7 -> 0 | Q7: =P8/P7*100 -> #DIV/0! | R7: ='Pal Group'!BI22 -> 0 | S7: =R8/R7*100 -> #DIV/0! | T7: ='Pal Group'!BQ22 -> 0 | U7: =T8/T7*100 -> #DIV/0! | V7: ='Pal Group'!BX22 -> 0 | W7: =V8/V7*100 -> #DIV/0! | X7: =R7+T7+V7 -> 0 | Y7: =X8/X7*100 -> #DIV/0! | Z7: ='Pal Group'!CJ22 -> 0 | AA7: =Z8/Z7*100 -> #DIV/0! | AB7: ='Pal Group'!CQ22 -> 0 | AC7: =AB8/AB7*100 -> #DIV/0! | AD7: ='Pal Group'!CQ22 -> 0 | AE7: =AD8/AD7*100 -> #DIV/0! | AF7: =Z7+AB7+AD7 -> 0 | AG7: =AF8/AF7*100 -> #DIV/0! | AH7: =B7+D7+F7+J7+L7+N7+R7+T7+V7+Z7+AB7+AD7 -> 21 | AI7: =AH8/AH7*100 -> 71.428571
A8: INTENSE | B8: ='Pal Group'!I22 -> 15 | D8: ='Pal Group'!P22 -> 0 | F8: ='Pal Group'!W22 -> 0 | H8: =B8+D8+F8 -> 15 | J8: ='Pal Group'!AH22 -> 0 | L8: ='Pal Group'!AP22 -> 0 | N8: ='Pal Group'!AW22 -> 0 | P8: =J8+L8+N8 -> 0 | R8: ='Pal Group'!BG22 -> 0 | T8: ='Pal Group'!BO22 -> 0 | V8: ='Pal Group'!BV22 -> 0 | X8: =R8+T8+V8 -> 0 | Z8: ='Pal Group'!CH22 -> 0 | AB8: ='Pal Group'!CO22 -> 0 | AD8: ='Pal Group'!CV22 -> 0 | AF8: =Z8+AB8+AD8 -> 0 | AH8: =B8+D8+F8+J8+L8+N8+R8+T8+V8+Z8+AB8+AD8 -> 15
A9: EA | B9: ='Pal Group'!K36 -> 21 | C9: =B10/B9*100 -> 38.095238 | D9: ='Pal Group'!R36 -> 0 | E9: =D10/D9*100 -> #DIV/0! | F9: ='Pal Group'!Y36 -> 0 | G9: =F10/F9*100 -> #DIV/0! | H9: =B9+D9+F9 -> 21 | I9: =H10/H9*100 -> 38.095238 | J9: ='Pal Group'!AJ36 -> 0 | K9: =J10/J9*100 -> #DIV/0! | L9: ='Pal Group'!AR36 -> 0 | M9: =L10/L9*100 -> #DIV/0! | N9: ='Pal Group'!AY36 -> 0 | O9: =N10/N9*100 -> #DIV/0! | P9: =J9+L9+N9 -> 0 | Q9: =P10/P9*100 -> #DIV/0! | R9: ='Pal Group'!BI36 -> 0 | S9: =R10/R9*100 -> #DIV/0! | T9: ='Pal Group'!BQ36 -> 0 | U9: =T10/T9*100 -> #DIV/0! | V9: ='Pal Group'!BX36 -> 0 | W9: =V10/V9*100 -> #DIV/0! | X9: =R9+T9+V9 -> 0 | Y9: =X10/X9*100 -> #DIV/0! | Z9: ='Pal Group'!CJ36 -> 0 | AA9: =Z10/Z9*100 -> #DIV/0! | AB9: ='Pal Group'!CQ36 -> 0 | AC9: =AB10/AB9*100 -> #DIV/0! | AD9: ='Pal Group'!CX36 -> 0 | AE9: =AD10/AD9*100 -> #DIV/0! | AF9: =Z9+AB9+AD9 -> 0 | AG9: =AF10/AF9*100 -> #DIV/0! | AH9: =B9+D9+F9+J9+L9+N9+R9+T9+V9+Z9+AB9+AD9 -> 21 | AI9: =AH10/AH9*100 -> 38.095238
A10: CONSISTENT | B10: ='Pal Group'!I36 -> 8 | D10: ='Pal Group'!P36 -> 0 | F10: ='Pal Group'!W36 -> 0 | H10: =B10+D10+F10 -> 8 | J10: ='Pal Group'!AH36 -> 0 | L10: ='Pal Group'!AP36 -> 0 | N10: ='Pal Group'!AW36 -> 0 | P10: =J10+L10+N10 -> 0 | R10: ='Pal Group'!BG36 -> 0 | T10: ='Pal Group'!BO36 -> 0 | V10: ='Pal Group'!BV36 -> 0 | X10: =R10+T10+V10 -> 0 | Z10: ='Pal Group'!CH36 -> 0 | AB10: ='Pal Group'!CO36 -> 0 | AD10: ='Pal Group'!CV36 -> 0 | AF10: =Z10+AB10+AD10 -> 0 | AH10: =B10+D10+F10+J10+L10+N10+R10+T10+V10+Z10+AB10+AD10 -> 8
A11: EA | B11: ='Pal Group'!K138 -> 0 | C11: =B12/B11*100 -> #DIV/0! | D11: ='Pal Group'!R138 -> 0 | E11: =D12/D11*100 -> #DIV/0! | F11: ='Pal Group'!Y138 -> 0 | G11: =F12/F11*100 -> #DIV/0! | H11: =B11+D11+F11 -> 0 | I11: =H12/H11*100 -> #DIV/0! | J11: ='Pal Group'!AJ138 -> 0 | K11: =J12/J11*100 -> #DIV/0! | L11: ='Pal Group'!AR138 -> 0 | M11: =L12/L11*100 -> #DIV/0! | N11: ='Pal Group'!AY138 -> 0 | O11: =N12/N11*100 -> #DIV/0! | P11: =J11+L11+N11 -> 0 | Q11: =P12/P11*100 -> #DIV/0! | R11: ='Pal Group'!BI138 -> 0 | S11: =R12/R11*100 -> #DIV/0! | T11: ='Pal Group'!BQ138 -> 0 | U11: =T12/T11*100 -> #DIV/0! | V11: ='Pal Group'!BX138 -> 0 | W11: =V12/V11*100 -> #DIV/0! | X11: =R11+T11+V11 -> 0 | Y11: =X12/X11*100 -> #DIV/0! | Z11: ='Pal Group'!CJ138 -> 0 | AA11: =Z12/Z11*100 -> #DIV/0! | AB11: ='Pal Group'!CQ138 -> 0 | AC11: =AB12/AB11*100 -> #DIV/0! | AD11: ='Pal Group'!CX138 -> 0 | AE11: =AD12/AD11*100 -> #DIV/0! | AF11: =Z11+AB11+AD11 -> 0 | AG11: =AF12/AF11*100 -> #DIV/0! | AH11: =B11+D11+F11+J11+L11+N11+R11+T11+V11+Z11+AB11+AD11 -> 0 | AI11: =AH12/AH11*100 -> #DIV/0!
A12: SEMI-CONSISTENT | B12: ='Pal Group'!I138 -> 0 | D12: ='Pal Group'!P138 -> 0 | F12: ='Pal Group'!W138 -> 0 | H12: =B12+D12+F12 -> 0 | J12: ='Pal Group'!AH138 -> 0 | L12: ='Pal Group'!AP138 -> 0 | N12: ='Pal Group'!AW138 -> 0 | P12: =J12+L12+N12 -> 0 | R12: ='Pal Group'!BG138 -> 0 | T12: ='Pal Group'!BO138 -> 0 | V12: ='Pal Group'!BV138 -> 0 | X12: =R12+T12+V12 -> 0 | Z12: ='Pal Group'!CH138 -> 0 | AB12: ='Pal Group'!CO138 -> 0 | AD12: ='Pal Group'!CV138 -> 0 | AF12: =Z12+AB12+AD12 -> 0 | AH12: =B12+D12+F12+J12+L12+N12+R12+T12+V12+Z12+AB12+AD12 -> 0
A13: EA | B13: ='Pal Group'!K241 -> 0 | C13: =B14/B13*100 -> #DIV/0! | D13: ='Pal Group'!R241 -> 0 | E13: =D14/D13*100 -> #DIV/0! | F13: ='Pal Group'!Y241 -> 0 | G13: =F14/F13*100 -> #DIV/0! | H13: =B13+D13+F13 -> 0 | I13: =H14/H13*100 -> #DIV/0! | J13: ='Pal Group'!AJ241 -> 0 | K13: =J14/J13*100 -> #DIV/0! | L13: ='Pal Group'!AR241 -> 0 | M13: =L14/L13*100 -> #DIV/0! | N13: ='Pal Group'!AY241 -> 0 | O13: =N14/N13*100 -> #DIV/0! | P13: =J13+L13+N13 -> 0 | Q13: =P14/P13*100 -> #DIV/0! | R13: ='Pal Group'!BI241 -> 0 | S13: =R14/R13*100 -> #DIV/0! | T13: ='Pal Group'!BQ241 -> 0 | U13: =T14/T13*100 -> #DIV/0! | V13: ='Pal Group'!BX241 -> 0 | W13: =V14/V13*100 -> #DIV/0! | X13: =R13+T13+V13 -> 0 | Y13: =X14/X13*100 -> #DIV/0! | Z13: ='Pal Group'!CJ241 -> 0 | AA13: =Z14/Z13*100 -> #DIV/0! | AB13: ='Pal Group'!CQ241 -> 0 | AC13: =AB14/AB13*100 -> #DIV/0! | AD13: ='Pal Group'!CX241 -> 0 | AE13: =AD14/AD13*100 -> #DIV/0! | AF13: =Z13+AB13+AD13 -> 0 | AG13: =AF14/AF13*100 -> #DIV/0! | AH13: =B13+D13+F13+J13+L13+N13+R13+T13+V13+Z13+AB13+AD13 -> 0 | AI13: =AH14/AH13*100 -> #DIV/0!
A14: INCONSISTENT | B14: ='Pal Group'!I241 -> 0 | D14: ='Pal Group'!P241 -> 0 | F14: ='Pal Group'!W241 -> 0 | H14: =B14+D14+F14 -> 0 | J14: ='Pal Group'!AH241 -> 0 | L14: ='Pal Group'!AP241 -> 0 | N14: ='Pal Group'!AW241 -> 0 | P14: =J14+L14+N14 -> 0 | R14: ='Pal Group'!BG241 -> 0 | T14: ='Pal Group'!BO241 -> 0 | V14: ='Pal Group'!BV241 -> 0 | X14: =R14+T14+V14 -> 0 | Z14: ='Pal Group'!CH241 -> 0 | AB14: ='Pal Group'!CO241 -> 0 | AD14: ='Pal Group'!CV241 -> 0 | AF14: =Z14+AB14+AD14 -> 0 | AH14: =B14+D14+F14+J14+L14+N14+R14+T14+V14+Z14+AB14+AD14 -> 0
A15: WEEKLY AVERAGE | B15: ='Pal Group'!D354 -> 4.5 | D15: ='Pal Group'!L354 -> 0 | F15: ='Pal Group'!S354 -> #REF! | J15: ='Pal Group'!AD354 -> 0 | L15: ='Pal Group'!AK354 -> 0 | N15: ='Pal Group'!AS354 -> #REF! | R15: ='Pal Group'!BC354 -> 0 | T15: ='Pal Group'!BJ354 -> 0 | V15: ='Pal Group'!BR354 -> 0 | Z15: ='Pal Group'!CC354 -> 0 | AB15: ='Pal Group'!CK354 -> #REF! | AD15: ='Pal Group'!CR354 -> 0 | AH15: =SUM(B15:AD15)/12 -> #REF!
A16: QTRLY AVERAGE | H16: =Computation!AA3 -> 1.5 | P16: =Computation!AB3 -> #ERROR! | X16: =Computation!AC3 -> 0 | AF16: =Computation!AD3 -> 0 | AH16: =SUM(B16:AF16)/4 -> #ERROR!
A17: FIRST TIMERS | B17: ='Pal Group'!I349 -> 4 | D17: ='Pal Group'!P349 -> 0 | F17: ='Pal Group'!W349 -> 0 | H17: =B17+D17+F17 -> 4 | J17: ='Pal Group'!AH349 -> 0 | L17: ='Pal Group'!AP349 -> 0 | N17: ='Pal Group'!AW349 -> 0 | P17: =J17+L17+N17 -> 0 | R17: ='Pal Group'!BG349 -> 0 | T17: ='Pal Group'!BO349 -> 0 | V17: ='Pal Group'!BV349 -> 0 | X17: =R17+T17+V17 -> 0 | Z17: ='Pal Group'!CH349 -> 0 | AB17: ='Pal Group'!CO349 -> 0 | AD17: ='Pal Group'!CV349 -> 0 | AF17: =Z17+AB17+AD17 -> 0 | AJ17: 43/12
A18: FT ESTABLISHED | AJ18: =AJ17 -> 43/12
A19: MEM FROM SCH | AJ19: =43/12 -> 3.5833333

Sheet Computation
B2: January | C2: February | D2: March | E2: April | F2: May | G2: June | H2: July | I2: August | J2: September | K2: October | L2: November | M2: December | O2: 1st Qtr Att | P2: 2nd Qtr Att | Q2: 3rd Qtr Att | R2: 4th Qtr Att | T2: Yearly Att | U2: Yearly Att Avg | W2: 1st - 2nd Qtr % Inc | X2: 2nd - 3rd Qtr % Inc | Y2: 3rd - 4th Qtr % Inc | AA2: 1st Qtr Avg | AB2: 2nd Qtr Avg | AC2: 3rd Qtr Avg | AD2: 4th Qtr Avg
B3: =SUM('Pal Group'!D350:H350) -> 18 | C3: =SUM('Pal Group'!L350:O350) -> 0 | D3: =SUM('Pal Group'!S350:V350) -> 0 | E3: =SUM('Pal Group'!AD350:AG350) -> 0 | F3: =SUM('Pal Group'!AK350:AO350) -> 0 | G3: =SUM('Pal Group'!AS350:AV350) -> 0 | H3: =SUM('Pal Group'!BC350:BF350) -> 0 | I3: =SUM('Pal Group'!BJ350:BN350) -> 0 | J3: =SUM('Pal Group'!BR350:BU350) -> 0 | K3: =SUM('Pal Group'!CC350:CG350) -> 0 | L3: =SUM('Pal Group'!CK350:CN350) -> 0 | M3: =SUM('Pal Group'!CR350:CU350) -> 0 | O3: =SUM('Pal Group'!D350:U350) -> 18 | P3: ='EMPOWERMENT GROUP'!AC349+'EMPOWERMENT GROUP'!AD349+'EMPOWERMENT GROUP'!AE349+'EMPOWERMENT GROUP'!AF349+'EMPOWERMENT GROUP'!AJ349+'EMPOWERMENT GROUP'!AL349+'EMPOWERMENT GROUP'!AM349+'EMPOWERMENT GROUP'!AN349+'EMPOWERMENT GROUP'!AR349+'EMPOWERMENT GROUP'!AS349+'EMPOWERMENT GROUP'!AT349+'EMPOWERMENT GROUP'!#REF! -> #ERROR! | Q3: =SUM('Pal Group'!BC350:BT350) -> 0 | R3: =SUM('Pal Group'!CC350:CT350) -> 0 | T3: =SUM(B3:M3) -> 18 | U3: =T3/12 -> 1.5 | W3: =(P3-O3)/O3 -> #ERROR! | X3: =(Q3-P3)/P3 -> #ERROR! | Y3: =(R3-Q3)/Q3 -> #DIV/0! | AA3: =O3/12 -> 1.5 | AB3: =P3/12 -> #ERROR! | AC3: =Q3/10 -> 0 | AD3: =R3/12 -> 0
B5: Jan | C5: Feb | D5: Mar | E5: Apr | F5: May. | G5: Jun | H5: Jul | I5: Aug | J5: Sept | K5: Oct | L5: Nov | M5: Dec | O5: 1st Qtr Att. | P5: 2nd Qtr Att. | Q5: 3rd Qtr Att. | R5: 4th Qtr Att. | W5: 1st - 2nd Qtr % Inc/Dec | X5: 2nd - 3rd Qtr % Inc/Dec | Y5: 3rd - 4th Qtr % Inc/Dec | AA5: Sum of 1st Qtr Avg | AB5: Sum of 2nd Qtr Avg | AC5: Sum of 3rd Qtr Avg | AD5: Sum of 4th Qtr Avg
B6: 14 | C6: 11 | D6: 19 | E6: 15 | F6: 11 | G6: 7 | H6: 6 | I6: 10 | J6: 9 | K6: 2 | L6: 11 | M6: 12 | O6: 43 | P6: 33 | Q6: 23 | R6: 24 | T6: Sum of Yearly Att | W6: -0.23255814 | X6: -0.3030303 | Y6: 0.043478261 | AA6: 3.5833333 | AB6: 2.75 | AC6: 1.9166667 | AD6: 2

Sheet Doxa Group
C1: January | K1: February | R1: March | AC1: April | AJ1: May | AR1: June | BB1: July | BI1: August | BQ1: September | CB1: October | CJ1: November | CQ1: December
A3: Members | B3: Contact | C3: Week 1 | D3: Week 2 | E3: Week 3 | F3: Week 4 | G3: Week 5 | K3: Week 6 | L3: Week 7 | M3: Week 8 | N3: Week 9 | R3: Week 10 | S3: Week 11 | T3: Week 12 | U3: Week 13 | AC3: Week 14 | AD3: Week 15 | AE3: Week 16 | AF3: Week 17 | AJ3: Week 18 | AK3: Week 19 | AL3: Week 20 | AM3: Week 21 | AN3: Week 22 | AR3: Week 23 | AS3: Week 24 | AT3: Week 25 | AU3: Week 26 | BB3: Week 27 | BC3: Week 28 | BD3: Week 29 | BE3: Week 30 | BI3: Week 31 | BJ3: Week 32 | BK3: Week 33 | BL3: Week 34 | BM3: Week 35 | BQ3: Week 36 | BR3: Week 37 | BS3: Week 38 | BT3: Week 39 | CB3: Week 40 | CC3: Week 41 | CD3: Week 42 | CE3: Week 43 | CF3: Week 44 | CJ3: Week 45 | CK3: Week 46 | CL3: Week 47 | CM3: Week 48 | CQ3: Week 49 | CR3: Week 50 | CS3: Week 51 | CT3: Week 52
A4: Leaders | H4: Present | I4: Absent | J4: PA | O4: Present | P4: Absent | Q4: PA | V4: Present | W4: Absent | X4: PA | Y4: TOTAL PA | Z4: Qtr Att | AA4: Qtr % | AB4: Comments | AG4: Present | AH4: Absent | AI4: PA | AO4: Present | AP4: Absent | AQ4: PA | AV4: Present | AW4: Absent | AX4: PA | AY4: TOTAL PA | AZ4: Qtr Att | BA4: Qtr % | BF4: Present | BG4: Absent | BH4: PA | BN4: Present | BO4: Absent | BP4: PA | BU4: Present | BV4: Absent | BW4: PA | BX4: TOTAL PA | BY4: Qtr Att | BZ4: Qtr % | CA4: Comments | CG4: Present | CH4: Absent | CI4: PA | CN4: Present | CO4: Absent | CP4: PA | CU4: Present | CV4: Absent | CW4: PA | CX4: TOTAL ATT | CY4: Qtr Att | CZ4: Qtr % | DA4: Comments
A5: Min Prince Lewis | C5: PR | D5: PR | E5: PR | H5: =COUNTIF(C5:G5,"PR") -> 3 | I5: =COUNTIF(C5:G5,"AB") -> 0 | J5: =H5+I5 -> 3 | O5: =COUNTIF(K5:N5,"PR") -> 0 | P5: =COUNTIF(K5:N5,"AB") -> 0 | Q5: =O5+P5 -> 0 | V5: =COUNTIF(R5:U5,"PR") -> 0 | W5: =COUNTIF(R5:U5,"AB") -> 0 | X5: =V5+W5 -> 0 | Y5: =J5+Q5+X5 -> 3 | Z5: =SUM(H5,O5,V5) -> 3 | AA5: =Z5/Y5*100 -> 100 | AG5: =COUNTIF(AC5:AF5,"PR") -> 0 | AH5: =COUNTIF(AC5:AF5,"AB") -> 0 | AI5: =AG5+AH5 -> 0 | AO5: =COUNTIF(AJ5:AN5,"PR") -> 0 | AP5: =COUNTIF(AJ5:AN5,"AB") -> 0 | AQ5: =AO5+AP5 -> 0 | AV5: =COUNTIF(AR5:AU5,"PR") -> 0 | AW5: =COUNTIF(AR5:AU5,"AB") -> 0 | AX5: =AV5+AW5 -> 0 | AY5: =AI5+AQ5+AX5 -> 0 | AZ5: =SUM(AG5,AO5,AV5) -> 0 | BA5: =AZ5/AY5*100 -> #DIV/0! | BF5: =COUNTIF(BB5:BE5,"PR") -> 0 | BG5: =COUNTIF(BB5:BE5,"AB") -> 0 | BH5: =BF5+BG5 -> 0 | BN5: =COUNTIF(BI5:BM5,"PR") -> 0 | BO5: =COUNTIF(BI5:BM5,"AB") -> 0 | BP5: =BN5+BO5 -> 0 | BU5: =COUNTIF(BQ5:BT5,"PR") -> 0 | BV5: =COUNTIF(BQ5:BT5,"AB") -> 0 | BW5: =BU5+BV5 -> 0 | BX5: =BH5+BP5+BW5 -> 0 | BY5: =SUM(BF5,BN5,BU5) -> 0 | BZ5: =BY5/BX5*100 -> #DIV/0! | CG5: =COUNTIF(CB5:CF5,"PR") -> 0 | CH5: =COUNTIF(CB5:CF5,"AB") -> 0 | CI5: =CG5+CH5 -> 0 | CN5: =COUNTIF(CJ5:CM5,"PR") -> 0 | CO5: =COUNTIF(CJ5:CM5,"AB") -> 0 | CP5: =CN5+CO5 -> 0 | CU5: =COUNTIF(CQ5:CT5,"PR") -> 0 | CV5: =COUNTIF(CQ5:CT5,"AB") -> 0 | CW5: =CU5+CV5 -> 0 | CX5: =CG5+CN5+CU5 -> 0 | CY5: =SUM(CE5,#REF!,CS5) -> #REF! | CZ5: =CY5/CX5*100 -> #REF!
H6: =COUNTIF(C6:G6,"PR") -> 0 | I6: =COUNTIF(C6:G6,"AB") -> 0 | J6: =H6+I6 -> 0 | O6: =COUNTIF(K6:N6,"PR") -> 0 | P6: =COUNTIF(K6:N6,"AB") -> 0 | Q6: =O6+P6 -> 0 | V6: =COUNTIF(R6:U6,"PR") -> 0 | W6: =COUNTIF(R6:U6,"AB") -> 0 | X6: =V6+W6 -> 0 | Y6: =J6+Q6+X6 -> 0 | Z6: =SUM(H6,O6,V6) -> 0 | AA6: =Z6/Y6*100 -> #DIV/0! | AG6: =COUNTIF(AC6:AF6,"PR") -> 0 | AH6: =COUNTIF(AC6:AF6,"AB") -> 0 | AI6: =AG6+AH6 -> 0 | AO6: =COUNTIF(AJ6:AN6,"PR") -> 0 | AP6: =COUNTIF(AJ6:AN6,"AB") -> 0 | AQ6: =AO6+AP6 -> 0 | AV6: =COUNTIF(AR6:AU6,"PR") -> 0 | AW6: =COUNTIF(AR6:AU6,"AB") -> 0 | AX6: =AV6+AW6 -> 0 | AY6: =AI6+AQ6+AX6 -> 0 | AZ6: =SUM(AG6,AO6,AV6) -> 0 | BA6: =AZ6/AY6*100 -> #DIV/0! | BF6: =COUNTIF(BB6:BE6,"PR") -> 0 | BG6: =COUNTIF(BB6:BE6,"AB") -> 0 | BH6: =BF6+BG6 -> 0 | BN6: =COUNTIF(BI6:BM6,"PR") -> 0 | BO6: =COUNTIF(BI6:BM6,"AB") -> 0 | BP6: =BN6+BO6 -> 0 | BU6: =COUNTIF(BQ6:BT6,"PR") -> 0 | BV6: =COUNTIF(BQ6:BT6,"AB") -> 0 | BW6: =BU6+BV6 -> 0 | BX6: =BH6+BP6+BW6 -> 0 | BY6: =SUM(BF6,BN6,BU6) -> 0 | BZ6: =BY6/BX6*100 -> #DIV/0! | CG6: =COUNTIF(CB6:CF6,"PR") -> 0 | CH6: =COUNTIF(CB6:CF6,"AB") -> 0 | CI6: =CG6+CH6 -> 0 | CN6: =COUNTIF(CJ6:CM6,"PR") -> 0 | CO6: =COUNTIF(CJ6:CM6,"AB") -> 0 | CP6: =CN6+CO6 -> 0 | CU6: =COUNTIF(CQ6:CT6,"PR") -> 0 | CV6: =COUNTIF(CQ6:CT6,"AB") -> 0 | CW6: =CU6+CV6 -> 0 | CX6: =CG6+CN6+CU6 -> 0 | CY6: =SUM(CE6,#REF!,CS6) -> #REF! | CZ6: =CY6/CX6*100 -> #REF!
H7: =COUNTIF(C7:G7,"PR") -> 0 | I7: =COUNTIF(C7:G7,"AB") -> 0 | J7: =H7+I7 -> 0 | O7: =COUNTIF(K7:N7,"PR") -> 0 | P7: =COUNTIF(K7:N7,"AB") -> 0 | Q7: =O7+P7 -> 0 | V7: =COUNTIF(R7:U7,"PR") -> 0 | W7: =COUNTIF(R7:U7,"AB") -> 0 | X7: =V7+W7 -> 0 | Y7: =J7+Q7+X7 -> 0 | Z7: =SUM(H7,O7,V7) -> 0 | AA7: =Z7/Y7*100 -> #DIV/0! | AG7: =COUNTIF(AC7:AF7,"PR") -> 0 | AH7: =COUNTIF(AC7:AF7,"AB") -> 0 | AI7: =AG7+AH7 -> 0 | AO7: =COUNTIF(AJ7:AN7,"PR") -> 0 | AP7: =COUNTIF(AJ7:AN7,"AB") -> 0 | AQ7: =AO7+AP7 -> 0 | AV7: =COUNTIF(AR7:AU7,"PR") -> 0 | AW7: =COUNTIF(AR7:AU7,"AB") -> 0 | AX7: =AV7+AW7 -> 0 | AY7: =AI7+AQ7+AX7 -> 0 | AZ7: =SUM(AG7,AO7,AV7) -> 0 | BA7: =AZ7/AY7*100 -> #DIV/0! | BF7: =COUNTIF(BB7:BE7,"PR") -> 0 | BG7: =COUNTIF(BB7:BE7,"AB") -> 0 | BH7: =BF7+BG7 -> 0 | BN7: =COUNTIF(BI7:BM7,"PR") -> 0 | BO7: =COUNTIF(BI7:BM7,"AB") -> 0 | BP7: =BN7+BO7 -> 0 | BU7: =COUNTIF(BQ7:BT7,"PR") -> 0 | BV7: =COUNTIF(BQ7:BT7,"AB") -> 0 | BW7: =BU7+BV7 -> 0 | BX7: =BH7+BP7+BW7 -> 0 | BY7: =SUM(BF7,BN7,BU7) -> 0 | BZ7: =BY7/BX7*100 -> #DIV/0! | CG7: =COUNTIF(CB7:CF7,"PR") -> 0 | CH7: =COUNTIF(CB7:CF7,"AB") -> 0 | CI7: =CG7+CH7 -> 0 | CN7: =COUNTIF(CJ7:CM7,"PR") -> 0 | CO7: =COUNTIF(CJ7:CM7,"AB") -> 0 | CP7: =CN7+CO7 -> 0 | CU7: =COUNTIF(CQ7:CT7,"PR") -> 0 | CV7: =COUNTIF(CQ7:CT7,"AB") -> 0 | CW7: =CU7+CV7 -> 0 | CX7: =CG7+CN7+CU7 -> 0 | CY7: =SUM(CE7,#REF!,CS7) -> #REF! | CZ7: =CY7/CX7*100 -> #REF!
H8: =COUNTIF(C8:G8,"PR") -> 0 | I8: =COUNTIF(C8:G8,"AB") -> 0 | J8: =H8+I8 -> 0 | O8: =COUNTIF(K8:N8,"PR") -> 0 | P8: =COUNTIF(K8:N8,"AB") -> 0 | Q8: =O8+P8 -> 0 | V8: =COUNTIF(R8:U8,"PR") -> 0 | W8: =COUNTIF(R8:U8,"AB") -> 0 | X8: =V8+W8 -> 0 | Y8: =J8+Q8+X8 -> 0 | Z8: =SUM(H8,O8,V8) -> 0 | AA8: =Z8/Y8*100 -> #DIV/0! | AG8: =COUNTIF(AC8:AF8,"PR") -> 0 | AH8: =COUNTIF(AC8:AF8,"AB") -> 0 | AI8: =AG8+AH8 -> 0 | AO8: =COUNTIF(AJ8:AN8,"PR") -> 0 | AP8: =COUNTIF(AJ8:AN8,"AB") -> 0 | AQ8: =AO8+AP8 -> 0 | AV8: =COUNTIF(AR8:AU8,"PR") -> 0 | AW8: =COUNTIF(AR8:AU8,"AB") -> 0 | AX8: =AV8+AW8 -> 0 | AY8: =AI8+AQ8+AX8 -> 0 | AZ8: =SUM(AG8,AO8,AV8) -> 0 | BA8: =AZ8/AY8*100 -> #DIV/0! | BF8: =COUNTIF(BB8:BE8,"PR") -> 0 | BG8: =COUNTIF(BB8:BE8,"AB") -> 0 | BH8: =BF8+BG8 -> 0 | BN8: =COUNTIF(BI8:BM8,"PR") -> 0 | BO8: =COUNTIF(BI8:BM8,"AB") -> 0 | BP8: =BN8+BO8 -> 0 | BU8: =COUNTIF(BQ8:BT8,"PR") -> 0 | BV8: =COUNTIF(BQ8:BT8,"AB") -> 0 | BW8: =BU8+BV8 -> 0 | BX8: =BH8+BP8+BW8 -> 0 | BY8: =SUM(BF8,BN8,BU8) -> 0 | BZ8: =BY8/BX8*100 -> #DIV/0! | CG8: =COUNTIF(CB8:CF8,"PR") -> 0 | CH8: =COUNTIF(CB8:CF8,"AB") -> 0 | CI8: =CG8+CH8 -> 0 | CN8: =COUNTIF(CJ8:CM8,"PR") -> 0 | CO8: =COUNTIF(CJ8:CM8,"AB") -> 0 | CP8: =CN8+CO8 -> 0 | CU8: =COUNTIF(CQ8:CT8,"PR") -> 0 | CV8: =COUNTIF(CQ8:CT8,"AB") -> 0 | CW8: =CU8+CV8 -> 0 | CX8: =CG8+CN8+CU8 -> 0 | CY8: =SUM(CE8,#REF!,CS8) -> #REF! | CZ8: =CY8/CX8*100 -> #REF!
H9: =COUNTIF(C9:G9,"PR") -> 0 | I9: =COUNTIF(C9:G9,"AB") -> 0 | J9: =H9+I9 -> 0 | O9: =COUNTIF(K9:N9,"PR") -> 0 | P9: =COUNTIF(K9:N9,"AB") -> 0 | Q9: =O9+P9 -> 0 | V9: =COUNTIF(R9:U9,"PR") -> 0 | W9: =COUNTIF(R9:U9,"AB") -> 0 | X9: =V9+W9 -> 0 | Y9: =J9+Q9+X9 -> 0 | Z9: =SUM(H9,O9,V9) -> 0 | AA9: =Z9/Y9*100 -> #DIV/0! | AG9: =COUNTIF(AC9:AF9,"PR") -> 0 | AH9: =COUNTIF(AC9:AF9,"AB") -> 0 | AI9: =AG9+AH9 -> 0 | AO9: =COUNTIF(AJ9:AN9,"PR") -> 0 | AP9: =COUNTIF(AJ9:AN9,"AB") -> 0 | AQ9: =AO9+AP9 -> 0 | AV9: =COUNTIF(AR9:AU9,"PR") -> 0 | AW9: =COUNTIF(AR9:AU9,"AB") -> 0 | AX9: =AV9+AW9 -> 0 | AY9: =AI9+AQ9+AX9 -> 0 | AZ9: =SUM(AG9,AO9,AV9) -> 0 | BA9: =AZ9/AY9*100 -> #DIV/0! | BF9: =COUNTIF(BB9:BE9,"PR") -> 0 | BG9: =COUNTIF(BB9:BE9,"AB") -> 0 | BH9: =BF9+BG9 -> 0 | BN9: =COUNTIF(BI9:BM9,"PR") -> 0 | BO9: =COUNTIF(BI9:BM9,"AB") -> 0 | BP9: =BN9+BO9 -> 0 | BU9: =COUNTIF(BQ9:BT9,"PR") -> 0 | BV9: =COUNTIF(BQ9:BT9,"AB") -> 0 | BW9: =BU9+BV9 -> 0 | BX9: =BH9+BP9+BW9 -> 0 | BY9: =SUM(BF9,BN9,BU9) -> 0 | BZ9: =BY9/BX9*100 -> #DIV/0! | CG9: =COUNTIF(CB9:CF9,"PR") -> 0 | CH9: =COUNTIF(CB9:CF9,"AB") -> 0 | CI9: =CG9+CH9 -> 0 | CN9: =COUNTIF(CJ9:CM9,"PR") -> 0 | CO9: =COUNTIF(CJ9:CM9,"AB") -> 0 | CP9: =CN9+CO9 -> 0 | CU9: =COUNTIF(CQ9:CT9,"PR") -> 0 | CV9: =COUNTIF(CQ9:CT9,"AB") -> 0 | CW9: =CU9+CV9 -> 0 | CX9: =CG9+CN9+CU9 -> 0 | CY9: =SUM(CE9,#REF!,CS9) -> #REF! | CZ9: =CY9/CX9*100 -> #REF!
H10: =COUNTIF(C10:G10,"PR") -> 0 | I10: =COUNTIF(C10:G10,"AB") -> 0 | J10: =H10+I10 -> 0 | O10: =COUNTIF(K10:N10,"PR") -> 0 | P10: =COUNTIF(K10:N10,"AB") -> 0 | Q10: =O10+P10 -> 0 | V10: =COUNTIF(R10:U10,"PR") -> 0 | W10: =COUNTIF(R10:U10,"AB") -> 0 | X10: =V10+W10 -> 0 | Y10: =J10+Q10+X10 -> 0 | Z10: =SUM(H10,O10,V10) -> 0 | AA10: =Z10/Y10*100 -> #DIV/0! | AG10: =COUNTIF(AC10:AF10,"PR") -> 0 | AH10: =COUNTIF(AC10:AF10,"AB") -> 0 | AI10: =AG10+AH10 -> 0 | AO10: =COUNTIF(AJ10:AN10,"PR") -> 0 | AP10: =COUNTIF(AJ10:AN10,"AB") -> 0 | AQ10: =AO10+AP10 -> 0 | AV10: =COUNTIF(AR10:AU10,"PR") -> 0 | AW10: =COUNTIF(AR10:AU10,"AB") -> 0 | AX10: =AV10+AW10 -> 0 | AY10: =AI10+AQ10+AX10 -> 0 | AZ10: =SUM(AG10,AO10,AV10) -> 0 | BA10: =AZ10/AY10*100 -> #DIV/0! | BF10: =COUNTIF(BB10:BE10,"PR") -> 0 | BG10: =COUNTIF(BB10:BE10,"AB") -> 0 | BH10: =BF10+BG10 -> 0 | BN10: =COUNTIF(BI10:BM10,"PR") -> 0 | BO10: =COUNTIF(BI10:BM10,"AB") -> 0 | BP10: =BN10+BO10 -> 0 | BU10: =COUNTIF(BQ10:BT10,"PR") -> 0 | BV10: =COUNTIF(BQ10:BT10,"AB") -> 0 | BW10: =BU10+BV10 -> 0 | BX10: =BH10+BP10+BW10 -> 0 | BY10: =SUM(BF10,BN10,BU10) -> 0 | BZ10: =BY10/BX10*100 -> #DIV/0! | CG10: =COUNTIF(CB10:CF10,"PR") -> 0 | CH10: =COUNTIF(CB10:CF10,"AB") -> 0 | CI10: =CG10+CH10 -> 0 | CN10: =COUNTIF(CJ10:CM10,"PR") -> 0 | CO10: =COUNTIF(CJ10:CM10,"AB") -> 0 | CP10: =CN10+CO10 -> 0 | CU10: =COUNTIF(CQ10:CT10,"PR") -> 0 | CV10: =COUNTIF(CQ10:CT10,"AB") -> 0 | CW10: =CU10+CV10 -> 0 | CX10: =CG10+CN10+CU10 -> 0 | CY10: =SUM(CE10,#REF!,CS10) -> #REF! | CZ10: =CY10/CX10*100 -> #REF!
H11: =COUNTIF(C11:G11,"PR") -> 0 | I11: =COUNTIF(C11:G11,"AB") -> 0 | J11: =H11+I11 -> 0 | O11: =COUNTIF(K11:N11,"PR") -> 0 | P11: =COUNTIF(K11:N11,"AB") -> 0 | Q11: =O11+P11 -> 0 | V11: =COUNTIF(R11:U11,"PR") -> 0 | W11: =COUNTIF(R11:U11,"AB") -> 0 | X11: =V11+W11 -> 0 | Y11: =J11+Q11+X11 -> 0 | Z11: =SUM(H11,O11,V11) -> 0 | AA11: =Z11/Y11*100 -> #DIV/0! | AG11: =COUNTIF(AC11:AF11,"PR") -> 0 | AH11: =COUNTIF(AC11:AF11,"AB") -> 0 | AI11: =AG11+AH11 -> 0 | AO11: =COUNTIF(AJ11:AN11,"PR") -> 0 | AP11: =COUNTIF(AJ11:AN11,"AB") -> 0 | AQ11: =AO11+AP11 -> 0 | AV11: =COUNTIF(AR11:AU11,"PR") -> 0 | AW11: =COUNTIF(AR11:AU11,"AB") -> 0 | AX11: =AV11+AW11 -> 0 | AY11: =AI11+AQ11+AX11 -> 0 | AZ11: =SUM(AG11,AO11,AV11) -> 0 | BA11: =AZ11/AY11*100 -> #DIV/0! | BF11: =COUNTIF(BB11:BE11,"PR") -> 0 | BG11: =COUNTIF(BB11:BE11,"AB") -> 0 | BH11: =BF11+BG11 -> 0 | BN11: =COUNTIF(BI11:BM11,"PR") -> 0 | BO11: =COUNTIF(BI11:BM11,"AB") -> 0 | BP11: =BN11+BO11 -> 0 | BU11: =COUNTIF(BQ11:BT11,"PR") -> 0 | BV11: =COUNTIF(BQ11:BT11,"AB") -> 0 | BW11: =BU11+BV11 -> 0 | BX11: =BH11+BP11+BW11 -> 0 | BY11: =SUM(BF11,BN11,BU11) -> 0 | BZ11: =BY11/BX11*100 -> #DIV/0! | CG11: =COUNTIF(CB11:CF11,"PR") -> 0 | CH11: =COUNTIF(CB11:CF11,"AB") -> 0 | CI11: =CG11+CH11 -> 0 | CN11: =COUNTIF(CJ11:CM11,"PR") -> 0 | CO11: =COUNTIF(CJ11:CM11,"AB") -> 0 | CP11: =CN11+CO11 -> 0 | CU11: =COUNTIF(CQ11:CT11,"PR") -> 0 | CV11: =COUNTIF(CQ11:CT11,"AB") -> 0 | CW11: =CU11+CV11 -> 0 | CX11: =CG11+CN11+CU11 -> 0 | CY11: =SUM(CE11,#REF!,CS11) -> #REF! | CZ11: =CY11/CX11*100 -> #REF!
H12: =COUNTIF(C12:G12,"PR") -> 0 | I12: =COUNTIF(C12:G12,"AB") -> 0 | J12: =H12+I12 -> 0 | O12: =COUNTIF(K12:N12,"PR") -> 0 | P12: =COUNTIF(K12:N12,"AB") -> 0 | Q12: =O12+P12 -> 0 | V12: =COUNTIF(R12:U12,"PR") -> 0 | W12: =COUNTIF(R12:U12,"AB") -> 0 | X12: =V12+W12 -> 0 | Y12: =J12+Q12+X12 -> 0 | Z12: =SUM(H12,O12,V12) -> 0 | AA12: =Z12/Y12*100 -> #DIV/0! | AG12: =COUNTIF(AC12:AF12,"PR") -> 0 | AH12: =COUNTIF(AC12:AF12,"AB") -> 0 | AI12: =AG12+AH12 -> 0 | AO12: =COUNTIF(AJ12:AN12,"PR") -> 0 | AP12: =COUNTIF(AJ12:AN12,"AB") -> 0 | AQ12: =AO12+AP12 -> 0 | AV12: =COUNTIF(AR12:AU12,"PR") -> 0 | AW12: =COUNTIF(AR12:AU12,"AB") -> 0 | AX12: =AV12+AW12 -> 0 | AY12: =AI12+AQ12+AX12 -> 0 | AZ12: =SUM(AG12,AO12,AV12) -> 0 | BA12: =AZ12/AY12*100 -> #DIV/0! | BF12: =COUNTIF(BB12:BE12,"PR") -> 0 | BG12: =COUNTIF(BB12:BE12,"AB") -> 0 | BH12: =BF12+BG12 -> 0 | BN12: =COUNTIF(BI12:BM12,"PR") -> 0 | BO12: =COUNTIF(BI12:BM12,"AB") -> 0 | BP12: =BN12+BO12 -> 0 | BU12: =COUNTIF(BQ12:BT12,"PR") -> 0 | BV12: =COUNTIF(BQ12:BT12,"AB") -> 0 | BW12: =BU12+BV12 -> 0 | BX12: =BH12+BP12+BW12 -> 0 | BY12: =SUM(BF12,BN12,BU12) -> 0 | BZ12: =BY12/BX12*100 -> #DIV/0! | CG12: =COUNTIF(CB12:CF12,"PR") -> 0 | CH12: =COUNTIF(CB12:CF12,"AB") -> 0 | CI12: =CG12+CH12 -> 0 | CN12: =COUNTIF(CJ12:CM12,"PR") -> 0 | CO12: =COUNTIF(CJ12:CM12,"AB") -> 0 | CP12: =CN12+CO12 -> 0 | CU12: =COUNTIF(CQ12:CT12,"PR") -> 0 | CV12: =COUNTIF(CQ12:CT12,"AB") -> 0 | CW12: =CU12+CV12 -> 0 | CX12: =CG12+CN12+CU12 -> 0 | CY12: =SUM(CE12,#REF!,CS12) -> #REF! | CZ12: =CY12/CX12*100 -> #REF!
H13: =SUM(H5:H12) -> 3 | J13: =SUM(J5:J12) -> 3 | O13: =SUM(O5:O12) -> 0 | Q13: =SUM(Q5:Q12) -> 0 | V13: =SUM(V5:V12) -> 0 | X13: =SUM(X5:X12) -> 0 | Y13: =SUM(Y5:Y12) -> 3 | AG13: =SUM(AG5:AG12) -> 0 | AI13: =SUM(AI5:AI12) -> 0 | AO13: =SUM(AO5:AO12) -> 0 | AQ13: =SUM(AQ5:AQ12) -> 0 | AV13: =SUM(AV5:AV12) -> 0 | AX13: =SUM(AX5:AX12) -> 0 | AY13: =SUM(AY5:AY12) -> 0 | AZ13: =SUM(AG13,AO13,AV13) -> 0 | BF13: =SUM(BF5:BF12) -> 0 | BH13: =SUM(BH5:BH12) -> 0 | BN13: =SUM(BN5:BN12) -> 0 | BP13: =SUM(BP5:BP12) -> 0 | BU13: =SUM(BU5:BU12) -> 0 | BW13: =SUM(BW5:BW12) -> 0 | BX13: =SUM(BX5:BX12) -> 0 | CG13: =SUM(CG5:CG12) -> 0 | CI13: =SUM(CI5:CI12) -> 0 | CN13: =SUM(CN5:CN12) -> 0 | CP13: =SUM(CP5:CP12) -> 0 | CU13: =SUM(CU5:CU12) -> 0 | CW13: =SUM(CW5:CW12) -> 0 | CX13: =SUM(CX5:CX12) -> 0
A14: Intense
A15: Amadu Saxone Kamara | C15: PR | D15: PR | E15: PR | H15: =COUNTIF(C15:G15,"PR") -> 3 | I15: =COUNTIF(C15:G15,"AB") -> 0 | J15: =H15+I15 -> 3 | O15: =COUNTIF(K15:N15,"PR") -> 0 | P15: =COUNTIF(K15:N15,"AB") -> 0 | Q15: =O15+P15 -> 0 | V15: =COUNTIF(R15:U15,"PR") -> 0 | W15: =COUNTIF(R15:U15,"AB") -> 0 | X15: =V15+W15 -> 0 | Y15: =J15+Q15+X15 -> 3 | Z15: =SUM(H15,O15,V15) -> 3 | AA15: =Z15/Y15*100 -> 100 | AG15: =COUNTIF(AC15:AF15,"PR") -> 0 | AH15: =COUNTIF(AC15:AF15,"AB") -> 0 | AI15: =AG15+AH15 -> 0 | AO15: =COUNTIF(AJ15:AN15,"PR") -> 0 | AP15: =COUNTIF(AJ15:AN15,"AB") -> 0 | AQ15: =AO15+AP15 -> 0 | AV15: =COUNTIF(AR15:AU15,"PR") -> 0 | AW15: =COUNTIF(AR15:AU15,"AB") -> 0 | AX15: =AV15+AW15 -> 0 | AY15: =AI15+AQ15+AX15 -> 0 | AZ15: =SUM(AG15,AO15,AV15) -> 0 | BA15: =AZ15/AY15*100 -> #DIV/0! | BF15: =COUNTIF(BB15:BE15,"PR") -> 0 | BG15: =COUNTIF(BB15:BE15,"AB") -> 0 | BH15: =BF15+BG15 -> 0 | BN15: =COUNTIF(BI15:BM15,"PR") -> 0 | BO15: =COUNTIF(BI15:BM15,"AB") -> 0 | BP15: =BN15+BO15 -> 0 | BU15: =COUNTIF(BQ15:BT15,"PR") -> 0 | BV15: =COUNTIF(BQ15:BT15,"AB") -> 0 | BW15: =BU15+BV15 -> 0 | BX15: =BH15+BP15+BW15 -> 0 | BY15: =SUM(BF15,BN15,BU15) -> 0 | BZ15: =BY15/BX15*100 -> #DIV/0! | CG15: =COUNTIF(CB15:CF15,"PR") -> 0 | CH15: =COUNTIF(CB15:CF15,"AB") -> 0 | CI15: =CG15+CH15 -> 0 | CN15: =COUNTIF(CJ15:CM15,"PR") -> 0 | CO15: =COUNTIF(CJ15:CM15,"AB") -> 0 | CP15: =CN15+CO15 -> 0 | CU15: =COUNTIF(CQ15:CT15,"PR") -> 0 | CV15: =COUNTIF(CQ15:CT15,"AB") -> 0 | CW15: =CU15+CV15 -> 0 | CX15: =CG15+CN15+CU15 -> 0 | CY15: =SUM(CE15,#REF!,CS15) -> #REF! | CZ15: =CY15/CX15*100 -> #REF!
A16: Mariama A. Sesay | C16: PR | D16: PR | E16: PR | H16: =COUNTIF(C16:G16,"PR") -> 3 | I16: =COUNTIF(C16:G16,"AB") -> 0 | J16: =H16+I16 -> 3 | O16: =COUNTIF(K16:N16,"PR") -> 0 | P16: =COUNTIF(K16:N16,"AB") -> 0 | Q16: =O16+P16 -> 0 | V16: =COUNTIF(R16:U16,"PR") -> 0 | W16: =COUNTIF(R16:U16,"AB") -> 0 | X16: =V16+W16 -> 0 | Y16: =J16+Q16+X16 -> 3 | Z16: =SUM(H16,O16,V16) -> 3 | AA16: =Z16/Y16*100 -> 100 | AG16: =COUNTIF(AC16:AF16,"PR") -> 0 | AH16: =COUNTIF(AC16:AF16,"AB") -> 0 | AI16: =AG16+AH16 -> 0 | AO16: =COUNTIF(AJ16:AN16,"PR") -> 0 | AP16: =COUNTIF(AJ16:AN16,"AB") -> 0 | AQ16: =AO16+AP16 -> 0 | AV16: =COUNTIF(AR16:AU16,"PR") -> 0 | AW16: =COUNTIF(AR16:AU16,"AB") -> 0 | AX16: =AV16+AW16 -> 0 | AY16: =AI16+AQ16+AX16 -> 0 | AZ16: =SUM(AG16,AO16,AV16) -> 0 | BA16: =AZ16/AY16*100 -> #DIV/0! | BF16: =COUNTIF(BB16:BE16,"PR") -> 0 | BG16: =COUNTIF(BB16:BE16,"AB") -> 0 | BH16: =BF16+BG16 -> 0 | BN16: =COUNTIF(BI16:BM16,"PR") -> 0 | BO16: =COUNTIF(BI16:BM16,"AB") -> 0 | BP16: =BN16+BO16 -> 0 | BU16: =COUNTIF(BQ16:BT16,"PR") -> 0 | BV16: =COUNTIF(BQ16:BT16,"AB") -> 0 | BW16: =BU16+BV16 -> 0 | BX16: =BH16+BP16+BW16 -> 0 | BY16: =SUM(BF16,BN16,BU16) -> 0 | BZ16: =BY16/BX16*100 -> #DIV/0! | CG16: =COUNTIF(CB16:CF16,"PR") -> 0 | CH16: =COUNTIF(CB16:CF16,"AB") -> 0 | CI16: =CG16+CH16 -> 0 | CN16: =COUNTIF(CJ16:CM16,"PR") -> 0 | CO16: =COUNTIF(CJ16:CM16,"AB") -> 0 | CP16: =CN16+CO16 -> 0 | CU16: =COUNTIF(CQ16:CT16,"PR") -> 0 | CV16: =COUNTIF(CQ16:CT16,"AB") -> 0 | CW16: =CU16+CV16 -> 0 | CX16: =CG16+CN16+CU16 -> 0 | CY16: =SUM(CE16,#REF!,CS16) -> #REF! | CZ16: =CY16/CX16*100 -> #REF!
A17: Findley V. Sesay | C17: PR | D17: PR | E17: AB | H17: =COUNTIF(C16:G16,"PR") -> 3 | J17: =H16+I16 -> 3 | O17: =COUNTIF(K16:N16,"PR") -> 0
A18: Christiana R. M. Conteh | C18: PR | D18: PR | E18: PR | H18: =COUNTIF(C16:G16,"PR") -> 3 | J18: =H16+I16 -> 3 | O18: =COUNTIF(K16:N16,"PR") -> 0
A19: Nathaniel Coker | C19: PR | D19: PR | E19: PR | H19: =COUNTIF(C19:G19,"PR") -> 3 | I19: =COUNTIF(C19:G19,"AB") -> 0 | J19: =H19+I19 -> 3 | O19: =COUNTIF(K19:N19,"PR") -> 0 | P19: =COUNTIF(K19:N19,"AB") -> 0 | Q19: =O19+P19 -> 0 | V19: =COUNTIF(R19:U19,"PR") -> 0 | W19: =COUNTIF(R19:U19,"AB") -> 0 | X19: =V19+W19 -> 0 | Y19: =J19+Q19+X19 -> 3 | Z19: =SUM(H19,O19,V19) -> 3 | AA19: =Z19/Y19*100 -> 100 | AG19: =COUNTIF(AC19:AF19,"PR") -> 0 | AH19: =COUNTIF(AC19:AF19,"AB") -> 0 | AI19: =AG19+AH19 -> 0 | AO19: =COUNTIF(AJ19:AN19,"PR") -> 0 | AP19: =COUNTIF(AJ19:AN19,"AB") -> 0 | AQ19: =AO19+AP19 -> 0 | AV19: =COUNTIF(AR19:AU19,"PR") -> 0 | AW19: =COUNTIF(AR19:AU19,"AB") -> 0 | AX19: =AV19+AW19 -> 0 | AY19: =AI19+AQ19+AX19 -> 0 | AZ19: =SUM(AG19,AO19,AV19) -> 0 | BA19: =AZ19/AY19*100 -> #DIV/0! | BF19: =COUNTIF(BB19:BE19,"PR") -> 0 | BG19: =COUNTIF(BB19:BE19,"AB") -> 0 | BH19: =BF19+BG19 -> 0 | BN19: =COUNTIF(BI19:BM19,"PR") -> 0 | BO19: =COUNTIF(BI19:BM19,"AB") -> 0 | BP19: =BN19+BO19 -> 0 | BU19: =COUNTIF(BQ19:BT19,"PR") -> 0 | BV19: =COUNTIF(BQ19:BT19,"AB") -> 0 | BW19: =BU19+BV19 -> 0 | BX19: =BH19+BP19+BW19 -> 0 | BY19: =SUM(BF19,BN19,BU19) -> 0 | BZ19: =BY19/BX19*100 -> #DIV/0! | CG19: =COUNTIF(CB19:CF19,"PR") -> 0 | CH19: =COUNTIF(CB19:CF19,"AB") -> 0 | CI19: =CG19+CH19 -> 0 | CN19: =COUNTIF(CJ19:CM19,"PR") -> 0 | CO19: =COUNTIF(CJ19:CM19,"AB") -> 0 | CP19: =CN19+CO19 -> 0 | CU19: =COUNTIF(CQ19:CT19,"PR") -> 0 | CV19: =COUNTIF(CQ19:CT19,"AB") -> 0 | CW19: =CU19+CV19 -> 0 | CX19: =CG19+CN19+CU19 -> 0 | CY19: =SUM(CE19,#REF!,CS19) -> #REF! | CZ19: =CY19/CX19*100 -> #REF!
A20: Jesse S. Fanday | C20: PR | D20: PR | E20: PR | H20: =COUNTIF(C20:G20,"PR") -> 3 | I20: =COUNTIF(C20:G20,"AB") -> 0 | J20: =H20+I20 -> 3 | O20: =COUNTIF(K20:N20,"PR") -> 0 | P20: =COUNTIF(K20:N20,"AB") -> 0 | Q20: =O20+P20 -> 0 | V20: =COUNTIF(R20:U20,"PR") -> 0 | W20: =COUNTIF(R20:U20,"AB") -> 0 | X20: =V20+W20 -> 0 | Y20: =J20+Q20+X20 -> 3 | Z20: =SUM(H20,O20,V20) -> 3 | AA20: =Z20/Y20*100 -> 100 | AG20: =COUNTIF(AC20:AF20,"PR") -> 0 | AH20: =COUNTIF(AC20:AF20,"AB") -> 0 | AI20: =AG20+AH20 -> 0 | AO20: =COUNTIF(AJ20:AN20,"PR") -> 0 | AP20: =COUNTIF(AJ20:AN20,"AB") -> 0 | AQ20: =AO20+AP20 -> 0 | AV20: =COUNTIF(AR20:AU20,"PR") -> 0 | AW20: =COUNTIF(AR20:AU20,"AB") -> 0 | AX20: =AV20+AW20 -> 0 | AY20: =AI20+AQ20+AX20 -> 0 | AZ20: =SUM(AG20,AO20,AV20) -> 0 | BA20: =AZ20/AY20*100 -> #DIV/0! | BF20: =COUNTIF(BB20:BE20,"PR") -> 0 | BG20: =COUNTIF(BB20:BE20,"AB") -> 0 | BH20: =BF20+BG20 -> 0 | BN20: =COUNTIF(BI20:BM20,"PR") -> 0 | BO20: =COUNTIF(BI20:BM20,"AB") -> 0 | BP20: =BN20+BO20 -> 0 | BU20: =COUNTIF(BQ20:BT20,"PR") -> 0 | BV20: =COUNTIF(BQ20:BT20,"AB") -> 0 | BW20: =BU20+BV20 -> 0 | BX20: =BH20+BP20+BW20 -> 0 | BY20: =SUM(BF20,BN20,BU20) -> 0 | BZ20: =BY20/BX20*100 -> #DIV/0! | CG20: =COUNTIF(CB20:CF20,"PR") -> 0 | CH20: =COUNTIF(CB20:CF20,"AB") -> 0 | CI20: =CG20+CH20 -> 0 | CN20: =COUNTIF(CJ20:CM20,"PR") -> 0 | CO20: =COUNTIF(CJ20:CM20,"AB") -> 0 | CP20: =CN20+CO20 -> 0 | CU20: =COUNTIF(CQ20:CT20,"PR") -> 0 | CV20: =COUNTIF(CQ20:CT20,"AB") -> 0 | CW20: =CU20+CV20 -> 0 | CX20: =CG20+CN20+CU20 -> 0 | CY20: =SUM(CE20,#REF!,CS20) -> #REF! | CZ20: =CY20/CX20*100 -> #REF!
A21: Marvel Ballay Koroma | C21: PR | D21: PR | E21: AB | H21: =COUNTIF(C21:G21,"PR") -> 2 | I21: =COUNTIF(C21:G21,"AB") -> 1 | J21: =H21+I21 -> 3 | O21: =COUNTIF(K21:N21,"PR") -> 0 | P21: =COUNTIF(K21:N21,"AB") -> 0 | Q21: =O21+P21 -> 0 | V21: =COUNTIF(R21:U21,"PR") -> 0 | W21: =COUNTIF(R21:U21,"AB") -> 0 | X21: =V21+W21 -> 0 | Y21: =J21+Q21+X21 -> 3 | Z21: =SUM(H21,O21,V21) -> 2 | AA21: =Z21/Y21*100 -> 66.666667 | AG21: =COUNTIF(AC21:AF21,"PR") -> 0 | AH21: =COUNTIF(AC21:AF21,"AB") -> 0 | AI21: =AG21+AH21 -> 0 | AO21: =COUNTIF(AJ21:AN21,"PR") -> 0 | AP21: =COUNTIF(AJ21:AN21,"AB") -> 0 | AQ21: =AO21+AP21 -> 0 | AV21: =COUNTIF(AR21:AU21,"PR") -> 0 | AW21: =COUNTIF(AR21:AU21,"AB") -> 0 | AX21: =AV21+AW21 -> 0 | AY21: =AI21+AQ21+AX21 -> 0 | AZ21: =SUM(AG21,AO21,AV21) -> 0 | BA21: =AZ21/AY21*100 -> #DIV/0! | BF21: =COUNTIF(BB21:BE21,"PR") -> 0 | BG21: =COUNTIF(BB21:BE21,"AB") -> 0 | BH21: =BF21+BG21 -> 0 | BN21: =COUNTIF(BI21:BM21,"PR") -> 0 | BO21: =COUNTIF(BI21:BM21,"AB") -> 0 | BP21: =BN21+BO21 -> 0 | BU21: =COUNTIF(BQ21:BT21,"PR") -> 0 | BV21: =COUNTIF(BQ21:BT21,"AB") -> 0 | BW21: =BU21+BV21 -> 0 | BX21: =BH21+BP21+BW21 -> 0 | BY21: =SUM(BF21,BN21,BU21) -> 0 | BZ21: =BY21/BX21*100 -> #DIV/0! | CG21: =COUNTIF(CB21:CF21,"PR") -> 0 | CH21: =COUNTIF(CB21:CF21,"AB") -> 0 | CI21: =CG21+CH21 -> 0 | CN21: =COUNTIF(CJ21:CM21,"PR") -> 0 | CO21: =COUNTIF(CJ21:CM21,"AB") -> 0 | CP21: =CN21+CO21 -> 0 | CU21: =COUNTIF(CQ21:CT21,"PR") -> 0 | CV21: =COUNTIF(CQ21:CT21,"AB") -> 0 | CW21: =CU21+CV21 -> 0 | CX21: =CG21+CN21+CU21 -> 0 | CY21: =SUM(CE21,#REF!,CS21) -> #REF! | CZ21: =CY21/CX21*100 -> #REF!
H22: =SUM(H15:H21) -> 20 | J22: =SUM(J15:J21) -> 21 | O22: =SUM(O15:O21) -> 0 | Q22: =SUM(Q15:Q21) -> 0 | V22: =SUM(V15:V21) -> 0 | X22: =SUM(X15:X21) -> 0 | Y22: =SUM(Y15:Y21) -> 15 | AG22: =SUM(AG15:AG21) -> 0 | AI22: =SUM(AI15:AI21) -> 0 | AO22: =SUM(AO15:AO21) -> 0 | AQ22: =SUM(AQ15:AQ21) -> 0 | AV22: =SUM(AV15:AV21) -> 0 | AX22: =SUM(AX15:AX21) -> 0 | AY22: =SUM(AY15:AY21) -> 0 | BF22: =SUM(BF15:BF21) -> 0 | BH22: =SUM(BH15:BH21) -> 0 | BN22: =SUM(BN15:BN21) -> 0 | BP22: =SUM(BP15:BP21) -> 0 | BU22: =SUM(BU15:BU21) -> 0 | BW22: =SUM(BW15:BW21) -> 0 | BX22: =SUM(BX15:BX21) -> 0 | CG22: =SUM(CG15:CG21) -> 0 | CI22: =SUM(CI15:CI21) -> 0 | CN22: =SUM(CN15:CN21) -> 0 | CP22: =SUM(CP15:CP21) -> 0 | CU22: =SUM(CU15:CU21) -> 0 | CW22: =SUM(CW15:CW21) -> 0 | CX22: =SUM(CX15:CX21) -> 0
A23: Consistent
A24: Moses Sahr Kpakiwa | C24: PR | D24: PR | E24: PR | H24: =COUNTIF(C24:G24,"PR") -> 3 | I24: =COUNTIF(C24:G24,"AB") -> 0 | J24: =H24+I24 -> 3 | O24: =COUNTIF(K24:N24,"PR") -> 0 | P24: =COUNTIF(K24:N24,"AB") -> 0 | Q24: =O24+P24 -> 0 | V24: =COUNTIF(R24:U24,"PR") -> 0 | W24: =COUNTIF(R24:U24,"AB") -> 0 | X24: =V24+W24 -> 0 | Y24: =J24+Q24+X24 -> 3 | Z24: =SUM(H24,O24,V24) -> 3 | AA24: =Z24/Y24*100 -> 100 | AG24: =COUNTIF(AC24:AF24,"PR") -> 0 | AH24: =COUNTIF(AC24:AF24,"AB") -> 0 | AI24: =AG24+AH24 -> 0 | AO24: =COUNTIF(AJ24:AN24,"PR") -> 0 | AP24: =COUNTIF(AJ24:AN24,"AB") -> 0 | AQ24: =AO24+AP24 -> 0 | AV24: =COUNTIF(AR24:AU24,"PR") -> 0 | AW24: =COUNTIF(AR24:AU24,"AB") -> 0 | AX24: =AV24+AW24 -> 0 | AY24: =AI24+AQ24+AX24 -> 0 | AZ24: =SUM(AG24,AO24,AV24) -> 0 | BA24: =AZ24/AY24*100 -> #DIV/0! | BF24: =COUNTIF(BB24:BE24,"PR") -> 0 | BG24: =COUNTIF(BB24:BE24,"AB") -> 0 | BH24: =BF24+BG24 -> 0 | BN24: =COUNTIF(BI24:BM24,"PR") -> 0 | BO24: =COUNTIF(BI24:BM24,"AB") -> 0 | BP24: =BN24+BO24 -> 0 | BU24: =COUNTIF(BQ24:BT24,"PR") -> 0 | BV24: =COUNTIF(BQ24:BT24,"AB") -> 0 | BW24: =BU24+BV24 -> 0 | BX24: =BH24+BP24+BW24 -> 0 | BY24: =SUM(BF24,BN24,BU24) -> 0 | BZ24: =BY24/BX24*100 -> #DIV/0! | CG24: =COUNTIF(CB24:CF24,"PR") -> 0 | CH24: =COUNTIF(CB24:CF24,"AB") -> 0 | CI24: =CG24+CH24 -> 0 | CN24: =COUNTIF(CJ24:CM24,"PR") -> 0 | CO24: =COUNTIF(CJ24:CM24,"AB") -> 0 | CP24: =CN24+CO24 -> 0 | CU24: =COUNTIF(CQ24:CT24,"PR") -> 0 | CV24: =COUNTIF(CQ24:CT24,"AB") -> 0 | CW24: =CU24+CV24 -> 0 | CX24: =CG24+CN24+CU24 -> 0 | CY24: =SUM(CE24,#REF!,CS24) -> #REF! | CZ24: =CY24/CX24*100 -> #REF!
A25: Sylvester Sesay | C25: AB | D25: PR | E25: AB | H25: =COUNTIF(C25:G25,"PR") -> 1 | I25: =COUNTIF(C25:G25,"AB") -> 2 | J25: =H25+I25 -> 3 | O25: =COUNTIF(K25:N25,"PR") -> 0 | P25: =COUNTIF(K25:N25,"AB") -> 0 | Q25: =O25+P25 -> 0 | V25: =COUNTIF(R25:U25,"PR") -> 0 | W25: =COUNTIF(R25:U25,"AB") -> 0 | X25: =V25+W25 -> 0 | Y25: =J25+Q25+X25 -> 3 | Z25: =SUM(H25,O25,V25) -> 1 | AA25: =Z25/Y25*100 -> 33.333333 | AG25: =COUNTIF(AC25:AF25,"PR") -> 0 | AH25: =COUNTIF(AC25:AF25,"AB") -> 0 | AI25: =AG25+AH25 -> 0 | AO25: =COUNTIF(AJ25:AN25,"PR") -> 0 | AP25: =COUNTIF(AJ25:AN25,"AB") -> 0 | AQ25: =AO25+AP25 -> 0 | AV25: =COUNTIF(AR25:AU25,"PR") -> 0 | AW25: =COUNTIF(AR25:AU25,"AB") -> 0 | AX25: =AV25+AW25 -> 0 | AY25: =AI25+AQ25+AX25 -> 0 | AZ25: =SUM(AG25,AO25,AV25) -> 0 | BA25: =AZ25/AY25*100 -> #DIV/0! | BF25: =COUNTIF(BB25:BE25,"PR") -> 0 | BG25: =COUNTIF(BB25:BE25,"AB") -> 0 | BH25: =BF25+BG25 -> 0 | BN25: =COUNTIF(BI25:BM25,"PR") -> 0 | BO25: =COUNTIF(BI25:BM25,"AB") -> 0 | BP25: =BN25+BO25 -> 0 | BU25: =COUNTIF(BQ25:BT25,"PR") -> 0 | BV25: =COUNTIF(BQ25:BT25,"AB") -> 0 | BW25: =BU25+BV25 -> 0 | BX25: =BH25+BP25+BW25 -> 0 | BY25: =SUM(BF25,BN25,BU25) -> 0 | BZ25: =BY25/BX25*100 -> #DIV/0! | CG25: =COUNTIF(CB25:CF25,"PR") -> 0 | CH25: =COUNTIF(CB25:CF25,"AB") -> 0 | CI25: =CG25+CH25 -> 0 | CN25: =COUNTIF(CJ25:CM25,"PR") -> 0 | CO25: =COUNTIF(CJ25:CM25,"AB") -> 0 | CP25: =CN25+CO25 -> 0 | CU25: =COUNTIF(CQ25:CT25,"PR") -> 0 | CV25: =COUNTIF(CQ25:CT25,"AB") -> 0 | CW25: =CU25+CV25 -> 0 | CX25: =CG25+CN25+CU25 -> 0 | CY25: =SUM(CE25,#REF!,CS25) -> #REF! | CZ25: =CY25/CX25*100 -> #REF!
A26: Isaac Osman | C26: AB | D26: PR | E26: AB | H26: =COUNTIF(C26:G26,"PR") -> 1 | I26: =COUNTIF(C26:G26,"AB") -> 2 | J26: =H26+I26 -> 3 | O26: =COUNTIF(K26:N26,"PR") -> 0 | P26: =COUNTIF(K26:N26,"AB") -> 0 | Q26: =O26+P26 -> 0 | V26: =COUNTIF(R26:U26,"PR") -> 0 | W26: =COUNTIF(R26:U26,"AB") -> 0 | X26: =V26+W26 -> 0 | Y26: =J26+Q26+X26 -> 3 | Z26: =SUM(H26,O26,V26) -> 1 | AA26: =Z26/Y26*100 -> 33.333333 | AG26: =COUNTIF(AC26:AF26,"PR") -> 0 | AH26: =COUNTIF(AC26:AF26,"AB") -> 0 | AI26: =AG26+AH26 -> 0 | AO26: =COUNTIF(AJ26:AN26,"PR") -> 0 | AP26: =COUNTIF(AJ26:AN26,"AB") -> 0 | AQ26: =AO26+AP26 -> 0 | AV26: =COUNTIF(AR26:AU26,"PR") -> 0 | AW26: =COUNTIF(AR26:AU26,"AB") -> 0 | AX26: =AV26+AW26 -> 0 | AY26: =AI26+AQ26+AX26 -> 0 | AZ26: =SUM(AG26,AO26,AV26) -> 0 | BA26: =AZ26/AY26*100 -> #DIV/0! | BF26: =COUNTIF(BB26:BE26,"PR") -> 0 | BG26: =COUNTIF(BB26:BE26,"AB") -> 0 | BH26: =BF26+BG26 -> 0 | BN26: =COUNTIF(BI26:BM26,"PR") -> 0 | BO26: =COUNTIF(BI26:BM26,"AB") -> 0 | BP26: =BN26+BO26 -> 0 | BU26: =COUNTIF(BQ26:BT26,"PR") -> 0 | BV26: =COUNTIF(BQ26:BT26,"AB") -> 0 | BW26: =BU26+BV26 -> 0 | BX26: =BH26+BP26+BW26 -> 0 | BY26: =SUM(BF26,BN26,BU26) -> 0 | BZ26: =BY26/BX26*100 -> #DIV/0! | CG26: =COUNTIF(CB26:CF26,"PR") -> 0 | CH26: =COUNTIF(CB26:CF26,"AB") -> 0 | CI26: =CG26+CH26 -> 0 | CN26: =COUNTIF(CJ26:CM26,"PR") -> 0 | CO26: =COUNTIF(CJ26:CM26,"AB") -> 0 | CP26: =CN26+CO26 -> 0 | CU26: =COUNTIF(CQ26:CT26,"PR") -> 0 | CV26: =COUNTIF(CQ26:CT26,"AB") -> 0 | CW26: =CU26+CV26 -> 0 | CX26: =CG26+CN26+CU26 -> 0 | CY26: =SUM(CE26,#REF!,CS26) -> #REF! | CZ26: =CY26/CX26*100 -> #REF!
A27: Isha M. Kamara | C27: AB | D27: PR | E27: AB | H27: =COUNTIF(C27:G27,"PR") -> 1 | I27: =COUNTIF(C27:G27,"AB") -> 2 | J27: =H27+I27 -> 3 | O27: =COUNTIF(K27:N27,"PR") -> 0 | P27: =COUNTIF(K27:N27,"AB") -> 0 | Q27: =O27+P27 -> 0 | V27: =COUNTIF(R27:U27,"PR") -> 0 | W27: =COUNTIF(R27:U27,"AB") -> 0 | X27: =V27+W27 -> 0 | Y27: =J27+Q27+X27 -> 3 | Z27: =SUM(H27,O27,V27) -> 1 | AA27: =Z27/Y27*100 -> 33.333333 | AG27: =COUNTIF(AC27:AF27,"PR") -> 0 | AH27: =COUNTIF(AC27:AF27,"AB") -> 0 | AI27: =AG27+AH27 -> 0 | AO27: =COUNTIF(AJ27:AN27,"PR") -> 0 | AP27: =COUNTIF(AJ27:AN27,"AB") -> 0 | AQ27: =AO27+AP27 -> 0 | AV27: =COUNTIF(AR27:AU27,"PR") -> 0 | AW27: =COUNTIF(AR27:AU27,"AB") -> 0 | AX27: =AV27+AW27 -> 0 | AY27: =AI27+AQ27+AX27 -> 0 | AZ27: =SUM(AG27,AO27,AV27) -> 0 | BA27: =AZ27/AY27*100 -> #DIV/0! | BF27: =COUNTIF(BB27:BE27,"PR") -> 0 | BG27: =COUNTIF(BB27:BE27,"AB") -> 0 | BH27: =BF27+BG27 -> 0 | BN27: =COUNTIF(BI27:BM27,"PR") -> 0 | BO27: =COUNTIF(BI27:BM27,"AB") -> 0 | BP27: =BN27+BO27 -> 0 | BU27: =COUNTIF(BQ27:BT27,"PR") -> 0 | BV27: =COUNTIF(BQ27:BT27,"AB") -> 0 | BW27: =BU27+BV27 -> 0 | BX27: =BH27+BP27+BW27 -> 0 | BY27: =SUM(BF27,BN27,BU27) -> 0 | BZ27: =BY27/BX27*100 -> #DIV/0! | CG27: =COUNTIF(CB27:CF27,"PR") -> 0 | CH27: =COUNTIF(CB27:CF27,"AB") -> 0 | CI27: =CG27+CH27 -> 0 | CN27: =COUNTIF(CJ27:CM27,"PR") -> 0 | CO27: =COUNTIF(CJ27:CM27,"AB") -> 0 | CP27: =CN27+CO27 -> 0 | CU27: =COUNTIF(CQ27:CT27,"PR") -> 0 | CV27: =COUNTIF(CQ27:CT27,"AB") -> 0 | CW27: =CU27+CV27 -> 0 | CX27: =CG27+CN27+CU27 -> 0 | CY27: =SUM(CE27,#REF!,CS27) -> #REF! | CZ27: =CY27/CX27*100 -> #REF!
A28: Joy Conteh | C28: AB | D28: PR | E28: AB | H28: =COUNTIF(C28:G28,"PR") -> 1 | I28: =COUNTIF(C28:G28,"AB") -> 2 | J28: =H28+I28 -> 3 | O28: =COUNTIF(K28:N28,"PR") -> 0 | P28: =COUNTIF(K28:N28,"AB") -> 0 | Q28: =O28+P28 -> 0 | V28: =COUNTIF(R28:U28,"PR") -> 0 | W28: =COUNTIF(R28:U28,"AB") -> 0 | X28: =V28+W28 -> 0 | Y28: =J28+Q28+X28 -> 3 | Z28: =SUM(H28,O28,V28) -> 1 | AA28: =Z28/Y28*100 -> 33.333333 | AG28: =COUNTIF(AC28:AF28,"PR") -> 0 | AH28: =COUNTIF(AC28:AF28,"AB") -> 0 | AI28: =AG28+AH28 -> 0 | AO28: =COUNTIF(AJ28:AN28,"PR") -> 0 | AP28: =COUNTIF(AJ28:AN28,"AB") -> 0 | AQ28: =AO28+AP28 -> 0 | AV28: =COUNTIF(AR28:AU28,"PR") -> 0 | AW28: =COUNTIF(AR28:AU28,"AB") -> 0 | AX28: =AV28+AW28 -> 0 | AY28: =AI28+AQ28+AX28 -> 0 | AZ28: =SUM(AG28,AO28,AV28) -> 0 | BA28: =AZ28/AY28*100 -> #DIV/0! | BF28: =COUNTIF(BB28:BE28,"PR") -> 0 | BG28: =COUNTIF(BB28:BE28,"AB") -> 0 | BH28: =BF28+BG28 -> 0 | BN28: =COUNTIF(BI28:BM28,"PR") -> 0 | BO28: =COUNTIF(BI28:BM28,"AB") -> 0 | BP28: =BN28+BO28 -> 0 | BU28: =COUNTIF(BQ28:BT28,"PR") -> 0 | BV28: =COUNTIF(BQ28:BT28,"AB") -> 0 | BW28: =BU28+BV28 -> 0 | BX28: =BH28+BP28+BW28 -> 0 | BY28: =SUM(BF28,BN28,BU28) -> 0 | BZ28: =BY28/BX28*100 -> #DIV/0! | CG28: =COUNTIF(CB28:CF28,"PR") -> 0 | CH28: =COUNTIF(CB28:CF28,"AB") -> 0 | CI28: =CG28+CH28 -> 0 | CN28: =COUNTIF(CJ28:CM28,"PR") -> 0 | CO28: =COUNTIF(CJ28:CM28,"AB") -> 0 | CP28: =CN28+CO28 -> 0 | CU28: =COUNTIF(CQ28:CT28,"PR") -> 0 | CV28: =COUNTIF(CQ28:CT28,"AB") -> 0 | CW28: =CU28+CV28 -> 0 | CX28: =CG28+CN28+CU28 -> 0 | CY28: =SUM(CE28,#REF!,CS28) -> #REF! | CZ28: =CY28/CX28*100 -> #REF!
A29: Elijah Swaray | C29: AB | D29: PR | E29: AB | H29: =COUNTIF(C29:G29,"PR") -> 1 | I29: =COUNTIF(C29:G29,"AB") -> 2 | J29: =H29+I29 -> 3 | O29: =COUNTIF(K29:N29,"PR") -> 0 | P29: =COUNTIF(K29:N29,"AB") -> 0 | Q29: =O29+P29 -> 0 | V29: =COUNTIF(R29:U29,"PR") -> 0 | W29: =COUNTIF(R29:U29,"AB") -> 0 | X29: =V29+W29 -> 0 | Y29: =J29+Q29+X29 -> 3 | Z29: =SUM(H29,O29,V29) -> 1 | AA29: =Z29/Y29*100 -> 33.333333 | AG29: =COUNTIF(AC29:AF29,"PR") -> 0 | AH29: =COUNTIF(AC29:AF29,"AB") -> 0 | AI29: =AG29+AH29 -> 0 | AO29: =COUNTIF(AJ29:AN29,"PR") -> 0 | AP29: =COUNTIF(AJ29:AN29,"AB") -> 0 | AQ29: =AO29+AP29 -> 0 | AV29: =COUNTIF(AR29:AU29,"PR") -> 0 | AW29: =COUNTIF(AR29:AU29,"AB") -> 0 | AX29: =AV29+AW29 -> 0 | AY29: =AI29+AQ29+AX29 -> 0 | AZ29: =SUM(AG29,AO29,AV29) -> 0 | BA29: =AZ29/AY29*100 -> #DIV/0! | BF29: =COUNTIF(BB29:BE29,"PR") -> 0 | BG29: =COUNTIF(BB29:BE29,"AB") -> 0 | BH29: =BF29+BG29 -> 0 | BN29: =COUNTIF(BI29:BM29,"PR") -> 0 | BO29: =COUNTIF(BI29:BM29,"AB") -> 0 | BP29: =BN29+BO29 -> 0 | BU29: =COUNTIF(BQ29:BT29,"PR") -> 0 | BV29: =COUNTIF(BQ29:BT29,"AB") -> 0 | BW29: =BU29+BV29 -> 0 | BX29: =BH29+BP29+BW29 -> 0 | BY29: =SUM(BF29,BN29,BU29) -> 0 | BZ29: =BY29/BX29*100 -> #DIV/0! | CG29: =COUNTIF(CB29:CF29,"PR") -> 0 | CH29: =COUNTIF(CB29:CF29,"AB") -> 0 | CI29: =CG29+CH29 -> 0 | CN29: =COUNTIF(CJ29:CM29,"PR") -> 0 | CO29: =COUNTIF(CJ29:CM29,"AB") -> 0 | CP29: =CN29+CO29 -> 0 | CU29: =COUNTIF(CQ29:CT29,"PR") -> 0 | CV29: =COUNTIF(CQ29:CT29,"AB") -> 0 | CW29: =CU29+CV29 -> 0 | CX29: =CG29+CN29+CU29 -> 0 | CY29: =SUM(CE29,#REF!,CS29) -> #REF! | CZ29: =CY29/CX29*100 -> #REF!
A30: John S. Conteh | C30: AB | D30: PR | E30: AB | H30: =COUNTIF(C30:G30,"PR") -> 1 | I30: =COUNTIF(C30:G30,"AB") -> 2 | J30: =H30+I30 -> 3 | O30: =COUNTIF(K30:N30,"PR") -> 0 | P30: =COUNTIF(K30:N30,"AB") -> 0 | Q30: =O30+P30 -> 0 | V30: =COUNTIF(R30:U30,"PR") -> 0 | W30: =COUNTIF(R30:U30,"AB") -> 0 | X30: =V30+W30 -> 0 | Y30: =J30+Q30+X30 -> 3 | Z30: =SUM(H30,O30,V30) -> 1 | AA30: =Z30/Y30*100 -> 33.333333 | AG30: =COUNTIF(AC30:AF30,"PR") -> 0 | AH30: =COUNTIF(AC30:AF30,"AB") -> 0 | AI30: =AG30+AH30 -> 0 | AO30: =COUNTIF(AJ30:AN30,"PR") -> 0 | AP30: =COUNTIF(AJ30:AN30,"AB") -> 0 | AQ30: =AO30+AP30 -> 0 | AV30: =COUNTIF(AR30:AU30,"PR") -> 0 | AW30: =COUNTIF(AR30:AU30,"AB") -> 0 | AX30: =AV30+AW30 -> 0 | AY30: =AI30+AQ30+AX30 -> 0 | AZ30: =SUM(AG30,AO30,AV30) -> 0 | BA30: =AZ30/AY30*100 -> #DIV/0! | BF30: =COUNTIF(BB30:BE30,"PR") -> 0 | BG30: =COUNTIF(BB30:BE30,"AB") -> 0 | BH30: =BF30+BG30 -> 0 | BN30: =COUNTIF(BI30:BM30,"PR") -> 0 | BO30: =COUNTIF(BI30:BM30,"AB") -> 0 | BP30: =BN30+BO30 -> 0 | BU30: =COUNTIF(BQ30:BT30,"PR") -> 0 | BV30: =COUNTIF(BQ30:BT30,"AB") -> 0 | BW30: =BU30+BV30 -> 0 | BX30: =BH30+BP30+BW30 -> 0 | BY30: =SUM(BF30,BN30,BU30) -> 0 | BZ30: =BY30/BX30*100 -> #DIV/0! | CG30: =COUNTIF(CB30:CF30,"PR") -> 0 | CH30: =COUNTIF(CB30:CF30,"AB") -> 0 | CI30: =CG30+CH30 -> 0 | CN30: =COUNTIF(CJ30:CM30,"PR") -> 0 | CO30: =COUNTIF(CJ30:CM30,"AB") -> 0 | CP30: =CN30+CO30 -> 0 | CU30: =COUNTIF(CQ30:CT30,"PR") -> 0 | CV30: =COUNTIF(CQ30:CT30,"AB") -> 0 | CW30: =CU30+CV30 -> 0 | CX30: =CG30+CN30+CU30 -> 0 | CY30: =SUM(CE30,#REF!,CS30) -> #REF! | CZ30: =CY30/CX30*100 -> #REF!
H31: =COUNTIF(C31:G31,"PR") -> 0 | I31: =COUNTIF(C31:G31,"AB") -> 0 | J31: =H31+I31 -> 0 | O31: =COUNTIF(K31:N31,"PR") -> 0 | P31: =COUNTIF(K31:N31,"AB") -> 0 | Q31: =O31+P31 -> 0 | V31: =COUNTIF(R31:U31,"PR") -> 0 | W31: =COUNTIF(R31:U31,"AB") -> 0 | X31: =V31+W31 -> 0 | Y31: =J31+Q31+X31 -> 0 | Z31: =SUM(H31,O31,V31) -> 0 | AA31: =Z31/Y31*100 -> #DIV/0! | AG31: =COUNTIF(AC31:AF31,"PR") -> 0 | AH31: =COUNTIF(AC31:AF31,"AB") -> 0 | AI31: =AG31+AH31 -> 0 | AO31: =COUNTIF(AJ31:AN31,"PR") -> 0 | AP31: =COUNTIF(AJ31:AN31,"AB") -> 0 | AQ31: =AO31+AP31 -> 0 | AV31: =COUNTIF(AR31:AU31,"PR") -> 0 | AW31: =COUNTIF(AR31:AU31,"AB") -> 0 | AX31: =AV31+AW31 -> 0 | AY31: =AI31+AQ31+AX31 -> 0 | AZ31: =SUM(AG31,AO31,AV31) -> 0 | BA31: =AZ31/AY31*100 -> #DIV/0! | BF31: =COUNTIF(BB31:BE31,"PR") -> 0 | BG31: =COUNTIF(BB31:BE31,"AB") -> 0 | BH31: =BF31+BG31 -> 0 | BN31: =COUNTIF(BI31:BM31,"PR") -> 0 | BO31: =COUNTIF(BI31:BM31,"AB") -> 0 | BP31: =BN31+BO31 -> 0 | BU31: =COUNTIF(BQ31:BT31,"PR") -> 0 | BV31: =COUNTIF(BQ31:BT31,"AB") -> 0 | BW31: =BU31+BV31 -> 0 | BX31: =BH31+BP31+BW31 -> 0 | BY31: =SUM(BF31,BN31,BU31) -> 0 | BZ31: =BY31/BX31*100 -> #DIV/0! | CG31: =COUNTIF(CB31:CF31,"PR") -> 0 | CH31: =COUNTIF(CB31:CF31,"AB") -> 0 | CI31: =CG31+CH31 -> 0 | CN31: =COUNTIF(CJ31:CM31,"PR") -> 0 | CO31: =COUNTIF(CJ31:CM31,"AB") -> 0 | CP31: =CN31+CO31 -> 0 | CU31: =COUNTIF(CQ31:CT31,"PR") -> 0 | CV31: =COUNTIF(CQ31:CT31,"AB") -> 0 | CW31: =CU31+CV31 -> 0 | CX31: =CG31+CN31+CU31 -> 0 | CY31: =SUM(CE31,#REF!,CS31) -> #REF! | CZ31: =CY31/CX31*100 -> #REF!
H32: =COUNTIF(C32:G32,"PR") -> 0 | I32: =COUNTIF(C32:G32,"AB") -> 0 | J32: =H32+I32 -> 0 | O32: =COUNTIF(K32:N32,"PR") -> 0 | P32: =COUNTIF(K32:N32,"AB") -> 0 | Q32: =O32+P32 -> 0 | V32: =COUNTIF(R32:U32,"PR") -> 0 | W32: =COUNTIF(R32:U32,"AB") -> 0 | X32: =V32+W32 -> 0 | Y32: =J32+Q32+X32 -> 0 | Z32: =SUM(H32,O32,V32) -> 0 | AA32: =Z32/Y32*100 -> #DIV/0! | AG32: =COUNTIF(AC32:AF32,"PR") -> 0 | AH32: =COUNTIF(AC32:AF32,"AB") -> 0 | AI32: =AG32+AH32 -> 0 | AO32: =COUNTIF(AJ32:AN32,"PR") -> 0 | AP32: =COUNTIF(AJ32:AN32,"AB") -> 0 | AQ32: =AO32+AP32 -> 0 | AV32: =COUNTIF(AR32:AU32,"PR") -> 0 | AW32: =COUNTIF(AR32:AU32,"AB") -> 0 | AX32: =AV32+AW32 -> 0 | AY32: =AI32+AQ32+AX32 -> 0 | AZ32: =SUM(AG32,AO32,AV32) -> 0 | BA32: =AZ32/AY32*100 -> #DIV/0! | BF32: =COUNTIF(BB32:BE32,"PR") -> 0 | BG32: =COUNTIF(BB32:BE32,"AB") -> 0 | BH32: =BF32+BG32 -> 0 | BN32: =COUNTIF(BI32:BM32,"PR") -> 0 | BO32: =COUNTIF(BI32:BM32,"AB") -> 0 | BP32: =BN32+BO32 -> 0 | BU32: =COUNTIF(BQ32:BT32,"PR") -> 0 | BV32: =COUNTIF(BQ32:BT32,"AB") -> 0 | BW32: =BU32+BV32 -> 0 | BX32: =BH32+BP32+BW32 -> 0 | BY32: =SUM(BF32,BN32,BU32) -> 0 | BZ32: =BY32/BX32*100 -> #DIV/0! | CG32: =COUNTIF(CB32:CF32,"PR") -> 0 | CH32: =COUNTIF(CB32:CF32,"AB") -> 0 | CI32: =CG32+CH32 -> 0 | CN32: =COUNTIF(CJ32:CM32,"PR") -> 0 | CO32: =COUNTIF(CJ32:CM32,"AB") -> 0 | CP32: =CN32+CO32 -> 0 | CU32: =COUNTIF(CQ32:CT32,"PR") -> 0 | CV32: =COUNTIF(CQ32:CT32,"AB") -> 0 | CW32: =CU32+CV32 -> 0 | CX32: =CG32+CN32+CU32 -> 0 | CY32: =SUM(CE32,#REF!,CS32) -> #REF! | CZ32: =CY32/CX32*100 -> #REF!
H33: =COUNTIF(C33:G33,"PR") -> 0 | I33: =COUNTIF(C33:G33,"AB") -> 0 | J33: =H33+I33 -> 0 | O33: =COUNTIF(K33:N33,"PR") -> 0 | P33: =COUNTIF(K33:N33,"AB") -> 0 | Q33: =O33+P33 -> 0 | V33: =COUNTIF(R33:U33,"PR") -> 0 | W33: =COUNTIF(R33:U33,"AB") -> 0 | X33: =V33+W33 -> 0 | Y33: =J33+Q33+X33 -> 0 | Z33: =SUM(H33,O33,V33) -> 0 | AA33: =Z33/Y33*100 -> #DIV/0! | AG33: =COUNTIF(AC33:AF33,"PR") -> 0 | AH33: =COUNTIF(AC33:AF33,"AB") -> 0 | AI33: =AG33+AH33 -> 0 | AO33: =COUNTIF(AJ33:AN33,"PR") -> 0 | AP33: =COUNTIF(AJ33:AN33,"AB") -> 0 | AQ33: =AO33+AP33 -> 0 | AV33: =COUNTIF(AR33:AU33,"PR") -> 0 | AW33: =COUNTIF(AR33:AU33,"AB") -> 0 | AX33: =AV33+AW33 -> 0 | AY33: =AI33+AQ33+AX33 -> 0 | AZ33: =SUM(AG33,AO33,AV33) -> 0 | BA33: =AZ33/AY33*100 -> #DIV/0! | BF33: =COUNTIF(BB33:BE33,"PR") -> 0 | BG33: =COUNTIF(BB33:BE33,"AB") -> 0 | BH33: =BF33+BG33 -> 0 | BN33: =COUNTIF(BI33:BM33,"PR") -> 0 | BO33: =COUNTIF(BI33:BM33,"AB") -> 0 | BP33: =BN33+BO33 -> 0 | BU33: =COUNTIF(BQ33:BT33,"PR") -> 0 | BV33: =COUNTIF(BQ33:BT33,"AB") -> 0 | BW33: =BU33+BV33 -> 0 | BX33: =BH33+BP33+BW33 -> 0 | BY33: =SUM(BF33,BN33,BU33) -> 0 | BZ33: =BY33/BX33*100 -> #DIV/0! | CG33: =COUNTIF(CB33:CF33,"PR") -> 0 | CH33: =COUNTIF(CB33:CF33,"AB") -> 0 | CI33: =CG33+CH33 -> 0 | CN33: =COUNTIF(CJ33:CM33,"PR") -> 0 | CO33: =COUNTIF(CJ33:CM33,"AB") -> 0 | CP33: =CN33+CO33 -> 0 | CU33: =COUNTIF(CQ33:CT33,"PR") -> 0 | CV33: =COUNTIF(CQ33:CT33,"AB") -> 0 | CW33: =CU33+CV33 -> 0 | CX33: =CG33+CN33+CU33 -> 0 | CY33: =SUM(CE33,#REF!,CS33) -> #REF! | CZ33: =CY33/CX33*100 -> #REF!
H34: =COUNTIF(C34:G34,"PR") -> 0 | I34: =COUNTIF(C34:G34,"AB") -> 0 | J34: =H34+I34 -> 0 | O34: =COUNTIF(K34:N34,"PR") -> 0 | P34: =COUNTIF(K34:N34,"AB") -> 0 | Q34: =O34+P34 -> 0 | V34: =COUNTIF(R34:U34,"PR") -> 0 | W34: =COUNTIF(R34:U34,"AB") -> 0 | X34: =V34+W34 -> 0 | Y34: =J34+Q34+X34 -> 0 | Z34: =SUM(H34,O34,V34) -> 0 | AA34: =Z34/Y34*100 -> #DIV/0! | AG34: =COUNTIF(AC34:AF34,"PR") -> 0 | AH34: =COUNTIF(AC34:AF34,"AB") -> 0 | AI34: =AG34+AH34 -> 0 | AO34: =COUNTIF(AJ34:AN34,"PR") -> 0 | AP34: =COUNTIF(AJ34:AN34,"AB") -> 0 | AQ34: =AO34+AP34 -> 0 | AV34: =COUNTIF(AR34:AU34,"PR") -> 0 | AW34: =COUNTIF(AR34:AU34,"AB") -> 0 | AX34: =AV34+AW34 -> 0 | AY34: =AI34+AQ34+AX34 -> 0 | AZ34: =SUM(AG34,AO34,AV34) -> 0 | BA34: =AZ34/AY34*100 -> #DIV/0! | BF34: =COUNTIF(BB34:BE34,"PR") -> 0 | BG34: =COUNTIF(BB34:BE34,"AB") -> 0 | BH34: =BF34+BG34 -> 0 | BN34: =COUNTIF(BI34:BM34,"PR") -> 0 | BO34: =COUNTIF(BI34:BM34,"AB") -> 0 | BP34: =BN34+BO34 -> 0 | BU34: =COUNTIF(BQ34:BT34,"PR") -> 0 | BV34: =COUNTIF(BQ34:BT34,"AB") -> 0 | BW34: =BU34+BV34 -> 0 | BX34: =BH34+BP34+BW34 -> 0 | BY34: =SUM(BF34,BN34,BU34) -> 0 | BZ34: =BY34/BX34*100 -> #DIV/0! | CG34: =COUNTIF(CB34:CF34,"PR") -> 0 | CH34: =COUNTIF(CB34:CF34,"AB") -> 0 | CI34: =CG34+CH34 -> 0 | CN34: =COUNTIF(CJ34:CM34,"PR") -> 0 | CO34: =COUNTIF(CJ34:CM34,"AB") -> 0 | CP34: =CN34+CO34 -> 0 | CU34: =COUNTIF(CQ34:CT34,"PR") -> 0 | CV34: =COUNTIF(CQ34:CT34,"AB") -> 0 | CW34: =CU34+CV34 -> 0 | CX34: =CG34+CN34+CU34 -> 0 | CY34: =SUM(CE34,#REF!,CS34) -> #REF! | CZ34: =CY34/CX34*100 -> #REF!
H35: =COUNTIF(C35:G35,"PR") -> 0 | I35: =COUNTIF(C35:G35,"AB") -> 0 | J35: =H35+I35 -> 0 | O35: =COUNTIF(K35:N35,"PR") -> 0 | P35: =COUNTIF(K35:N35,"AB") -> 0 | Q35: =O35+P35 -> 0 | V35: =COUNTIF(R35:U35,"PR") -> 0 | W35: =COUNTIF(R35:U35,"AB") -> 0 | X35: =V35+W35 -> 0 | Y35: =J35+Q35+X35 -> 0 | Z35: =SUM(H35,O35,V35) -> 0 | AA35: =Z35/Y35*100 -> #DIV/0! | AG35: =COUNTIF(AC35:AF35,"PR") -> 0 | AH35: =COUNTIF(AC35:AF35,"AB") -> 0 | AI35: =AG35+AH35 -> 0 | AO35: =COUNTIF(AJ35:AN35,"PR") -> 0 | AP35: =COUNTIF(AJ35:AN35,"AB") -> 0 | AQ35: =AO35+AP35 -> 0 | AV35: =COUNTIF(AR35:AU35,"PR") -> 0 | AW35: =COUNTIF(AR35:AU35,"AB") -> 0 | AX35: =AV35+AW35 -> 0 | AY35: =AI35+AQ35+AX35 -> 0 | AZ35: =SUM(AG35,AO35,AV35) -> 0 | BA35: =AZ35/AY35*100 -> #DIV/0! | BF35: =COUNTIF(BB35:BE35,"PR") -> 0 | BG35: =COUNTIF(BB35:BE35,"AB") -> 0 | BH35: =BF35+BG35 -> 0 | BN35: =COUNTIF(BI35:BM35,"PR") -> 0 | BO35: =COUNTIF(BI35:BM35,"AB") -> 0 | BP35: =BN35+BO35 -> 0 | BU35: =COUNTIF(BQ35:BT35,"PR") -> 0 | BV35: =COUNTIF(BQ35:BT35,"AB") -> 0 | BW35: =BU35+BV35 -> 0 | BX35: =BH35+BP35+BW35 -> 0 | BY35: =SUM(BF35,BN35,BU35) -> 0 | BZ35: =BY35/BX35*100 -> #DIV/0! | CG35: =COUNTIF(CB35:CF35,"PR") -> 0 | CH35: =COUNTIF(CB35:CF35,"AB") -> 0 | CI35: =CG35+CH35 -> 0 | CN35: =COUNTIF(CJ35:CM35,"PR") -> 0 | CO35: =COUNTIF(CJ35:CM35,"AB") -> 0 | CP35: =CN35+CO35 -> 0 | CU35: =COUNTIF(CQ35:CT35,"PR") -> 0 | CV35: =COUNTIF(CQ35:CT35,"AB") -> 0 | CW35: =CU35+CV35 -> 0 | CX35: =CG35+CN35+CU35 -> 0 | CY35: =SUM(CE35,#REF!,CS35) -> #REF! | CZ35: =CY35/CX35*100 -> #REF!
H36: =COUNTIF(C36:G36,"PR") -> 0 | I36: =COUNTIF(C36:G36,"AB") -> 0 | J36: =H36+I36 -> 0 | O36: =COUNTIF(K36:N36,"PR") -> 0 | P36: =COUNTIF(K36:N36,"AB") -> 0 | Q36: =O36+P36 -> 0 | V36: =COUNTIF(R36:U36,"PR") -> 0 | W36: =COUNTIF(R36:U36,"AB") -> 0 | X36: =V36+W36 -> 0 | Y36: =J36+Q36+X36 -> 0 | Z36: =SUM(H36,O36,V36) -> 0 | AA36: =Z36/Y36*100 -> #DIV/0! | AG36: =COUNTIF(AC36:AF36,"PR") -> 0 | AH36: =COUNTIF(AC36:AF36,"AB") -> 0 | AI36: =AG36+AH36 -> 0 | AO36: =COUNTIF(AJ36:AN36,"PR") -> 0 | AP36: =COUNTIF(AJ36:AN36,"AB") -> 0 | AQ36: =AO36+AP36 -> 0 | AV36: =COUNTIF(AR36:AU36,"PR") -> 0 | AW36: =COUNTIF(AR36:AU36,"AB") -> 0 | AX36: =AV36+AW36 -> 0 | AY36: =AI36+AQ36+AX36 -> 0 | AZ36: =SUM(AG36,AO36,AV36) -> 0 | BA36: =AZ36/AY36*100 -> #DIV/0! | BF36: =COUNTIF(BB36:BE36,"PR") -> 0 | BG36: =COUNTIF(BB36:BE36,"AB") -> 0 | BH36: =BF36+BG36 -> 0 | BN36: =COUNTIF(BI36:BM36,"PR") -> 0 | BO36: =COUNTIF(BI36:BM36,"AB") -> 0 | BP36: =BN36+BO36 -> 0 | BU36: =COUNTIF(BQ36:BT36,"PR") -> 0 | BV36: =COUNTIF(BQ36:BT36,"AB") -> 0 | BW36: =BU36+BV36 -> 0 | BX36: =BH36+BP36+BW36 -> 0 | BY36: =SUM(BF36,BN36,BU36) -> 0 | BZ36: =BY36/BX36*100 -> #DIV/0! | CG36: =COUNTIF(CB36:CF36,"PR") -> 0 | CH36: =COUNTIF(CB36:CF36,"AB") -> 0 | CI36: =CG36+CH36 -> 0 | CN36: =COUNTIF(CJ36:CM36,"PR") -> 0 | CO36: =COUNTIF(CJ36:CM36,"AB") -> 0 | CP36: =CN36+CO36 -> 0 | CU36: =COUNTIF(CQ36:CT36,"PR") -> 0 | CV36: =COUNTIF(CQ36:CT36,"AB") -> 0 | CW36: =CU36+CV36 -> 0 | CX36: =CG36+CN36+CU36 -> 0 | CY36: =SUM(CE36,#REF!,CS36) -> #REF! | CZ36: =CY36/CX36*100 -> #REF!
H37: =SUM(H24:H36) -> 9 | J37: =SUM(J24:J36) -> 21 | O37: =SUM(O24:O36) -> 0 | Q37: =SUM(Q24:Q36) -> 0 | V37: =SUM(V24:V36) -> 0 | X37: =SUM(X24:X36) -> 0 | Y37: =SUM(Y32:Y36) -> 0 | AG37: =SUM(AG24:AG36) -> 0 | AI37: =SUM(AI24:AI36) -> 0 | AO37: =SUM(AO24:AO36) -> 0 | AQ37: =SUM(AQ24:AQ36) -> 0 | AV37: =SUM(AV24:AV36) -> 0 | AX37: =SUM(AX24:AX36) -> 0 | AY37: =SUM(AY32:AY36) -> 0 | BF37: =SUM(BF24:BF36) -> 0 | BH37: =SUM(BH24:BH36) -> 0 | BN37: =SUM(BN24:BN36) -> 0 | BP37: =SUM(BP24:BP36) -> 0 | BU37: =SUM(BU24:BU36) -> 0 | BW37: =SUM(BW24:BW36) -> 0 | BX37: =SUM(BX32:BX36) -> 0 | CG37: =SUM(CG24:CG36) -> 0 | CI37: =SUM(CI24:CI36) -> 0 | CN37: =SUM(CN24:CN36) -> 0 | CP37: =SUM(CP24:CP36) -> 0 | CU37: =SUM(CU24:CU36) -> 0 | CW37: =SUM(CW24:CW36) -> 0 | CX37: =SUM(CX32:CX36) -> 0
A38: Semi-Consistent
H39: =COUNTIF(C39:G39,"PR") -> 0 | I39: =COUNTIF(C39:G39,"AB") -> 0 | J39: =H39+I39 -> 0 | O39: =COUNTIF(K39:N39,"PR") -> 0 | P39: =COUNTIF(K39:N39,"AB") -> 0 | Q39: =O39+P39 -> 0 | V39: =COUNTIF(R39:U39,"PR") -> 0 | W39: =COUNTIF(R39:U39,"AB") -> 0 | X39: =V39+W39 -> 0 | Y39: =J39+Q39+X39 -> 0 | Z39: =SUM(H39,O39,V39) -> 0 | AA39: =Z39/Y39*100 -> #DIV/0! | AG39: =COUNTIF(AC39:AF39,"PR") -> 0 | AH39: =COUNTIF(AC39:AF39,"AB") -> 0 | AI39: =AG39+AH39 -> 0 | AO39: =COUNTIF(AJ39:AN39,"PR") -> 0 | AP39: =COUNTIF(AJ39:AN39,"AB") -> 0 | AQ39: =AO39+AP39 -> 0 | AV39: =COUNTIF(AR39:AU39,"PR") -> 0 | AW39: =COUNTIF(AR39:AU39,"AB") -> 0 | AX39: =AV39+AW39 -> 0 | AY39: =AI39+AQ39+AX39 -> 0 | AZ39: =SUM(AG39,AO39,AV39) -> 0 | BA39: =AZ39/AY39*100 -> #DIV/0! | BF39: =COUNTIF(BB39:BE39,"PR") -> 0 | BG39: =COUNTIF(BB39:BE39,"AB") -> 0 | BH39: =BF39+BG39 -> 0 | BN39: =COUNTIF(BI39:BM39,"PR") -> 0 | BO39: =COUNTIF(BI39:BM39,"AB") -> 0 | BP39: =BN39+BO39 -> 0 | BU39: =COUNTIF(BQ39:BT39,"PR") -> 0 | BV39: =COUNTIF(BQ39:BT39,"AB") -> 0 | BW39: =BU39+BV39 -> 0 | BX39: =BH39+BP39+BW39 -> 0 | BY39: =SUM(BF39,BN39,BU39) -> 0 | BZ39: =BY39/BX39*100 -> #DIV/0! | CG39: =COUNTIF(CB39:CF39,"PR") -> 0 | CH39: =COUNTIF(CB39:CF39,"AB") -> 0 | CI39: =CG39+CH39 -> 0 | CN39: =COUNTIF(CJ39:CM39,"PR") -> 0 | CO39: =COUNTIF(CJ39:CM39,"AB") -> 0 | CP39: =CN39+CO39 -> 0 | CU39: =COUNTIF(CQ39:CT39,"PR") -> 0 | CV39: =COUNTIF(CQ39:CT39,"AB") -> 0 | CW39: =CU39+CV39 -> 0 | CX39: =CG39+CN39+CU39 -> 0 | CY39: =SUM(CE39,#REF!,CS39) -> #REF! | CZ39: =CY39/CX39*100 -> #REF!
H40: =COUNTIF(C40:G40,"PR") -> 0 | I40: =COUNTIF(C40:G40,"AB") -> 0 | J40: =H40+I40 -> 0 | O40: =COUNTIF(K40:N40,"PR") -> 0 | P40: =COUNTIF(K40:N40,"AB") -> 0 | Q40: =O40+P40 -> 0 | V40: =COUNTIF(R40:U40,"PR") -> 0 | W40: =COUNTIF(R40:U40,"AB") -> 0 | X40: =V40+W40 -> 0 | Y40: =J40+Q40+X40 -> 0 | Z40: =SUM(H40,O40,V40) -> 0 | AA40: =Z40/Y40*100 -> #DIV/0! | AG40: =COUNTIF(AC40:AF40,"PR") -> 0 | AH40: =COUNTIF(AC40:AF40,"AB") -> 0 | AI40: =AG40+AH40 -> 0 | AO40: =COUNTIF(AJ40:AN40,"PR") -> 0 | AP40: =COUNTIF(AJ40:AN40,"AB") -> 0 | AQ40: =AO40+AP40 -> 0 | AV40: =COUNTIF(AR40:AU40,"PR") -> 0 | AW40: =COUNTIF(AR40:AU40,"AB") -> 0 | AX40: =AV40+AW40 -> 0 | AY40: =AI40+AQ40+AX40 -> 0 | AZ40: =SUM(AG40,AO40,AV40) -> 0 | BA40: =AZ40/AY40*100 -> #DIV/0! | BF40: =COUNTIF(BB40:BE40,"PR") -> 0 | BG40: =COUNTIF(BB40:BE40,"AB") -> 0 | BH40: =BF40+BG40 -> 0 | BN40: =COUNTIF(BI40:BM40,"PR") -> 0 | BO40: =COUNTIF(BI40:BM40,"AB") -> 0 | BP40: =BN40+BO40 -> 0 | BU40: =COUNTIF(BQ40:BT40,"PR") -> 0 | BV40: =COUNTIF(BQ40:BT40,"AB") -> 0 | BW40: =BU40+BV40 -> 0 | BX40: =BH40+BP40+BW40 -> 0 | BY40: =SUM(BF40,BN40,BU40) -> 0 | BZ40: =BY40/BX40*100 -> #DIV/0! | CG40: =COUNTIF(CB40:CF40,"PR") -> 0 | CH40: =COUNTIF(CB40:CF40,"AB") -> 0 | CI40: =CG40+CH40 -> 0 | CN40: =COUNTIF(CJ40:CM40,"PR") -> 0 | CO40: =COUNTIF(CJ40:CM40,"AB") -> 0 | CP40: =CN40+CO40 -> 0 | CU40: =COUNTIF(CQ40:CT40,"PR") -> 0 | CV40: =COUNTIF(CQ40:CT40,"AB") -> 0 | CW40: =CU40+CV40 -> 0 | CX40: =CG40+CN40+CU40 -> 0 | CY40: =SUM(CE40,#REF!,CS40) -> #REF! | CZ40: =CY40/CX40*100 -> #REF!
H41: =COUNTIF(C41:G41,"PR") -> 0 | I41: =COUNTIF(C41:G41,"AB") -> 0 | J41: =H41+I41 -> 0 | O41: =COUNTIF(K41:N41,"PR") -> 0 | P41: =COUNTIF(K41:N41,"AB") -> 0 | Q41: =O41+P41 -> 0 | V41: =COUNTIF(R41:U41,"PR") -> 0 | W41: =COUNTIF(R41:U41,"AB") -> 0 | X41: =V41+W41 -> 0 | Y41: =J41+Q41+X41 -> 0 | Z41: =SUM(H41,O41,V41) -> 0 | AA41: =Z41/Y41*100 -> #DIV/0! | AG41: =COUNTIF(AC41:AF41,"PR") -> 0 | AH41: =COUNTIF(AC41:AF41,"AB") -> 0 | AI41: =AG41+AH41 -> 0 | AO41: =COUNTIF(AJ41:AN41,"PR") -> 0 | AP41: =COUNTIF(AJ41:AN41,"AB") -> 0 | AQ41: =AO41+AP41 -> 0 | AV41: =COUNTIF(AR41:AU41,"PR") -> 0 | AW41: =COUNTIF(AR41:AU41,"AB") -> 0 | AX41: =AV41+AW41 -> 0 | AY41: =AI41+AQ41+AX41 -> 0 | AZ41: =SUM(AG41,AO41,AV41) -> 0 | BA41: =AZ41/AY41*100 -> #DIV/0! | BF41: =COUNTIF(BB41:BE41,"PR") -> 0 | BG41: =COUNTIF(BB41:BE41,"AB") -> 0 | BH41: =BF41+BG41 -> 0 | BN41: =COUNTIF(BI41:BM41,"PR") -> 0 | BO41: =COUNTIF(BI41:BM41,"AB") -> 0 | BP41: =BN41+BO41 -> 0 | BU41: =COUNTIF(BQ41:BT41,"PR") -> 0 | BV41: =COUNTIF(BQ41:BT41,"AB") -> 0 | BW41: =BU41+BV41 -> 0 | BX41: =BH41+BP41+BW41 -> 0 | BY41: =SUM(BF41,BN41,BU41) -> 0 | BZ41: =BY41/BX41*100 -> #DIV/0! | CG41: =COUNTIF(CB41:CF41,"PR") -> 0 | CH41: =COUNTIF(CB41:CF41,"AB") -> 0 | CI41: =CG41+CH41 -> 0 | CN41: =COUNTIF(CJ41:CM41,"PR") -> 0 | CO41: =COUNTIF(CJ41:CM41,"AB") -> 0 | CP41: =CN41+CO41 -> 0 | CU41: =COUNTIF(CQ41:CT41,"PR") -> 0 | CV41: =COUNTIF(CQ41:CT41,"AB") -> 0 | CW41: =CU41+CV41 -> 0 | CX41: =CG41+CN41+CU41 -> 0 | CY41: =SUM(CE41,#REF!,CS41) -> #REF! | CZ41: =CY41/CX41*100 -> #REF!
H42: =COUNTIF(C42:G42,"PR") -> 0 | I42: =COUNTIF(C42:G42,"AB") -> 0 | J42: =H42+I42 -> 0 | O42: =COUNTIF(K42:N42,"PR") -> 0 | P42: =COUNTIF(K42:N42,"AB") -> 0 | Q42: =O42+P42 -> 0 | V42: =COUNTIF(R42:U42,"PR") -> 0 | W42: =COUNTIF(R42:U42,"AB") -> 0 | X42: =V42+W42 -> 0 | Y42: =J42+Q42+X42 -> 0 | Z42: =SUM(H42,O42,V42) -> 0 | AA42: =Z42/Y42*100 -> #DIV/0! | AG42: =COUNTIF(AC42:AF42,"PR") -> 0 | AH42: =COUNTIF(AC42:AF42,"AB") -> 0 | AI42: =AG42+AH42 -> 0 | AO42: =COUNTIF(AJ42:AN42,"PR") -> 0 | AP42: =COUNTIF(AJ42:AN42,"AB") -> 0 | AQ42: =AO42+AP42 -> 0 | AV42: =COUNTIF(AR42:AU42,"PR") -> 0 | AW42: =COUNTIF(AR42:AU42,"AB") -> 0 | AX42: =AV42+AW42 -> 0 | AY42: =AI42+AQ42+AX42 -> 0 | AZ42: =SUM(AG42,AO42,AV42) -> 0 | BA42: =AZ42/AY42*100 -> #DIV/0! | BF42: =COUNTIF(BB42:BE42,"PR") -> 0 | BG42: =COUNTIF(BB42:BE42,"AB") -> 0 | BH42: =BF42+BG42 -> 0 | BN42: =COUNTIF(BI42:BM42,"PR") -> 0 | BO42: =COUNTIF(BI42:BM42,"AB") -> 0 | BP42: =BN42+BO42 -> 0 | BU42: =COUNTIF(BQ42:BT42,"PR") -> 0 | BV42: =COUNTIF(BQ42:BT42,"AB") -> 0 | BW42: =BU42+BV42 -> 0 | BX42: =BH42+BP42+BW42 -> 0 | BY42: =SUM(BF42,BN42,BU42) -> 0 | BZ42: =BY42/BX42*100 -> #DIV/0! | CG42: =COUNTIF(CB42:CF42,"PR") -> 0 | CH42: =COUNTIF(CB42:CF42,"AB") -> 0 | CI42: =CG42+CH42 -> 0 | CN42: =COUNTIF(CJ42:CM42,"PR") -> 0 | CO42: =COUNTIF(CJ42:CM42,"AB") -> 0 | CP42: =CN42+CO42 -> 0 | CU42: =COUNTIF(CQ42:CT42,"PR") -> 0 | CV42: =COUNTIF(CQ42:CT42,"AB") -> 0 | CW42: =CU42+CV42 -> 0 | CX42: =CG42+CN42+CU42 -> 0 | CY42: =SUM(CE42,#REF!,CS42) -> #REF! | CZ42: =CY42/CX42*100 -> #REF!
H43: =COUNTIF(C43:G43,"PR") -> 0 | I43: =COUNTIF(C43:G43,"AB") -> 0 | J43: =H43+I43 -> 0 | O43: =COUNTIF(K43:N43,"PR") -> 0 | P43: =COUNTIF(K43:N43,"AB") -> 0 | Q43: =O43+P43 -> 0 | V43: =COUNTIF(R43:U43,"PR") -> 0 | W43: =COUNTIF(R43:U43,"AB") -> 0 | X43: =V43+W43 -> 0 | Y43: =J43+Q43+X43 -> 0 | Z43: =SUM(H43,O43,V43) -> 0 | AA43: =Z43/Y43*100 -> #DIV/0! | AG43: =COUNTIF(AC43:AF43,"PR") -> 0 | AH43: =COUNTIF(AC43:AF43,"AB") -> 0 | AI43: =AG43+AH43 -> 0 | AO43: =COUNTIF(AJ43:AN43,"PR") -> 0 | AP43: =COUNTIF(AJ43:AN43,"AB") -> 0 | AQ43: =AO43+AP43 -> 0 | AV43: =COUNTIF(AR43:AU43,"PR") -> 0 | AW43: =COUNTIF(AR43:AU43,"AB") -> 0 | AX43: =AV43+AW43 -> 0 | AY43: =AI43+AQ43+AX43 -> 0 | AZ43: =SUM(AG43,AO43,AV43) -> 0 | BA43: =AZ43/AY43*100 -> #DIV/0! | BF43: =COUNTIF(BB43:BE43,"PR") -> 0 | BG43: =COUNTIF(BB43:BE43,"AB") -> 0 | BH43: =BF43+BG43 -> 0 | BN43: =COUNTIF(BI43:BM43,"PR") -> 0 | BO43: =COUNTIF(BI43:BM43,"AB") -> 0 | BP43: =BN43+BO43 -> 0 | BU43: =COUNTIF(BQ43:BT43,"PR") -> 0 | BV43: =COUNTIF(BQ43:BT43,"AB") -> 0 | BW43: =BU43+BV43 -> 0 | BX43: =BH43+BP43+BW43 -> 0 | BY43: =SUM(BF43,BN43,BU43) -> 0 | BZ43: =BY43/BX43*100 -> #DIV/0! | CG43: =COUNTIF(CB43:CF43,"PR") -> 0 | CH43: =COUNTIF(CB43:CF43,"AB") -> 0 | CI43: =CG43+CH43 -> 0 | CN43: =COUNTIF(CJ43:CM43,"PR") -> 0 | CO43: =COUNTIF(CJ43:CM43,"AB") -> 0 | CP43: =CN43+CO43 -> 0 | CU43: =COUNTIF(CQ43:CT43,"PR") -> 0 | CV43: =COUNTIF(CQ43:CT43,"AB") -> 0 | CW43: =CU43+CV43 -> 0 | CX43: =CG43+CN43+CU43 -> 0 | CY43: =SUM(CE43,#REF!,CS43) -> #REF! | CZ43: =CY43/CX43*100 -> #REF!
H44: =COUNTIF(C44:G44,"PR") -> 0 | I44: =COUNTIF(C44:G44,"AB") -> 0 | J44: =H44+I44 -> 0 | O44: =COUNTIF(K44:N44,"PR") -> 0 | P44: =COUNTIF(K44:N44,"AB") -> 0 | Q44: =O44+P44 -> 0 | V44: =COUNTIF(R44:U44,"PR") -> 0 | W44: =COUNTIF(R44:U44,"AB") -> 0 | X44: =V44+W44 -> 0 | Y44: =J44+Q44+X44 -> 0 | Z44: =SUM(H44,O44,V44) -> 0 | AA44: =Z44/Y44*100 -> #DIV/0! | AG44: =COUNTIF(AC44:AF44,"PR") -> 0 | AH44: =COUNTIF(AC44:AF44,"AB") -> 0 | AI44: =AG44+AH44 -> 0 | AO44: =COUNTIF(AJ44:AN44,"PR") -> 0 | AP44: =COUNTIF(AJ44:AN44,"AB") -> 0 | AQ44: =AO44+AP44 -> 0 | AV44: =COUNTIF(AR44:AU44,"PR") -> 0 | AW44: =COUNTIF(AR44:AU44,"AB") -> 0 | AX44: =AV44+AW44 -> 0 | AY44: =AI44+AQ44+AX44 -> 0 | AZ44: =SUM(AG44,AO44,AV44) -> 0 | BA44: =AZ44/AY44*100 -> #DIV/0! | BF44: =COUNTIF(BB44:BE44,"PR") -> 0 | BG44: =COUNTIF(BB44:BE44,"AB") -> 0 | BH44: =BF44+BG44 -> 0 | BN44: =COUNTIF(BI44:BM44,"PR") -> 0 | BO44: =COUNTIF(BI44:BM44,"AB") -> 0 | BP44: =BN44+BO44 -> 0 | BU44: =COUNTIF(BQ44:BT44,"PR") -> 0 | BV44: =COUNTIF(BQ44:BT44,"AB") -> 0 | BW44: =BU44+BV44 -> 0 | BX44: =BH44+BP44+BW44 -> 0 | BY44: =SUM(BF44,BN44,BU44) -> 0 | BZ44: =BY44/BX44*100 -> #DIV/0! | CG44: =COUNTIF(CB44:CF44,"PR") -> 0 | CH44: =COUNTIF(CB44:CF44,"AB") -> 0 | CI44: =CG44+CH44 -> 0 | CN44: =COUNTIF(CJ44:CM44,"PR") -> 0 | CO44: =COUNTIF(CJ44:CM44,"AB") -> 0 | CP44: =CN44+CO44 -> 0 | CU44: =COUNTIF(CQ44:CT44,"PR") -> 0 | CV44: =COUNTIF(CQ44:CT44,"AB") -> 0 | CW44: =CU44+CV44 -> 0 | CX44: =CG44+CN44+CU44 -> 0 | CY44: =SUM(CE44,#REF!,CS44) -> #REF! | CZ44: =CY44/CX44*100 -> #REF!
