Workbook
Name Attended: #REF!

Sheet EMPOWERMENT GROUP
C1: January | K1: February | R1: March | AC1: April | AJ1: May | AR1: June | BB1: July | BI1: August | BQ1: September | CB1: October | CJ1: November | CQ1: December
A3: Members | B3: Contact | C3: Week 1 | D3: Week 2 | E3: Week 3 | F3: Week 4 | G3: Week 5 | K3: Week 6 | L3: Week 7 | M3: Week 8 | N3: Week 9 | R3: Week 10 | S3: Week 11 | T3: Week 12 | U3: Week 13 | AC3: Week 14 | AD3: Week 15 | AE3: Week 16 | AF3: Week 17 | AJ3: Week 18 | AK3: Week 19 | AL3: Week 20 | AM3: Week 21 | AN3: Week 22 | AR3: Week 23 | AS3: Week 24 | AT3: Week 25 | AU3: Week 26 | BB3: Week 27 | BC3: Week 28 | BD3: Week 29 | BE3: Week 30 | BI3: Week 31 | BJ3: Week 32 | BK3: Week 33 | BL3: Week 34 | BM3: Week 35 | BQ3: Week 36 | BR3: Week 37 | BS3: Week 38 | BT3: Week 39 | CB3: Week 40 | CC3: Week 41 | CD3: Week 42 | CE3: Week 43 | CF3: Week 44 | CJ3: Week 45 | CK3: Week 46 | CL3: Week 47 | CM3: Week 48 | CQ3: Week 49 | CR3: Week 50 | CS3: Week 51 | CT3: Week 52
A4: Leaders | H4: Present | I4: Absent | J4: PA | O4: Present | P4: Absent | Q4: PA | V4: Present | W4: Absent | X4: PA | Y4: TOTAL PA | Z4: Qtr Att | AA4: Qtr % | AB4: Comments | AG4: Present | AH4: Absent | AI4: PA | AO4: Present | AP4: Absent | AQ4: PA | AV4: Present | AW4: Absent | AX4: PA | AY4: TOTAL PA | AZ4: Qtr Att | BA4: Qtr % | BF4: Present | BG4: Absent | BH4: PA | BN4: Present | BO4: Absent | BP4: PA | BU4: Present | BV4: Absent | BW4: PA | BX4: TOTAL PA | BY4: Qtr Att | BZ4: Qtr % | CA4: Comments | CG4: Present | CH4: Absent | CI4: PA | CN4: Present | CO4: Absent | CP4: PA | CU4: Present | CV4: Absent | CW4: PA | CX4: TOTAL ATT | CY4: Qtr Att | CZ4: Qtr % | DA4: Comments
H5: =COUNTIF(C5:G5,"PR") -> 0 | I5: =COUNTIF(C5:G5,"AB") -> 0 | J5: =H5+I5 -> 0 | O5: =COUNTIF(K5:N5,"PR") -> 0 | P5: =COUNTIF(K5:N5,"AB") -> 0 | Q5: =O5+P5 -> 0 | V5: =COUNTIF(R5:U5,"PR") -> 0 | W5: =COUNTIF(R5:U5,"AB") -> 0 | X5: =V5+W5 -> 0 | Y5: =J5+Q5+X5 -> 0 | Z5: =SUM(H5,O5,V5) -> 0 | AA5: =Z5/Y5*100 -> #DIV/0! | AG5: =COUNTIF(AC5:AF5,"PR") -> 0 | AH5: =COUNTIF(AC5:AF5,"AB") -> 0 | AI5: =AG5+AH5 -> 0 | AO5: =COUNTIF(AJ5:AN5,"PR") -> 0 | AP5: =COUNTIF(AJ5:AN5,"AB") -> 0 | AQ5: =AO5+AP5 -> 0 | AV5: =COUNTIF(AR5:AU5,"PR") -> 0 | AW5: =COUNTIF(AR5:AU5,"AB") -> 0 | AX5: =AV5+AW5 -> 0 | AY5: =AI5+AQ5+AX5 -> 0 | AZ5: =SUM(AG5,AO5,AV5) -> 0 | BA5: =AZ5/AY5*100 -> #DIV/0! | BF5: =COUNTIF(BB5:BE5,"PR") -> 0 | BG5: =COUNTIF(BB5:BE5,"AB") -> 0 | BH5: =BF5+BG5 -> 0 | BN5: =COUNTIF(BI5:BM5,"PR") -> 0 | BO5: =COUNTIF(BI5:BM5,"AB") -> 0 | BP5: =BN5+BO5 -> 0 | BU5: =COUNTIF(BQ5:BT5,"PR") -> 0 | BV5: =COUNTIF(BQ5:BT5,"AB") -> 0 | BW5: =BU5+BV5 -> 0 | BX5: =BH5+BP5+BW5 -> 0 | BY5: =SUM(BF5,BN5,BU5) -> 0 | BZ5: =BY5/BX5*100 -> #DIV/0! | CG5: =COUNTIF(CB5:CF5,"PR") -> 0 | CH5: =COUNTIF(CB5:CF5,"AB") -> 0 | CI5: =CG5+CH5 -> 0 | CN5: =COUNTIF(CJ5:CM5,"PR") -> 0 | CO5: =COUNTIF(CJ5:CM5,"AB") -> 0 | CP5: =CN5+CO5 -> 0 | CU5: =COUNTIF(CQ5:CT5,"PR") -> 0 | CV5: =COUNTIF(CQ5:CT5,"AB") -> 0 | CW5: =CU5+CV5 -> 0 | CX5: =CG5+CN5+CU5 -> 0 | CY5: =SUM(CE5,#REF!,CS5) -> #REF! | CZ5: =CY5/CX5*100 -> #REF!
H6: =COUNTIF(C6:G6,"PR") -> 0 | I6: =COUNTIF(C6:G6,"AB") -> 0 | J6: =H6+I6 -> 0 | O6: =COUNTIF(K6:N6,"PR") -> 0 | P6: =COUNTIF(K6:N6,"AB") -> 0 | Q6: =O6+P6 -> 0 | V6: =COUNTIF(R6:U6,"PR") -> 0 | W6: =COUNTIF(R6:U6,"AB") -> 0 | X6: =V6+W6 -> 0 | Y6: =J6+Q6+X6 -> 0 | Z6: =SUM(H6,O6,V6) -> 0 | AA6: =Z6/Y6*100 -> #DIV/0! | AG6: =COUNTIF(AC6:AF6,"PR") -> 0 | AH6: =COUNTIF(AC6:AF6,"AB") -> 0 | AI6: =AG6+AH6 -> 0 | AO6: =COUNTIF(AJ6:AN6,"PR") -> 0 | AP6: =COUNTIF(AJ6:AN6,"AB") -> 0 | AQ6: =AO6+AP6 -> 0 | AV6: =COUNTIF(AR6:AU6,"PR") -> 0 | AW6: =COUNTIF(AR6:AU6,"AB") -> 0 | AX6: =AV6+AW6 -> 0 | AY6: =AI6+AQ6+AX6 -> 0 | AZ6: =SUM(AG6,AO6,AV6) -> 0 | BA6: =AZ6/AY6*100 -> #DIV/0! | BF6: =COUNTIF(BB6:BE6,"PR") -> 0 | BG6: =COUNTIF(BB6:BE6,"AB") -> 0 | BH6: =BF6+BG6 -> 0 | BN6: =COUNTIF(BI6:BM6,"PR") -> 0 | BO6: =COUNTIF(BI6:BM6,"AB") -> 0 | BP6: =BN6+BO6 -> 0 | BU6: =COUNTIF(BQ6:BT6,"PR") -> 0 | BV6: =COUNTIF(BQ6:BT6,"AB") -> 0 | BW6: =BU6+BV6 -> 0 | BX6: =BH6+BP6+BW6 -> 0 | BY6: =SUM(BF6,BN6,BU6) -> 0 | BZ6: =BY6/BX6*100 -> #DIV/0! | CG6: =COUNTIF(CB6:CF6,"PR") -> 0 | CH6: =COUNTIF(CB6:CF6,"AB") -> 0 | CI6: =CG6+CH6 -> 0 | CN6: =COUNTIF(CJ6:CM6,"PR") -> 0 | CO6: =COUNTIF(CJ6:CM6,"AB") -> 0 | CP6: =CN6+CO6 -> 0 | CU6: =COUNTIF(CQ6:CT6,"PR") -> 0 | CV6: =COUNTIF(CQ6:CT6,"AB") -> 0 | CW6: =CU6+CV6 -> 0 | CX6: =CG6+CN6+CU6 -> 0 | CY6: =SUM(CE6,#REF!,CS6) -> #REF! | CZ6: =CY6/CX6*100 -> #REF!
H7: =COUNTIF(C7:G7,"PR") -> 0 | I7: =COUNTIF(C7:G7,"AB") -> 0 | J7: =H7+I7 -> 0 | O7: =COUNTIF(K7:N7,"PR") -> 0 | P7: =COUNTIF(K7:N7,"AB") -> 0 | Q7: =O7+P7 -> 0 | V7: =COUNTIF(R7:U7,"PR") -> 0 | W7: =COUNTIF(R7:U7,"AB") -> 0 | X7: =V7+W7 -> 0 | Y7: =J7+Q7+X7 -> 0 | Z7: =SUM(H7,O7,V7) -> 0 | AA7: =Z7/Y7*100 -> #DIV/0! | AG7: =COUNTIF(AC7:AF7,"PR") -> 0 | AH7: =COUNTIF(AC7:AF7,"AB") -> 0 | AI7: =AG7+AH7 -> 0 | AO7: =COUNTIF(AJ7:AN7,"PR") -> 0 | AP7: =COUNTIF(AJ7:AN7,"AB") -> 0 | AQ7: =AO7+AP7 -> 0 | AV7: =COUNTIF(AR7:AU7,"PR") -> 0 | AW7: =COUNTIF(AR7:AU7,"AB") -> 0 | AX7: =AV7+AW7 -> 0 | AY7: =AI7+AQ7+AX7 -> 0 | AZ7: =SUM(AG7,AO7,AV7) -> 0 | BA7: =AZ7/AY7*100 -> #DIV/0! | BF7: =COUNTIF(BB7:BE7,"PR") -> 0 | BG7: =COUNTIF(BB7:BE7,"AB") -> 0 | BH7: =BF7+BG7 -> 0 | BN7: =COUNTIF(BI7:BM7,"PR") -> 0 | BO7: =COUNTIF(BI7:BM7,"AB") -> 0 | BP7: =BN7+BO7 -> 0 | BU7: =COUNTIF(BQ7:BT7,"PR") -> 0 | BV7: =COUNTIF(BQ7:BT7,"AB") -> 0 | BW7: =BU7+BV7 -> 0 | BX7: =BH7+BP7+BW7 -> 0 | BY7: =SUM(BF7,BN7,BU7) -> 0 | BZ7: =BY7/BX7*100 -> #DIV/0! | CG7: =COUNTIF(CB7:CF7,"PR") -> 0 | CH7: =COUNTIF(CB7:CF7,"AB") -> 0 | CI7: =CG7+CH7 -> 0 | CN7: =COUNTIF(CJ7:CM7,"PR") -> 0 | CO7: =COUNTIF(CJ7:CM7,"AB") -> 0 | CP7: =CN7+CO7 -> 0 | CU7: =COUNTIF(CQ7:CT7,"PR") -> 0 | CV7: =COUNTIF(CQ7:CT7,"AB") -> 0 | CW7: =CU7+CV7 -> 0 | CX7: =CG7+CN7+CU7 -> 0 | CY7: =SUM(CE7,#REF!,CS7) -> #REF! | CZ7: =CY7/CX7*100 -> #REF!
H8: =COUNTIF(C8:G8,"PR") -> 0 | I8: =COUNTIF(C8:G8,"AB") -> 0 | J8: =H8+I8 -> 0 | O8: =COUNTIF(K8:N8,"PR") -> 0 | P8: =COUNTIF(K8:N8,"AB") -> 0 | Q8: =O8+P8 -> 0 | V8: =COUNTIF(R8:U8,"PR") -> 0 | W8: =COUNTIF(R8:U8,"AB") -> 0 | X8: =V8+W8 -> 0 | Y8: =J8+Q8+X8 -> 0 | Z8: =SUM(H8,O8,V8) -> 0 | AA8: =Z8/Y8*100 -> #DIV/0! | AG8: =COUNTIF(AC8:AF8,"PR") -> 0 | AH8: =COUNTIF(AC8:AF8,"AB") -> 0 | AI8: =AG8+AH8 -> 0 | AO8: =COUNTIF(AJ8:AN8,"PR") -> 0 | AP8: =COUNTIF(AJ8:AN8,"AB") -> 0 | AQ8: =AO8+AP8 -> 0 | AV8: =COUNTIF(AR8:AU8,"PR") -> 0 | AW8: =COUNTIF(AR8:AU8,"AB") -> 0 | AX8: =AV8+AW8 -> 0 | AY8: =AI8+AQ8+AX8 -> 0 | AZ8: =SUM(AG8,AO8,AV8) -> 0 | BA8: =AZ8/AY8*100 -> #DIV/0! | BF8: =COUNTIF(BB8:BE8,"PR") -> 0 | BG8: =COUNTIF(BB8:BE8,"AB") -> 0 | BH8: =BF8+BG8 -> 0 | BN8: =COUNTIF(BI8:BM8,"PR") -> 0 | BO8: =COUNTIF(BI8:BM8,"AB") -> 0 | BP8: =BN8+BO8 -> 0 | BU8: =COUNTIF(BQ8:BT8,"PR") -> 0 | BV8: =COUNTIF(BQ8:BT8,"AB") -> 0 | BW8: =BU8+BV8 -> 0 | BX8: =BH8+BP8+BW8 -> 0 | BY8: =SUM(BF8,BN8,BU8) -> 0 | BZ8: =BY8/BX8*100 -> #DIV/0! | CG8: =COUNTIF(CB8:CF8,"PR") -> 0 | CH8: =COUNTIF(CB8:CF8,"AB") -> 0 | CI8: =CG8+CH8 -> 0 | CN8: =COUNTIF(CJ8:CM8,"PR") -> 0 | CO8: =COUNTIF(CJ8:CM8,"AB") -> 0 | CP8: =CN8+CO8 -> 0 | CU8: =COUNTIF(CQ8:CT8,"PR") -> 0 | CV8: =COUNTIF(CQ8:CT8,"AB") -> 0 | CW8: =CU8+CV8 -> 0 | CX8: =CG8+CN8+CU8 -> 0 | CY8: =SUM(CE8,#REF!,CS8) -> #REF! | CZ8: =CY8/CX8*100 -> #REF!
H9: =COUNTIF(C9:G9,"PR") -> 0 | I9: =COUNTIF(C9:G9,"AB") -> 0 | J9: =H9+I9 -> 0 | O9: =COUNTIF(K9:N9,"PR") -> 0 | P9: =COUNTIF(K9:N9,"AB") -> 0 | Q9: =O9+P9 -> 0 | V9: =COUNTIF(R9:U9,"PR") -> 0 | W9: =COUNTIF(R9:U9,"AB") -> 0 | X9: =V9+W9 -> 0 | Y9: =J9+Q9+X9 -> 0 | Z9: =SUM(H9,O9,V9) -> 0 | AA9: =Z9/Y9*100 -> #DIV/0! | AG9: =COUNTIF(AC9:AF9,"PR") -> 0 | AH9: =COUNTIF(AC9:AF9,"AB") -> 0 | AI9: =AG9+AH9 -> 0 | AO9: =COUNTIF(AJ9:AN9,"PR") -> 0 | AP9: =COUNTIF(AJ9:AN9,"AB") -> 0 | AQ9: =AO9+AP9 -> 0 | AV9: =COUNTIF(AR9:AU9,"PR") -> 0 | AW9: =COUNTIF(AR9:AU9,"AB") -> 0 | AX9: =AV9+AW9 -> 0 | AY9: =AI9+AQ9+AX9 -> 0 | AZ9: =SUM(AG9,AO9,AV9) -> 0 | BA9: =AZ9/AY9*100 -> #DIV/0! | BF9: =COUNTIF(BB9:BE9,"PR") -> 0 | BG9: =COUNTIF(BB9:BE9,"AB") -> 0 | BH9: =BF9+BG9 -> 0 | BN9: =COUNTIF(BI9:BM9,"PR") -> 0 | BO9: =COUNTIF(BI9:BM9,"AB") -> 0 | BP9: =BN9+BO9 -> 0 | BU9: =COUNTIF(BQ9:BT9,"PR") -> 0 | BV9: =COUNTIF(BQ9:BT9,"AB") -> 0 | BW9: =BU9+BV9 -> 0 | BX9: =BH9+BP9+BW9 -> 0 | BY9: =SUM(BF9,BN9,BU9) -> 0 | BZ9: =BY9/BX9*100 -> #DIV/0! | CG9: =COUNTIF(CB9:CF9,"PR") -> 0 | CH9: =COUNTIF(CB9:CF9,"AB") -> 0 | CI9: =CG9+CH9 -> 0 | CN9: =COUNTIF(CJ9:CM9,"PR") -> 0 | CO9: =COUNTIF(CJ9:CM9,"AB") -> 0 | CP9: =CN9+CO9 -> 0 | CU9: =COUNTIF(CQ9:CT9,"PR") -> 0 | CV9: =COUNTIF(CQ9:CT9,"AB") -> 0 | CW9: =CU9+CV9 -> 0 | CX9: =CG9+CN9+CU9 -> 0 | CY9: =SUM(CE9,#REF!,CS9) -> #REF! | CZ9: =CY9/CX9*100 -> #REF!
H10: =COUNTIF(C10:G10,"PR") -> 0 | I10: =COUNTIF(C10:G10,"AB") -> 0 | J10: =H10+I10 -> 0 | O10: =COUNTIF(K10:N10,"PR") -> 0 | P10: =COUNTIF(K10:N10,"AB") -> 0 | Q10: =O10+P10 -> 0 | V10: =COUNTIF(R10:U10,"PR") -> 0 | W10: =COUNTIF(R10:U10,"AB") -> 0 | X10: =V10+W10 -> 0 | Y10: =J10+Q10+X10 -> 0 | Z10: =SUM(H10,O10,V10) -> 0 | AA10: =Z10/Y10*100 -> #DIV/0! | AG10: =COUNTIF(AC10:AF10,"PR") -> 0 | AH10: =COUNTIF(AC10:AF10,"AB") -> 0 | AI10: =AG10+AH10 -> 0 | AO10: =COUNTIF(AJ10:AN10,"PR") -> 0 | AP10: =COUNTIF(AJ10:AN10,"AB") -> 0 | AQ10: =AO10+AP10 -> 0 | AV10: =COUNTIF(AR10:AU10,"PR") -> 0 | AW10: =COUNTIF(AR10:AU10,"AB") -> 0 | AX10: =AV10+AW10 -> 0 | AY10: =AI10+AQ10+AX10 -> 0 | AZ10: =SUM(AG10,AO10,AV10) -> 0 | BA10: =AZ10/AY10*100 -> #DIV/0! | BF10: =COUNTIF(BB10:BE10,"PR") -> 0 | BG10: =COUNTIF(BB10:BE10,"AB") -> 0 | BH10: =BF10+BG10 -> 0 | BN10: =COUNTIF(BI10:BM10,"PR") -> 0 | BO10: =COUNTIF(BI10:BM10,"AB") -> 0 | BP10: =BN10+BO10 -> 0 | BU10: =COUNTIF(BQ10:BT10,"PR") -> 0 | BV10: =COUNTIF(BQ10:BT10,"AB") -> 0 | BW10: =BU10+BV10 -> 0 | BX10: =BH10+BP10+BW10 -> 0 | BY10: =SUM(BF10,BN10,BU10) -> 0 | BZ10: =BY10/BX10*100 -> #DIV/0! | CG10: =COUNTIF(CB10:CF10,"PR") -> 0 | CH10: =COUNTIF(CB10:CF10,"AB") -> 0 | CI10: =CG10+CH10 -> 0 | CN10: =COUNTIF(CJ10:CM10,"PR") -> 0 | CO10: =COUNTIF(CJ10:CM10,"AB") -> 0 | CP10: =CN10+CO10 -> 0 | CU10: =COUNTIF(CQ10:CT10,"PR") -> 0 | CV10: =COUNTIF(CQ10:CT10,"AB") -> 0 | CW10: =CU10+CV10 -> 0 | CX10: =CG10+CN10+CU10 -> 0 | CY10: =SUM(CE10,#REF!,CS10) -> #REF! | CZ10: =CY10/CX10*100 -> #REF!
H11: =COUNTIF(C11:G11,"PR") -> 0 | I11: =COUNTIF(C11:G11,"AB") -> 0 | J11: =H11+I11 -> 0 | O11: =COUNTIF(K11:N11,"PR") -> 0 | P11: =COUNTIF(K11:N11,"AB") -> 0 | Q11: =O11+P11 -> 0 | V11: =COUNTIF(R11:U11,"PR") -> 0 | W11: =COUNTIF(R11:U11,"AB") -> 0 | X11: =V11+W11 -> 0 | Y11: =J11+Q11+X11 -> 0 | Z11: =SUM(H11,O11,V11) -> 0 | AA11: =Z11/Y11*100 -> #DIV/0! | AG11: =COUNTIF(AC11:AF11,"PR") -> 0 | AH11: =COUNTIF(AC11:AF11,"AB") -> 0 | AI11: =AG11+AH11 -> 0 | AO11: =COUNTIF(AJ11:AN11,"PR") -> 0 | AP11: =COUNTIF(AJ11:AN11,"AB") -> 0 | AQ11: =AO11+AP11 -> 0 | AV11: =COUNTIF(AR11:AU11,"PR") -> 0 | AW11: =COUNTIF(AR11:AU11,"AB") -> 0 | AX11: =AV11+AW11 -> 0 | AY11: =AI11+AQ11+AX11 -> 0 | AZ11: =SUM(AG11,AO11,AV11) -> 0 | BA11: =AZ11/AY11*100 -> #DIV/0! | BF11: =COUNTIF(BB11:BE11,"PR") -> 0 | BG11: =COUNTIF(BB11:BE11,"AB") -> 0 | BH11: =BF11+BG11 -> 0 | BN11: =COUNTIF(BI11:BM11,"PR") -> 0 | BO11: =COUNTIF(BI11:BM11,"AB") -> 0 | BP11: =BN11+BO11 -> 0 | BU11: =COUNTIF(BQ11:BT11,"PR") -> 0 | BV11: =COUNTIF(BQ11:BT11,"AB") -> 0 | BW11: =BU11+BV11 -> 0 | BX11: =BH11+BP11+BW11 -> 0 | BY11: =SUM(BF11,BN11,BU11) -> 0 | BZ11: =BY11/BX11*100 -> #DIV/0! | CG11: =COUNTIF(CB11:CF11,"PR") -> 0 | CH11: =COUNTIF(CB11:CF11,"AB") -> 0 | CI11: =CG11+CH11 -> 0 | CN11: =COUNTIF(CJ11:CM11,"PR") -> 0 | CO11: =COUNTIF(CJ11:CM11,"AB") -> 0 | CP11: =CN11+CO11 -> 0 | CU11: =COUNTIF(CQ11:CT11,"PR") -> 0 | CV11: =COUNTIF(CQ11:CT11,"AB") -> 0 | CW11: =CU11+CV11 -> 0 | CX11: =CG11+CN11+CU11 -> 0 | CY11: =SUM(CE11,#REF!,CS11) -> #REF! | CZ11: =CY11/CX11*100 -> #REF!
H12: =COUNTIF(C12:G12,"PR") -> 0 | I12: =COUNTIF(C12:G12,"AB") -> 0 | J12: =H12+I12 -> 0 | O12: =COUNTIF(K12:N12,"PR") -> 0 | P12: =COUNTIF(K12:N12,"AB") -> 0 | Q12: =O12+P12 -> 0 | V12: =COUNTIF(R12:U12,"PR") -> 0 | W12: =COUNTIF(R12:U12,"AB") -> 0 | X12: =V12+W12 -> 0 | Y12: =J12+Q12+X12 -> 0 | Z12: =SUM(H12,O12,V12) -> 0 | AA12: =Z12/Y12*100 -> #DIV/0! | AG12: =COUNTIF(AC12:AF12,"PR") -> 0 | AH12: =COUNTIF(AC12:AF12,"AB") -> 0 | AI12: =AG12+AH12 -> 0 | AO12: =COUNTIF(AJ12:AN12,"PR") -> 0 | AP12: =COUNTIF(AJ12:AN12,"AB") -> 0 | AQ12: =AO12+AP12 -> 0 | AV12: =COUNTIF(AR12:AU12,"PR") -> 0 | AW12: =COUNTIF(AR12:AU12,"AB") -> 0 | AX12: =AV12+AW12 -> 0 | AY12: =AI12+AQ12+AX12 -> 0 | AZ12: =SUM(AG12,AO12,AV12) -> 0 | BA12: =AZ12/AY12*100 -> #DIV/0! | BF12: =COUNTIF(BB12:BE12,"PR") -> 0 | BG12: =COUNTIF(BB12:BE12,"AB") -> 0 | BH12: =BF12+BG12 -> 0 | BN12: =COUNTIF(BI12:BM12,"PR") -> 0 | BO12: =COUNTIF(BI12:BM12,"AB") -> 0 | BP12: =BN12+BO12 -> 0 | BU12: =COUNTIF(BQ12:BT12,"PR") -> 0 | BV12: =COUNTIF(BQ12:BT12,"AB") -> 0 | BW12: =BU12+BV12 -> 0 | BX12: =BH12+BP12+BW12 -> 0 | BY12: =SUM(BF12,BN12,BU12) -> 0 | BZ12: =BY12/BX12*100 -> #DIV/0! | CG12: =COUNTIF(CB12:CF12,"PR") -> 0 | CH12: =COUNTIF(CB12:CF12,"AB") -> 0 | CI12: =CG12+CH12 -> 0 | CN12: =COUNTIF(CJ12:CM12,"PR") -> 0 | CO12: =COUNTIF(CJ12:CM12,"AB") -> 0 | CP12: =CN12+CO12 -> 0 | CU12: =COUNTIF(CQ12:CT12,"PR") -> 0 | CV12: =COUNTIF(CQ12:CT12,"AB") -> 0 | CW12: =CU12+CV12 -> 0 | CX12: =CG12+CN12+CU12 -> 0 | CY12: =SUM(CE12,#REF!,CS12) -> #REF! | CZ12: =CY12/CX12*100 -> #REF!
H13: =SUM(H5:H12) -> 0 | J13: =SUM(J5:J12) -> 0 | O13: =SUM(O5:O12) -> 0 | Q13: =SUM(Q5:Q12) -> 0 | V13: =SUM(V5:V12) -> 0 | X13: =SUM(X5:X12) -> 0 | Y13: =SUM(Y5:Y12) -> 0 | AG13: =SUM(AG5:AG12) -> 0 | AI13: =SUM(AI5:AI12) -> 0 | AO13: =SUM(AO5:AO12) -> 0 | AQ13: =SUM(AQ5:AQ12) -> 0 | AV13: =SUM(AV5:AV12) -> 0 | AX13: =SUM(AX5:AX12) -> 0 | AY13: =SUM(AY5:AY12) -> 0 | AZ13: =SUM(AG13,AO13,AV13) -> 0 | BF13: =SUM(BF5:BF12) -> 0 | BH13: =SUM(BH5:BH12) -> 0 | BN13: =SUM(BN5:BN12) -> 0 | BP13: =SUM(BP5:BP12) -> 0 | BU13: =SUM(BU5:BU12) -> 0 | BW13: =SUM(BW5:BW12) -> 0 | BX13: =SUM(BX5:BX12) -> 0 | CG13: =SUM(CG5:CG12) -> 0 | CI13: =SUM(CI5:CI12) -> 0 | CN13: =SUM(CN5:CN12) -> 0 | CP13: =SUM(CP5:CP12) -> 0 | CU13: =SUM(CU5:CU12) -> 0 | CW13: =SUM(CW5:CW12) -> 0 | CX13: =SUM(CX5:CX12) -> 0
A14: Intense
H15: =COUNTIF(C15:G15,"PR") -> 0 | I15: =COUNTIF(C15:G15,"AB") -> 0 | J15: =H15+I15 -> 0 | O15: =COUNTIF(K15:N15,"PR") -> 0 | P15: =COUNTIF(K15:N15,"AB") -> 0 | Q15: =O15+P15 -> 0 | V15: =COUNTIF(R15:U15,"PR") -> 0 | W15: =COUNTIF(R15:U15,"AB") -> 0 | X15: =V15+W15 -> 0 | Y15: =J15+Q15+X15 -> 0 | Z15: =SUM(H15,O15,V15) -> 0 | AA15: =Z15/Y15*100 -> #DIV/0! | AG15: =COUNTIF(AC15:AF15,"PR") -> 0 | AH15: =COUNTIF(AC15:AF15,"AB") -> 0 | AI15: =AG15+AH15 -> 0 | AO15: =COUNTIF(AJ15:AN15,"PR") -> 0 | AP15: =COUNTIF(AJ15:AN15,"AB") -> 0 | AQ15: =AO15+AP15 -> 0 | AV15: =COUNTIF(AR15:AU15,"PR") -> 0 | AW15: =COUNTIF(AR15:AU15,"AB") -> 0 | AX15: =AV15+AW15 -> 0 | AY15: =AI15+AQ15+AX15 -> 0 | AZ15: =SUM(AG15,AO15,AV15) -> 0 | BA15: =AZ15/AY15*100 -> #DIV/0! | BF15: =COUNTIF(BB15:BE15,"PR") -> 0 | BG15: =COUNTIF(BB15:BE15,"AB") -> 0 | BH15: =BF15+BG15 -> 0 | BN15: =COUNTIF(BI15:BM15,"PR") -> 0 | BO15: =COUNTIF(BI15:BM15,"AB") -> 0 | BP15: =BN15+BO15 -> 0 | BU15: =COUNTIF(BQ15:BT15,"PR") -> 0 | BV15: =COUNTIF(BQ15:BT15,"AB") -> 0 | BW15: =BU15+BV15 -> 0 | BX15: =BH15+BP15+BW15 -> 0 | BY15: =SUM(BF15,BN15,BU15) -> 0 | BZ15: =BY15/BX15*100 -> #DIV/0! | CG15: =COUNTIF(CB15:CF15,"PR") -> 0 | CH15: =COUNTIF(CB15:CF15,"AB") -> 0 | CI15: =CG15+CH15 -> 0 | CN15: =COUNTIF(CJ15:CM15,"PR") -> 0 | CO15: =COUNTIF(CJ15:CM15,"AB") -> 0 | CP15: =CN15+CO15 -> 0 | CU15: =COUNTIF(CQ15:CT15,"PR") -> 0 | CV15: =COUNTIF(CQ15:CT15,"AB") -> 0 | CW15: =CU15+CV15 -> 0 | CX15: =CG15+CN15+CU15 -> 0 | CY15: =SUM(CE15,#REF!,CS15) -> #REF! | CZ15: =CY15/CX15*100 -> #REF!
H16: =COUNTIF(C16:G16,"PR") -> 0 | I16: =COUNTIF(C16:G16,"AB") -> 0 | J16: =H16+I16 -> 0 | O16: =COUNTIF(K16:N16,"PR") -> 0 | P16: =COUNTIF(K16:N16,"AB") -> 0 | Q16: =O16+P16 -> 0 | V16: =COUNTIF(R16:U16,"PR") -> 0 | W16: =COUNTIF(R16:U16,"AB") -> 0 | X16: =V16+W16 -> 0 | Y16: =J16+Q16+X16 -> 0 | Z16: =SUM(H16,O16,V16) -> 0 | AA16: =Z16/Y16*100 -> #DIV/0! | AG16: =COUNTIF(AC16:AF16,"PR") -> 0 | AH16: =COUNTIF(AC16:AF16,"AB") -> 0 | AI16: =AG16+AH16 -> 0 | AO16: =COUNTIF(AJ16:AN16,"PR") -> 0 | AP16: =COUNTIF(AJ16:AN16,"AB") -> 0 | AQ16: =AO16+AP16 -> 0 | AV16: =COUNTIF(AR16:AU16,"PR") -> 0 | AW16: =COUNTIF(AR16:AU16,"AB") -> 0 | AX16: =AV16+AW16 -> 0 | AY16: =AI16+AQ16+AX16 -> 0 | AZ16: =SUM(AG16,AO16,AV16) -> 0 | BA16: =AZ16/AY16*100 -> #DIV/0! | BF16: =COUNTIF(BB16:BE16,"PR") -> 0 | BG16: =COUNTIF(BB16:BE16,"AB") -> 0 | BH16: =BF16+BG16 -> 0 | BN16: =COUNTIF(BI16:BM16,"PR") -> 0 | BO16: =COUNTIF(BI16:BM16,"AB") -> 0 | BP16: =BN16+BO16 -> 0 | BU16: =COUNTIF(BQ16:BT16,"PR") -> 0 | BV16: =COUNTIF(BQ16:BT16,"AB") -> 0 | BW16: =BU16+BV16 -> 0 | BX16: =BH16+BP16+BW16 -> 0 | BY16: =SUM(BF16,BN16,BU16) -> 0 | BZ16: =BY16/BX16*100 -> #DIV/0! | CG16: =COUNTIF(CB16:CF16,"PR") -> 0 | CH16: =COUNTIF(CB16:CF16,"AB") -> 0 | CI16: =CG16+CH16 -> 0 | CN16: =COUNTIF(CJ16:CM16,"PR") -> 0 | CO16: =COUNTIF(CJ16:CM16,"AB") -> 0 | CP16: =CN16+CO16 -> 0 | CU16: =COUNTIF(CQ16:CT16,"PR") -> 0 | CV16: =COUNTIF(CQ16:CT16,"AB") -> 0 | CW16: =CU16+CV16 -> 0 | CX16: =CG16+CN16+CU16 -> 0 | CY16: =SUM(CE16,#REF!,CS16) -> #REF! | CZ16: =CY16/CX16*100 -> #REF!
H17: =COUNTIF(C17:G17,"PR") -> 0 | I17: =COUNTIF(C17:G17,"AB") -> 0 | J17: =H17+I17 -> 0 | O17: =COUNTIF(K17:N17,"PR") -> 0 | P17: =COUNTIF(K17:N17,"AB") -> 0 | Q17: =O17+P17 -> 0 | V17: =COUNTIF(R17:U17,"PR") -> 0 | W17: =COUNTIF(R17:U17,"AB") -> 0 | X17: =V17+W17 -> 0 | Y17: =J17+Q17+X17 -> 0 | Z17: =SUM(H17,O17,V17) -> 0 | AA17: =Z17/Y17*100 -> #DIV/0! | AG17: =COUNTIF(AC17:AF17,"PR") -> 0 | AH17: =COUNTIF(AC17:AF17,"AB") -> 0 | AI17: =AG17+AH17 -> 0 | AO17: =COUNTIF(AJ17:AN17,"PR") -> 0 | AP17: =COUNTIF(AJ17:AN17,"AB") -> 0 | AQ17: =AO17+AP17 -> 0 | AV17: =COUNTIF(AR17:AU17,"PR") -> 0 | AW17: =COUNTIF(AR17:AU17,"AB") -> 0 | AX17: =AV17+AW17 -> 0 | AY17: =AI17+AQ17+AX17 -> 0 | AZ17: =SUM(AG17,AO17,AV17) -> 0 | BA17: =AZ17/AY17*100 -> #DIV/0! | BF17: =COUNTIF(BB17:BE17,"PR") -> 0 | BG17: =COUNTIF(BB17:BE17,"AB") -> 0 | BH17: =BF17+BG17 -> 0 | BN17: =COUNTIF(BI17:BM17,"PR") -> 0 | BO17: =COUNTIF(BI17:BM17,"AB") -> 0 | BP17: =BN17+BO17 -> 0 | BU17: =COUNTIF(BQ17:BT17,"PR") -> 0 | BV17: =COUNTIF(BQ17:BT17,"AB") -> 0 | BW17: =BU17+BV17 -> 0 | BX17: =BH17+BP17+BW17 -> 0 | BY17: =SUM(BF17,BN17,BU17) -> 0 | BZ17: =BY17/BX17*100 -> #DIV/0! | CG17: =COUNTIF(CB17:CF17,"PR") -> 0 | CH17: =COUNTIF(CB17:CF17,"AB") -> 0 | CI17: =CG17+CH17 -> 0 | CN17: =COUNTIF(CJ17:CM17,"PR") -> 0 | CO17: =COUNTIF(CJ17:CM17,"AB") -> 0 | CP17: =CN17+CO17 -> 0 | CU17: =COUNTIF(CQ17:CT17,"PR") -> 0 | CV17: =COUNTIF(CQ17:CT17,"AB") -> 0 | CW17: =CU17+CV17 -> 0 | CX17: =CG17+CN17+CU17 -> 0 | CY17: =SUM(CE17,#REF!,CS17) -> #REF! | CZ17: =CY17/CX17*100 -> #REF!
H18: =COUNTIF(C18:G18,"PR") -> 0 | I18: =COUNTIF(C18:G18,"AB") -> 0 | J18: =H18+I18 -> 0 | O18: =COUNTIF(K18:N18,"PR") -> 0 | P18: =COUNTIF(K18:N18,"AB") -> 0 | Q18: =O18+P18 -> 0 | V18: =COUNTIF(R18:U18,"PR") -> 0 | W18: =COUNTIF(R18:U18,"AB") -> 0 | X18: =V18+W18 -> 0 | Y18: =J18+Q18+X18 -> 0 | Z18: =SUM(H18,O18,V18) -> 0 | AA18: =Z18/Y18*100 -> #DIV/0! | AG18: =COUNTIF(AC18:AF18,"PR") -> 0 | AH18: =COUNTIF(AC18:AF18,"AB") -> 0 | AI18: =AG18+AH18 -> 0 | AO18: =COUNTIF(AJ18:AN18,"PR") -> 0 | AP18: =COUNTIF(AJ18:AN18,"AB") -> 0 | AQ18: =AO18+AP18 -> 0 | AV18: =COUNTIF(AR18:AU18,"PR") -> 0 | AW18: =COUNTIF(AR18:AU18,"AB") -> 0 | AX18: =AV18+AW18 -> 0 | AY18: =AI18+AQ18+AX18 -> 0 | AZ18: =SUM(AG18,AO18,AV18) -> 0 | BA18: =AZ18/AY18*100 -> #DIV/0! | BF18: =COUNTIF(BB18:BE18,"PR") -> 0 | BG18: =COUNTIF(BB18:BE18,"AB") -> 0 | BH18: =BF18+BG18 -> 0 | BN18: =COUNTIF(BI18:BM18,"PR") -> 0 | BO18: =COUNTIF(BI18:BM18,"AB") -> 0 | BP18: =BN18+BO18 -> 0 | BU18: =COUNTIF(BQ18:BT18,"PR") -> 0 | BV18: =COUNTIF(BQ18:BT18,"AB") -> 0 | BW18: =BU18+BV18 -> 0 | BX18: =BH18+BP18+BW18 -> 0 | BY18: =SUM(BF18,BN18,BU18) -> 0 | BZ18: =BY18/BX18*100 -> #DIV/0! | CG18: =COUNTIF(CB18:CF18,"PR") -> 0 | CH18: =COUNTIF(CB18:CF18,"AB") -> 0 | CI18: =CG18+CH18 -> 0 | CN18: =COUNTIF(CJ18:CM18,"PR") -> 0 | CO18: =COUNTIF(CJ18:CM18,"AB") -> 0 | CP18: =CN18+CO18 -> 0 | CU18: =COUNTIF(CQ18:CT18,"PR") -> 0 | CV18: =COUNTIF(CQ18:CT18,"AB") -> 0 | CW18: =CU18+CV18 -> 0 | CX18: =CG18+CN18+CU18 -> 0 | CY18: =SUM(CE18,#REF!,CS18) -> #REF! | CZ18: =CY18/CX18*100 -> #REF!
H19: =COUNTIF(C19:G19,"PR") -> 0 | I19: =COUNTIF(C19:G19,"AB") -> 0 | J19: =H19+I19 -> 0 | O19: =COUNTIF(K19:N19,"PR") -> 0 | P19: =COUNTIF(K19:N19,"AB") -> 0 | Q19: =O19+P19 -> 0 | V19: =COUNTIF(R19:U19,"PR") -> 0 | W19: =COUNTIF(R19:U19,"AB") -> 0 | X19: =V19+W19 -> 0 | Y19: =J19+Q19+X19 -> 0 | Z19: =SUM(H19,O19,V19) -> 0 | AA19: =Z19/Y19*100 -> #DIV/0! | AG19: =COUNTIF(AC19:AF19,"PR") -> 0 | AH19: =COUNTIF(AC19:AF19,"AB") -> 0 | AI19: =AG19+AH19 -> 0 | AO19: =COUNTIF(AJ19:AN19,"PR") -> 0 | AP19: =COUNTIF(AJ19:AN19,"AB") -> 0 | AQ19: =AO19+AP19 -> 0 | AV19: =COUNTIF(AR19:AU19,"PR") -> 0 | AW19: =COUNTIF(AR19:AU19,"AB") -> 0 | AX19: =AV19+AW19 -> 0 | AY19: =AI19+AQ19+AX19 -> 0 | AZ19: =SUM(AG19,AO19,AV19) -> 0 | BA19: =AZ19/AY19*100 -> #DIV/0! | BF19: =COUNTIF(BB19:BE19,"PR") -> 0 | BG19: =COUNTIF(BB19:BE19,"AB") -> 0 | BH19: =BF19+BG19 -> 0 | BN19: =COUNTIF(BI19:BM19,"PR") -> 0 | BO19: =COUNTIF(BI19:BM19,"AB") -> 0 | BP19: =BN19+BO19 -> 0 | BU19: =COUNTIF(BQ19:BT19,"PR") -> 0 | BV19: =COUNTIF(BQ19:BT19,"AB") -> 0 | BW19: =BU19+BV19 -> 0 | BX19: =BH19+BP19+BW19 -> 0 | BY19: =SUM(BF19,BN19,BU19) -> 0 | BZ19: =BY19/BX19*100 -> #DIV/0! | CG19: =COUNTIF(CB19:CF19,"PR") -> 0 | CH19: =COUNTIF(CB19:CF19,"AB") -> 0 | CI19: =CG19+CH19 -> 0 | CN19: =COUNTIF(CJ19:CM19,"PR") -> 0 | CO19: =COUNTIF(CJ19:CM19,"AB") -> 0 | CP19: =CN19+CO19 -> 0 | CU19: =COUNTIF(CQ19:CT19,"PR") -> 0 | CV19: =COUNTIF(CQ19:CT19,"AB") -> 0 | CW19: =CU19+CV19 -> 0 | CX19: =CG19+CN19+CU19 -> 0 | CY19: =SUM(CE19,#REF!,CS19) -> #REF! | CZ19: =CY19/CX19*100 -> #REF!
H20: =SUM(H15:H19) -> 0 | J20: =SUM(J15:J19) -> 0 | O20: =SUM(O15:O19) -> 0 | Q20: =SUM(Q15:Q19) -> 0 | V20: =SUM(V15:V19) -> 0 | X20: =SUM(X15:X19) -> 0 | Y20: =SUM(Y15:Y19) -> 0 | AG20: =SUM(AG15:AG19) -> 0 | AI20: =SUM(AI15:AI19) -> 0 | AO20: =SUM(AO15:AO19) -> 0 | AQ20: =SUM(AQ15:AQ19) -> 0 | AV20: =SUM(AV15:AV19) -> 0 | AX20: =SUM(AX15:AX19) -> 0 | AY20: =SUM(AY15:AY19) -> 0 | BF20: =SUM(BF15:BF19) -> 0 | BH20: =SUM(BH15:BH19) -> 0 | BN20: =SUM(BN15:BN19) -> 0 | BP20: =SUM(BP15:BP19) -> 0 | BU20: =SUM(BU15:BU19) -> 0 | BW20: =SUM(BW15:BW19) -> 0 | BX20: =SUM(BX15:BX19) -> 0 | CG20: =SUM(CG15:CG19) -> 0 | CI20: =SUM(CI15:CI19) -> 0 | CN20: =SUM(CN15:CN19) -> 0 | CP20: =SUM(CP15:CP19) -> 0 | CU20: =SUM(CU15:CU19) -> 0 | CW20: =SUM(CW15:CW19) -> 0 | CX20: =SUM(CX15:CX19) -> 0
A21: Consistent
H22: =COUNTIF(C22:G22,"PR") -> 0 | I22: =COUNTIF(C22:G22,"AB") -> 0 | J22: =H22+I22 -> 0 | O22: =COUNTIF(K22:N22,"PR") -> 0 | P22: =COUNTIF(K22:N22,"AB") -> 0 | Q22: =O22+P22 -> 0 | V22: =COUNTIF(R22:U22,"PR") -> 0 | W22: =COUNTIF(R22:U22,"AB") -> 0 | X22: =V22+W22 -> 0 | Y22: =J22+Q22+X22 -> 0 | Z22: =SUM(H22,O22,V22) -> 0 | AA22: =Z22/Y22*100 -> #DIV/0! | AG22: =COUNTIF(AC22:AF22,"PR") -> 0 | AH22: =COUNTIF(AC22:AF22,"AB") -> 0 | AI22: =AG22+AH22 -> 0 | AO22: =COUNTIF(AJ22:AN22,"PR") -> 0 | AP22: =COUNTIF(AJ22:AN22,"AB") -> 0 | AQ22: =AO22+AP22 -> 0 | AV22: =COUNTIF(AR22:AU22,"PR") -> 0 | AW22: =COUNTIF(AR22:AU22,"AB") -> 0 | AX22: =AV22+AW22 -> 0 | AY22: =AI22+AQ22+AX22 -> 0 | AZ22: =SUM(AG22,AO22,AV22) -> 0 | BA22: =AZ22/AY22*100 -> #DIV/0! | BF22: =COUNTIF(BB22:BE22,"PR") -> 0 | BG22: =COUNTIF(BB22:BE22,"AB") -> 0 | BH22: =BF22+BG22 -> 0 | BN22: =COUNTIF(BI22:BM22,"PR") -> 0 | BO22: =COUNTIF(BI22:BM22,"AB") -> 0 | BP22: =BN22+BO22 -> 0 | BU22: =COUNTIF(BQ22:BT22,"PR") -> 0 | BV22: =COUNTIF(BQ22:BT22,"AB") -> 0 | BW22: =BU22+BV22 -> 0 | BX22: =BH22+BP22+BW22 -> 0 | BY22: =SUM(BF22,BN22,BU22) -> 0 | BZ22: =BY22/BX22*100 -> #DIV/0! | CG22: =COUNTIF(CB22:CF22,"PR") -> 0 | CH22: =COUNTIF(CB22:CF22,"AB") -> 0 | CI22: =CG22+CH22 -> 0 | CN22: =COUNTIF(CJ22:CM22,"PR") -> 0 | CO22: =COUNTIF(CJ22:CM22,"AB") -> 0 | CP22: =CN22+CO22 -> 0 | CU22: =COUNTIF(CQ22:CT22,"PR") -> 0 | CV22: =COUNTIF(CQ22:CT22,"AB") -> 0 | CW22: =CU22+CV22 -> 0 | CX22: =CG22+CN22+CU22 -> 0 | CY22: =SUM(CE22,#REF!,CS22) -> #REF! | CZ22: =CY22/CX22*100 -> #REF!
H23: =COUNTIF(C23:G23,"PR") -> 0 | I23: =COUNTIF(C23:G23,"AB") -> 0 | J23: =H23+I23 -> 0 | O23: =COUNTIF(K23:N23,"PR") -> 0 | P23: =COUNTIF(K23:N23,"AB") -> 0 | Q23: =O23+P23 -> 0 | V23: =COUNTIF(R23:U23,"PR") -> 0 | W23: =COUNTIF(R23:U23,"AB") -> 0 | X23: =V23+W23 -> 0 | Y23: =J23+Q23+X23 -> 0 | Z23: =SUM(H23,O23,V23) -> 0 | AA23: =Z23/Y23*100 -> #DIV/0! | AG23: =COUNTIF(AC23:AF23,"PR") -> 0 | AH23: =COUNTIF(AC23:AF23,"AB") -> 0 | AI23: =AG23+AH23 -> 0 | AO23: =COUNTIF(AJ23:AN23,"PR") -> 0 | AP23: =COUNTIF(AJ23:AN23,"AB") -> 0 | AQ23: =AO23+AP23 -> 0 | AV23: =COUNTIF(AR23:AU23,"PR") -> 0 | AW23: =COUNTIF(AR23:AU23,"AB") -> 0 | AX23: =AV23+AW23 -> 0 | AY23: =AI23+AQ23+AX23 -> 0 | AZ23: =SUM(AG23,AO23,AV23) -> 0 | BA23: =AZ23/AY23*100 -> #DIV/0! | BF23: =COUNTIF(BB23:BE23,"PR") -> 0 | BG23: =COUNTIF(BB23:BE23,"AB") -> 0 | BH23: =BF23+BG23 -> 0 | BN23: =COUNTIF(BI23:BM23,"PR") -> 0 | BO23: =COUNTIF(BI23:BM23,"AB") -> 0 | BP23: =BN23+BO23 -> 0 | BU23: =COUNTIF(BQ23:BT23,"PR") -> 0 | BV23: =COUNTIF(BQ23:BT23,"AB") -> 0 | BW23: =BU23+BV23 -> 0 | BX23: =BH23+BP23+BW23 -> 0 | BY23: =SUM(BF23,BN23,BU23) -> 0 | BZ23: =BY23/BX23*100 -> #DIV/0! | CG23: =COUNTIF(CB23:CF23,"PR") -> 0 | CH23: =COUNTIF(CB23:CF23,"AB") -> 0 | CI23: =CG23+CH23 -> 0 | CN23: =COUNTIF(CJ23:CM23,"PR") -> 0 | CO23: =COUNTIF(CJ23:CM23,"AB") -> 0 | CP23: =CN23+CO23 -> 0 | CU23: =COUNTIF(CQ23:CT23,"PR") -> 0 | CV23: =COUNTIF(CQ23:CT23,"AB") -> 0 | CW23: =CU23+CV23 -> 0 | CX23: =CG23+CN23+CU23 -> 0 | CY23: =SUM(CE23,#REF!,CS23) -> #REF! | CZ23: =CY23/CX23*100 -> #REF!
H24: =COUNTIF(C24:G24,"PR") -> 0 | I24: =COUNTIF(C24:G24,"AB") -> 0 | J24: =H24+I24 -> 0 | O24: =COUNTIF(K24:N24,"PR") -> 0 | P24: =COUNTIF(K24:N24,"AB") -> 0 | Q24: =O24+P24 -> 0 | V24: =COUNTIF(R24:U24,"PR") -> 0 | W24: =COUNTIF(R24:U24,"AB") -> 0 | X24: =V24+W24 -> 0 | Y24: =J24+Q24+X24 -> 0 | Z24: =SUM(H24,O24,V24) -> 0 | AA24: =Z24/Y24*100 -> #DIV/0! | AG24: =COUNTIF(AC24:AF24,"PR") -> 0 | AH24: =COUNTIF(AC24:AF24,"AB") -> 0 | AI24: =AG24+AH24 -> 0 | AO24: =COUNTIF(AJ24:AN24,"PR") -> 0 | AP24: =COUNTIF(AJ24:AN24,"AB") -> 0 | AQ24: =AO24+AP24 -> 0 | AV24: =COUNTIF(AR24:AU24,"PR") -> 0 | AW24: =COUNTIF(AR24:AU24,"AB") -> 0 | AX24: =AV24+AW24 -> 0 | AY24: =AI24+AQ24+AX24 -> 0 | AZ24: =SUM(AG24,AO24,AV24) -> 0 | BA24: =AZ24/AY24*100 -> #DIV/0! | BF24: =COUNTIF(BB24:BE24,"PR") -> 0 | BG24: =COUNTIF(BB24:BE24,"AB") -> 0 | BH24: =BF24+BG24 -> 0 | BN24: =COUNTIF(BI24:BM24,"PR") -> 0 | BO24: =COUNTIF(BI24:BM24,"AB") -> 0 | BP24: =BN24+BO24 -> 0 | BU24: =COUNTIF(BQ24:BT24,"PR") -> 0 | BV24: =COUNTIF(BQ24:BT24,"AB") -> 0 | BW24: =BU24+BV24 -> 0 | BX24: =BH24+BP24+BW24 -> 0 | BY24: =SUM(BF24,BN24,BU24) -> 0 | BZ24: =BY24/BX24*100 -> #DIV/0! | CG24: =COUNTIF(CB24:CF24,"PR") -> 0 | CH24: =COUNTIF(CB24:CF24,"AB") -> 0 | CI24: =CG24+CH24 -> 0 | CN24: =COUNTIF(CJ24:CM24,"PR") -> 0 | CO24: =COUNTIF(CJ24:CM24,"AB") -> 0 | CP24: =CN24+CO24 -> 0 | CU24: =COUNTIF(CQ24:CT24,"PR") -> 0 | CV24: =COUNTIF(CQ24:CT24,"AB") -> 0 | CW24: =CU24+CV24 -> 0 | CX24: =CG24+CN24+CU24 -> 0 | CY24: =SUM(CE24,#REF!,CS24) -> #REF! | CZ24: =CY24/CX24*100 -> #REF!
H25: =COUNTIF(C25:G25,"PR") -> 0 | I25: =COUNTIF(C25:G25,"AB") -> 0 | J25: =H25+I25 -> 0 | O25: =COUNTIF(K25:N25,"PR") -> 0 | P25: =COUNTIF(K25:N25,"AB") -> 0 | Q25: =O25+P25 -> 0 | V25: =COUNTIF(R25:U25,"PR") -> 0 | W25: =COUNTIF(R25:U25,"AB") -> 0 | X25: =V25+W25 -> 0 | Y25: =J25+Q25+X25 -> 0 | Z25: =SUM(H25,O25,V25) -> 0 | AA25: =Z25/Y25*100 -> #DIV/0! | AG25: =COUNTIF(AC25:AF25,"PR") -> 0 | AH25: =COUNTIF(AC25:AF25,"AB") -> 0 | AI25: =AG25+AH25 -> 0 | AO25: =COUNTIF(AJ25:AN25,"PR") -> 0 | AP25: =COUNTIF(AJ25:AN25,"AB") -> 0 | AQ25: =AO25+AP25 -> 0 | AV25: =COUNTIF(AR25:AU25,"PR") -> 0 | AW25: =COUNTIF(AR25:AU25,"AB") -> 0 | AX25: =AV25+AW25 -> 0 | AY25: =AI25+AQ25+AX25 -> 0 | AZ25: =SUM(AG25,AO25,AV25) -> 0 | BA25: =AZ25/AY25*100 -> #DIV/0! | BF25: =COUNTIF(BB25:BE25,"PR") -> 0 | BG25: =COUNTIF(BB25:BE25,"AB") -> 0 | BH25: =BF25+BG25 -> 0 | BN25: =COUNTIF(BI25:BM25,"PR") -> 0 | BO25: =COUNTIF(BI25:BM25,"AB") -> 0 | BP25: =BN25+BO25 -> 0 | BU25: =COUNTIF(BQ25:BT25,"PR") -> 0 | BV25: =COUNTIF(BQ25:BT25,"AB") -> 0 | BW25: =BU25+BV25 -> 0 | BX25: =BH25+BP25+BW25 -> 0 | BY25: =SUM(BF25,BN25,BU25) -> 0 | BZ25: =BY25/BX25*100 -> #DIV/0! | CG25: =COUNTIF(CB25:CF25,"PR") -> 0 | CH25: =COUNTIF(CB25:CF25,"AB") -> 0 | CI25: =CG25+CH25 -> 0 | CN25: =COUNTIF(CJ25:CM25,"PR") -> 0 | CO25: =COUNTIF(CJ25:CM25,"AB") -> 0 | CP25: =CN25+CO25 -> 0 | CU25: =COUNTIF(CQ25:CT25,"PR") -> 0 | CV25: =COUNTIF(CQ25:CT25,"AB") -> 0 | CW25: =CU25+CV25 -> 0 | CX25: =CG25+CN25+CU25 -> 0 | CY25: =SUM(CE25,#REF!,CS25) -> #REF! | CZ25: =CY25/CX25*100 -> #REF!
H26: =COUNTIF(C26:G26,"PR") -> 0 | I26: =COUNTIF(C26:G26,"AB") -> 0 | J26: =H26+I26 -> 0 | O26: =COUNTIF(K26:N26,"PR") -> 0 | P26: =COUNTIF(K26:N26,"AB") -> 0 | Q26: =O26+P26 -> 0 | V26: =COUNTIF(R26:U26,"PR") -> 0 | W26: =COUNTIF(R26:U26,"AB") -> 0 | X26: =V26+W26 -> 0 | Y26: =J26+Q26+X26 -> 0 | Z26: =SUM(H26,O26,V26) -> 0 | AA26: =Z26/Y26*100 -> #DIV/0! | AG26: =COUNTIF(AC26:AF26,"PR") -> 0 | AH26: =COUNTIF(AC26:AF26,"AB") -> 0 | AI26: =AG26+AH26 -> 0 | AO26: =COUNTIF(AJ26:AN26,"PR") -> 0 | AP26: =COUNTIF(AJ26:AN26,"AB") -> 0 | AQ26: =AO26+AP26 -> 0 | AV26: =COUNTIF(AR26:AU26,"PR") -> 0 | AW26: =COUNTIF(AR26:AU26,"AB") -> 0 | AX26: =AV26+AW26 -> 0 | AY26: =AI26+AQ26+AX26 -> 0 | AZ26: =SUM(AG26,AO26,AV26) -> 0 | BA26: =AZ26/AY26*100 -> #DIV/0! | BF26: =COUNTIF(BB26:BE26,"PR") -> 0 | BG26: =COUNTIF(BB26:BE26,"AB") -> 0 | BH26: =BF26+BG26 -> 0 | BN26: =COUNTIF(BI26:BM26,"PR") -> 0 | BO26: =COUNTIF(BI26:BM26,"AB") -> 0 | BP26: =BN26+BO26 -> 0 | BU26: =COUNTIF(BQ26:BT26,"PR") -> 0 | BV26: =COUNTIF(BQ26:BT26,"AB") -> 0 | BW26: =BU26+BV26 -> 0 | BX26: =BH26+BP26+BW26 -> 0 | BY26: =SUM(BF26,BN26,BU26) -> 0 | BZ26: =BY26/BX26*100 -> #DIV/0! | CG26: =COUNTIF(CB26:CF26,"PR") -> 0 | CH26: =COUNTIF(CB26:CF26,"AB") -> 0 | CI26: =CG26+CH26 -> 0 | CN26: =COUNTIF(CJ26:CM26,"PR") -> 0 | CO26: =COUNTIF(CJ26:CM26,"AB") -> 0 | CP26: =CN26+CO26 -> 0 | CU26: =COUNTIF(CQ26:CT26,"PR") -> 0 | CV26: =COUNTIF(CQ26:CT26,"AB") -> 0 | CW26: =CU26+CV26 -> 0 | CX26: =CG26+CN26+CU26 -> 0 | CY26: =SUM(CE26,#REF!,CS26) -> #REF! | CZ26: =CY26/CX26*100 -> #REF!
H27: =COUNTIF(C27:G27,"PR") -> 0 | I27: =COUNTIF(C27:G27,"AB") -> 0 | J27: =H27+I27 -> 0 | O27: =COUNTIF(K27:N27,"PR") -> 0 | P27: =COUNTIF(K27:N27,"AB") -> 0 | Q27: =O27+P27 -> 0 | V27: =COUNTIF(R27:U27,"PR") -> 0 | W27: =COUNTIF(R27:U27,"AB") -> 0 | X27: =V27+W27 -> 0 | Y27: =J27+Q27+X27 -> 0 | Z27: =SUM(H27,O27,V27) -> 0 | AA27: =Z27/Y27*100 -> #DIV/0! | AG27: =COUNTIF(AC27:AF27,"PR") -> 0 | AH27: =COUNTIF(AC27:AF27,"AB") -> 0 | AI27: =AG27+AH27 -> 0 | AO27: =COUNTIF(AJ27:AN27,"PR") -> 0 | AP27: =COUNTIF(AJ27:AN27,"AB") -> 0 | AQ27: =AO27+AP27 -> 0 | AV27: =COUNTIF(AR27:AU27,"PR") -> 0 | AW27: =COUNTIF(AR27:AU27,"AB") -> 0 | AX27: =AV27+AW27 -> 0 | AY27: =AI27+AQ27+AX27 -> 0 | AZ27: =SUM(AG27,AO27,AV27) -> 0 | BA27: =AZ27/AY27*100 -> #DIV/0! | BF27: =COUNTIF(BB27:BE27,"PR") -> 0 | BG27: =COUNTIF(BB27:BE27,"AB") -> 0 | BH27: =BF27+BG27 -> 0 | BN27: =COUNTIF(BI27:BM27,"PR") -> 0 | BO27: =COUNTIF(BI27:BM27,"AB") -> 0 | BP27: =BN27+BO27 -> 0 | BU27: =COUNTIF(BQ27:BT27,"PR") -> 0 | BV27: =COUNTIF(BQ27:BT27,"AB") -> 0 | BW27: =BU27+BV27 -> 0 | BX27: =BH27+BP27+BW27 -> 0 | BY27: =SUM(BF27,BN27,BU27) -> 0 | BZ27: =BY27/BX27*100 -> #DIV/0! | CG27: =COUNTIF(CB27:CF27,"PR") -> 0 | CH27: =COUNTIF(CB27:CF27,"AB") -> 0 | CI27: =CG27+CH27 -> 0 | CN27: =COUNTIF(CJ27:CM27,"PR") -> 0 | CO27: =COUNTIF(CJ27:CM27,"AB") -> 0 | CP27: =CN27+CO27 -> 0 | CU27: =COUNTIF(CQ27:CT27,"PR") -> 0 | CV27: =COUNTIF(CQ27:CT27,"AB") -> 0 | CW27: =CU27+CV27 -> 0 | CX27: =CG27+CN27+CU27 -> 0 | CY27: =SUM(CE27,#REF!,CS27) -> #REF! | CZ27: =CY27/CX27*100 -> #REF!
H28: =COUNTIF(C28:G28,"PR") -> 0 | I28: =COUNTIF(C28:G28,"AB") -> 0 | J28: =H28+I28 -> 0 | O28: =COUNTIF(K28:N28,"PR") -> 0 | P28: =COUNTIF(K28:N28,"AB") -> 0 | Q28: =O28+P28 -> 0 | V28: =COUNTIF(R28:U28,"PR") -> 0 | W28: =COUNTIF(R28:U28,"AB") -> 0 | X28: =V28+W28 -> 0 | Y28: =J28+Q28+X28 -> 0 | Z28: =SUM(H28,O28,V28) -> 0 | AA28: =Z28/Y28*100 -> #DIV/0! | AG28: =COUNTIF(AC28:AF28,"PR") -> 0 | AH28: =COUNTIF(AC28:AF28,"AB") -> 0 | AI28: =AG28+AH28 -> 0 | AO28: =COUNTIF(AJ28:AN28,"PR") -> 0 | AP28: =COUNTIF(AJ28:AN28,"AB") -> 0 | AQ28: =AO28+AP28 -> 0 | AV28: =COUNTIF(AR28:AU28,"PR") -> 0 | AW28: =COUNTIF(AR28:AU28,"AB") -> 0 | AX28: =AV28+AW28 -> 0 | AY28: =AI28+AQ28+AX28 -> 0 | AZ28: =SUM(AG28,AO28,AV28) -> 0 | BA28: =AZ28/AY28*100 -> #DIV/0! | BF28: =COUNTIF(BB28:BE28,"PR") -> 0 | BG28: =COUNTIF(BB28:BE28,"AB") -> 0 | BH28: =BF28+BG28 -> 0 | BN28: =COUNTIF(BI28:BM28,"PR") -> 0 | BO28: =COUNTIF(BI28:BM28,"AB") -> 0 | BP28: =BN28+BO28 -> 0 | BU28: =COUNTIF(BQ28:BT28,"PR") -> 0 | BV28: =COUNTIF(BQ28:BT28,"AB") -> 0 | BW28: =BU28+BV28 -> 0 | BX28: =BH28+BP28+BW28 -> 0 | BY28: =SUM(BF28,BN28,BU28) -> 0 | BZ28: =BY28/BX28*100 -> #DIV/0! | CG28: =COUNTIF(CB28:CF28,"PR") -> 0 | CH28: =COUNTIF(CB28:CF28,"AB") -> 0 | CI28: =CG28+CH28 -> 0 | CN28: =COUNTIF(CJ28:CM28,"PR") -> 0 | CO28: =COUNTIF(CJ28:CM28,"AB") -> 0 | CP28: =CN28+CO28 -> 0 | CU28: =COUNTIF(CQ28:CT28,"PR") -> 0 | CV28: =COUNTIF(CQ28:CT28,"AB") -> 0 | CW28: =CU28+CV28 -> 0 | CX28: =CG28+CN28+CU28 -> 0 | CY28: =SUM(CE28,#REF!,CS28) -> #REF! | CZ28: =CY28/CX28*100 -> #REF!
H29: =COUNTIF(C29:G29,"PR") -> 0 | I29: =COUNTIF(C29:G29,"AB") -> 0 | J29: =H29+I29 -> 0 | O29: =COUNTIF(K29:N29,"PR") -> 0 | P29: =COUNTIF(K29:N29,"AB") -> 0 | Q29: =O29+P29 -> 0 | V29: =COUNTIF(R29:U29,"PR") -> 0 | W29: =COUNTIF(R29:U29,"AB") -> 0 | X29: =V29+W29 -> 0 | Y29: =J29+Q29+X29 -> 0 | Z29: =SUM(H29,O29,V29) -> 0 | AA29: =Z29/Y29*100 -> #DIV/0! | AG29: =COUNTIF(AC29:AF29,"PR") -> 0 | AH29: =COUNTIF(AC29:AF29,"AB") -> 0 | AI29: =AG29+AH29 -> 0 | AO29: =COUNTIF(AJ29:AN29,"PR") -> 0 | AP29: =COUNTIF(AJ29:AN29,"AB") -> 0 | AQ29: =AO29+AP29 -> 0 | AV29: =COUNTIF(AR29:AU29,"PR") -> 0 | AW29: =COUNTIF(AR29:AU29,"AB") -> 0 | AX29: =AV29+AW29 -> 0 | AY29: =AI29+AQ29+AX29 -> 0 | AZ29: =SUM(AG29,AO29,AV29) -> 0 | BA29: =AZ29/AY29*100 -> #DIV/0! | BF29: =COUNTIF(BB29:BE29,"PR") -> 0 | BG29: =COUNTIF(BB29:BE29,"AB") -> 0 | BH29: =BF29+BG29 -> 0 | BN29: =COUNTIF(BI29:BM29,"PR") -> 0 | BO29: =COUNTIF(BI29:BM29,"AB") -> 0 | BP29: =BN29+BO29 -> 0 | BU29: =COUNTIF(BQ29:BT29,"PR") -> 0 | BV29: =COUNTIF(BQ29:BT29,"AB") -> 0 | BW29: =BU29+BV29 -> 0 | BX29: =BH29+BP29+BW29 -> 0 | BY29: =SUM(BF29,BN29,BU29) -> 0 | BZ29: =BY29/BX29*100 -> #DIV/0! | CG29: =COUNTIF(CB29:CF29,"PR") -> 0 | CH29: =COUNTIF(CB29:CF29,"AB") -> 0 | CI29: =CG29+CH29 -> 0 | CN29: =COUNTIF(CJ29:CM29,"PR") -> 0 | CO29: =COUNTIF(CJ29:CM29,"AB") -> 0 | CP29: =CN29+CO29 -> 0 | CU29: =COUNTIF(CQ29:CT29,"PR") -> 0 | CV29: =COUNTIF(CQ29:CT29,"AB") -> 0 | CW29: =CU29+CV29 -> 0 | CX29: =CG29+CN29+CU29 -> 0 | CY29: =SUM(CE29,#REF!,CS29) -> #REF! | CZ29: =CY29/CX29*100 -> #REF!
H30: =COUNTIF(C30:G30,"PR") -> 0 | I30: =COUNTIF(C30:G30,"AB") -> 0 | J30: =H30+I30 -> 0 | O30: =COUNTIF(K30:N30,"PR") -> 0 | P30: =COUNTIF(K30:N30,"AB") -> 0 | Q30: =O30+P30 -> 0 | V30: =COUNTIF(R30:U30,"PR") -> 0 | W30: =COUNTIF(R30:U30,"AB") -> 0 | X30: =V30+W30 -> 0 | Y30: =J30+Q30+X30 -> 0 | Z30: =SUM(H30,O30,V30) -> 0 | AA30: =Z30/Y30*100 -> #DIV/0! | AG30: =COUNTIF(AC30:AF30,"PR") -> 0 | AH30: =COUNTIF(AC30:AF30,"AB") -> 0 | AI30: =AG30+AH30 -> 0 | AO30: =COUNTIF(AJ30:AN30,"PR") -> 0 | AP30: =COUNTIF(AJ30:AN30,"AB") -> 0 | AQ30: =AO30+AP30 -> 0 | AV30: =COUNTIF(AR30:AU30,"PR") -> 0 | AW30: =COUNTIF(AR30:AU30,"AB") -> 0 | AX30: =AV30+AW30 -> 0 | AY30: =AI30+AQ30+AX30 -> 0 | AZ30: =SUM(AG30,AO30,AV30) -> 0 | BA30: =AZ30/AY30*100 -> #DIV/0! | BF30: =COUNTIF(BB30:BE30,"PR") -> 0 | BG30: =COUNTIF(BB30:BE30,"AB") -> 0 | BH30: =BF30+BG30 -> 0 | BN30: =COUNTIF(BI30:BM30,"PR") -> 0 | BO30: =COUNTIF(BI30:BM30,"AB") -> 0 | BP30: =BN30+BO30 -> 0 | BU30: =COUNTIF(BQ30:BT30,"PR") -> 0 | BV30: =COUNTIF(BQ30:BT30,"AB") -> 0 | BW30: =BU30+BV30 -> 0 | BX30: =BH30+BP30+BW30 -> 0 | BY30: =SUM(BF30,BN30,BU30) -> 0 | BZ30: =BY30/BX30*100 -> #DIV/0! | CG30: =COUNTIF(CB30:CF30,"PR") -> 0 | CH30: =COUNTIF(CB30:CF30,"AB") -> 0 | CI30: =CG30+CH30 -> 0 | CN30: =COUNTIF(CJ30:CM30,"PR") -> 0 | CO30: =COUNTIF(CJ30:CM30,"AB") -> 0 | CP30: =CN30+CO30 -> 0 | CU30: =COUNTIF(CQ30:CT30,"PR") -> 0 | CV30: =COUNTIF(CQ30:CT30,"AB") -> 0 | CW30: =CU30+CV30 -> 0 | CX30: =CG30+CN30+CU30 -> 0 | CY30: =SUM(CE30,#REF!,CS30) -> #REF! | CZ30: =CY30/CX30*100 -> #REF!
H31: =COUNTIF(C31:G31,"PR") -> 0 | I31: =COUNTIF(C31:G31,"AB") -> 0 | J31: =H31+I31 -> 0 | O31: =COUNTIF(K31:N31,"PR") -> 0 | P31: =COUNTIF(K31:N31,"AB") -> 0 | Q31: =O31+P31 -> 0 | V31: =COUNTIF(R31:U31,"PR") -> 0 | W31: =COUNTIF(R31:U31,"AB") -> 0 | X31: =V31+W31 -> 0 | Y31: =J31+Q31+X31 -> 0 | Z31: =SUM(H31,O31,V31) -> 0 | AA31: =Z31/Y31*100 -> #DIV/0! | AG31: =COUNTIF(AC31:AF31,"PR") -> 0 | AH31: =COUNTIF(AC31:AF31,"AB") -> 0 | AI31: =AG31+AH31 -> 0 | AO31: =COUNTIF(AJ31:AN31,"PR") -> 0 | AP31: =COUNTIF(AJ31:AN31,"AB") -> 0 | AQ31: =AO31+AP31 -> 0 | AV31: =COUNTIF(AR31:AU31,"PR") -> 0 | AW31: =COUNTIF(AR31:AU31,"AB") -> 0 | AX31: =AV31+AW31 -> 0 | AY31: =AI31+AQ31+AX31 -> 0 | AZ31: =SUM(AG31,AO31,AV31) -> 0 | BA31: =AZ31/AY31*100 -> #DIV/0! | BF31: =COUNTIF(BB31:BE31,"PR") -> 0 | BG31: =COUNTIF(BB31:BE31,"AB") -> 0 | BH31: =BF31+BG31 -> 0 | BN31: =COUNTIF(BI31:BM31,"PR") -> 0 | BO31: =COUNTIF(BI31:BM31,"AB") -> 0 | BP31: =BN31+BO31 -> 0 | BU31: =COUNTIF(BQ31:BT31,"PR") -> 0 | BV31: =COUNTIF(BQ31:BT31,"AB") -> 0 | BW31: =BU31+BV31 -> 0 | BX31: =BH31+BP31+BW31 -> 0 | BY31: =SUM(BF31,BN31,BU31) -> 0 | BZ31: =BY31/BX31*100 -> #DIV/0! | CG31: =COUNTIF(CB31:CF31,"PR") -> 0 | CH31: =COUNTIF(CB31:CF31,"AB") -> 0 | CI31: =CG31+CH31 -> 0 | CN31: =COUNTIF(CJ31:CM31,"PR") -> 0 | CO31: =COUNTIF(CJ31:CM31,"AB") -> 0 | CP31: =CN31+CO31 -> 0 | CU31: =COUNTIF(CQ31:CT31,"PR") -> 0 | CV31: =COUNTIF(CQ31:CT31,"AB") -> 0 | CW31: =CU31+CV31 -> 0 | CX31: =CG31+CN31+CU31 -> 0 | CY31: =SUM(CE31,#REF!,CS31) -> #REF! | CZ31: =CY31/CX31*100 -> #REF!
H32: =COUNTIF(C32:G32,"PR") -> 0 | I32: =COUNTIF(C32:G32,"AB") -> 0 | J32: =H32+I32 -> 0 | O32: =COUNTIF(K32:N32,"PR") -> 0 | P32: =COUNTIF(K32:N32,"AB") -> 0 | Q32: =O32+P32 -> 0 | V32: =COUNTIF(R32:U32,"PR") -> 0 | W32: =COUNTIF(R32:U32,"AB") -> 0 | X32: =V32+W32 -> 0 | Y32: =J32+Q32+X32 -> 0 | Z32: =SUM(H32,O32,V32) -> 0 | AA32: =Z32/Y32*100 -> #DIV/0! | AG32: =COUNTIF(AC32:AF32,"PR") -> 0 | AH32: =COUNTIF(AC32:AF32,"AB") -> 0 | AI32: =AG32+AH32 -> 0 | AO32: =COUNTIF(AJ32:AN32,"PR") -> 0 | AP32: =COUNTIF(AJ32:AN32,"AB") -> 0 | AQ32: =AO32+AP32 -> 0 | AV32: =COUNTIF(AR32:AU32,"PR") -> 0 | AW32: =COUNTIF(AR32:AU32,"AB") -> 0 | AX32: =AV32+AW32 -> 0 | AY32: =AI32+AQ32+AX32 -> 0 | AZ32: =SUM(AG32,AO32,AV32) -> 0 | BA32: =AZ32/AY32*100 -> #DIV/0! | BF32: =COUNTIF(BB32:BE32,"PR") -> 0 | BG32: =COUNTIF(BB32:BE32,"AB") -> 0 | BH32: =BF32+BG32 -> 0 | BN32: =COUNTIF(BI32:BM32,"PR") -> 0 | BO32: =COUNTIF(BI32:BM32,"AB") -> 0 | BP32: =BN32+BO32 -> 0 | BU32: =COUNTIF(BQ32:BT32,"PR") -> 0 | BV32: =COUNTIF(BQ32:BT32,"AB") -> 0 | BW32: =BU32+BV32 -> 0 | BX32: =BH32+BP32+BW32 -> 0 | BY32: =SUM(BF32,BN32,BU32) -> 0 | BZ32: =BY32/BX32*100 -> #DIV/0! | CG32: =COUNTIF(CB32:CF32,"PR") -> 0 | CH32: =COUNTIF(CB32:CF32,"AB") -> 0 | CI32: =CG32+CH32 -> 0 | CN32: =COUNTIF(CJ32:CM32,"PR") -> 0 | CO32: =COUNTIF(CJ32:CM32,"AB") -> 0 | CP32: =CN32+CO32 -> 0 | CU32: =COUNTIF(CQ32:CT32,"PR") -> 0 | CV32: =COUNTIF(CQ32:CT32,"AB") -> 0 | CW32: =CU32+CV32 -> 0 | CX32: =CG32+CN32+CU32 -> 0 | CY32: =SUM(CE32,#REF!,CS32) -> #REF! | CZ32: =CY32/CX32*100 -> #REF!
H33: =COUNTIF(C33:G33,"PR") -> 0 | I33: =COUNTIF(C33:G33,"AB") -> 0 | J33: =H33+I33 -> 0 | O33: =COUNTIF(K33:N33,"PR") -> 0 | P33: =COUNTIF(K33:N33,"AB") -> 0 | Q33: =O33+P33 -> 0 | V33: =COUNTIF(R33:U33,"PR") -> 0 | W33: =COUNTIF(R33:U33,"AB") -> 0 | X33: =V33+W33 -> 0 | Y33: =J33+Q33+X33 -> 0 | Z33: =SUM(H33,O33,V33) -> 0 | AA33: =Z33/Y33*100 -> #DIV/0! | AG33: =COUNTIF(AC33:AF33,"PR") -> 0 | AH33: =COUNTIF(AC33:AF33,"AB") -> 0 | AI33: =AG33+AH33 -> 0 | AO33: =COUNTIF(AJ33:AN33,"PR") -> 0 | AP33: =COUNTIF(AJ33:AN33,"AB") -> 0 | AQ33: =AO33+AP33 -> 0 | AV33: =COUNTIF(AR33:AU33,"PR") -> 0 | AW33: =COUNTIF(AR33:AU33,"AB") -> 0 | AX33: =AV33+AW33 -> 0 | AY33: =AI33+AQ33+AX33 -> 0 | AZ33: =SUM(AG33,AO33,AV33) -> 0 | BA33: =AZ33/AY33*100 -> #DIV/0! | BF33: =COUNTIF(BB33:BE33,"PR") -> 0 | BG33: =COUNTIF(BB33:BE33,"AB") -> 0 | BH33: =BF33+BG33 -> 0 | BN33: =COUNTIF(BI33:BM33,"PR") -> 0 | BO33: =COUNTIF(BI33:BM33,"AB") -> 0 | BP33: =BN33+BO33 -> 0 | BU33: =COUNTIF(BQ33:BT33,"PR") -> 0 | BV33: =COUNTIF(BQ33:BT33,"AB") -> 0 | BW33: =BU33+BV33 -> 0 | BX33: =BH33+BP33+BW33 -> 0 | BY33: =SUM(BF33,BN33,BU33) -> 0 | BZ33: =BY33/BX33*100 -> #DIV/0! | CG33: =COUNTIF(CB33:CF33,"PR") -> 0 | CH33: =COUNTIF(CB33:CF33,"AB") -> 0 | CI33: =CG33+CH33 -> 0 | CN33: =COUNTIF(CJ33:CM33,"PR") -> 0 | CO33: =COUNTIF(CJ33:CM33,"AB") -> 0 | CP33: =CN33+CO33 -> 0 | CU33: =COUNTIF(CQ33:CT33,"PR") -> 0 | CV33: =COUNTIF(CQ33:CT33,"AB") -> 0 | CW33: =CU33+CV33 -> 0 | CX33: =CG33+CN33+CU33 -> 0 | CY33: =SUM(CE33,#REF!,CS33) -> #REF! | CZ33: =CY33/CX33*100 -> #REF!
H34: =COUNTIF(C34:G34,"PR") -> 0 | I34: =COUNTIF(C34:G34,"AB") -> 0 | J34: =H34+I34 -> 0 | O34: =COUNTIF(K34:N34,"PR") -> 0 | P34: =COUNTIF(K34:N34,"AB") -> 0 | Q34: =O34+P34 -> 0 | V34: =COUNTIF(R34:U34,"PR") -> 0 | W34: =COUNTIF(R34:U34,"AB") -> 0 | X34: =V34+W34 -> 0 | Y34: =J34+Q34+X34 -> 0 | Z34: =SUM(H34,O34,V34) -> 0 | AA34: =Z34/Y34*100 -> #DIV/0! | AG34: =COUNTIF(AC34:AF34,"PR") -> 0 | AH34: =COUNTIF(AC34:AF34,"AB") -> 0 | AI34: =AG34+AH34 -> 0 | AO34: =COUNTIF(AJ34:AN34,"PR") -> 0 | AP34: =COUNTIF(AJ34:AN34,"AB") -> 0 | AQ34: =AO34+AP34 -> 0 | AV34: =COUNTIF(AR34:AU34,"PR") -> 0 | AW34: =COUNTIF(AR34:AU34,"AB") -> 0 | AX34: =AV34+AW34 -> 0 | AY34: =AI34+AQ34+AX34 -> 0 | AZ34: =SUM(AG34,AO34,AV34) -> 0 | BA34: =AZ34/AY34*100 -> #DIV/0! | BF34: =COUNTIF(BB34:BE34,"PR") -> 0 | BG34: =COUNTIF(BB34:BE34,"AB") -> 0 | BH34: =BF34+BG34 -> 0 | BN34: =COUNTIF(BI34:BM34,"PR") -> 0 | BO34: =COUNTIF(BI34:BM34,"AB") -> 0 | BP34: =BN34+BO34 -> 0 | BU34: =COUNTIF(BQ34:BT34,"PR") -> 0 | BV34: =COUNTIF(BQ34:BT34,"AB") -> 0 | BW34: =BU34+BV34 -> 0 | BX34: =BH34+BP34+BW34 -> 0 | BY34: =SUM(BF34,BN34,BU34) -> 0 | BZ34: =BY34/BX34*100 -> #DIV/0! | CG34: =COUNTIF(CB34:CF34,"PR") -> 0 | CH34: =COUNTIF(CB34:CF34,"AB") -> 0 | CI34: =CG34+CH34 -> 0 | CN34: =COUNTIF(CJ34:CM34,"PR") -> 0 | CO34: =COUNTIF(CJ34:CM34,"AB") -> 0 | CP34: =CN34+CO34 -> 0 | CU34: =COUNTIF(CQ34:CT34,"PR") -> 0 | CV34: =COUNTIF(CQ34:CT34,"AB") -> 0 | CW34: =CU34+CV34 -> 0 | CX34: =CG34+CN34+CU34 -> 0 | CY34: =SUM(CE34,#REF!,CS34) -> #REF! | CZ34: =CY34/CX34*100 -> #REF!
H35: =SUM(H22:H34) -> 0 | J35: =SUM(J22:J34) -> 0 | O35: =SUM(O22:O34) -> 0 | Q35: =SUM(Q22:Q34) -> 0 | V35: =SUM(V22:V34) -> 0 | X35: =SUM(X22:X34) -> 0 | Y35: =SUM(Y30:Y34) -> 0 | AG35: =SUM(AG22:AG34) -> 0 | AI35: =SUM(AI22:AI34) -> 0 | AO35: =SUM(AO22:AO34) -> 0 | AQ35: =SUM(AQ22:AQ34) -> 0 | AV35: =SUM(AV22:AV34) -> 0 | AX35: =SUM(AX22:AX34) -> 0 | AY35: =SUM(AY30:AY34) -> 0 | BF35: =SUM(BF22:BF34) -> 0 | BH35: =SUM(BH22:BH34) -> 0 | BN35: =SUM(BN22:BN34) -> 0 | BP35: =SUM(BP22:BP34) -> 0 | BU35: =SUM(BU22:BU34) -> 0 | BW35: =SUM(BW22:BW34) -> 0 | BX35: =SUM(BX30:BX34) -> 0 | CG35: =SUM(CG22:CG34) -> 0 | CI35: =SUM(CI22:CI34) -> 0 | CN35: =SUM(CN22:CN34) -> 0 | CP35: =SUM(CP22:CP34) -> 0 | CU35: =SUM(CU22:CU34) -> 0 | CW35: =SUM(CW22:CW34) -> 0 | CX35: =SUM(CX30:CX34) -> 0
A36: Semi-Consistent
H37: =COUNTIF(C37:G37,"PR") -> 0 | I37: =COUNTIF(C37:G37,"AB") -> 0 | J37: =H37+I37 -> 0 | O37: =COUNTIF(K37:N37,"PR") -> 0 | P37: =COUNTIF(K37:N37,"AB") -> 0 | Q37: =O37+P37 -> 0 | V37: =COUNTIF(R37:U37,"PR") -> 0 | W37: =COUNTIF(R37:U37,"AB") -> 0 | X37: =V37+W37 -> 0 | Y37: =J37+Q37+X37 -> 0 | Z37: =SUM(H37,O37,V37) -> 0 | AA37: =Z37/Y37*100 -> #DIV/0! | AG37: =COUNTIF(AC37:AF37,"PR") -> 0 | AH37: =COUNTIF(AC37:AF37,"AB") -> 0 | AI37: =AG37+AH37 -> 0 | AO37: =COUNTIF(AJ37:AN37,"PR") -> 0 | AP37: =COUNTIF(AJ37:AN37,"AB") -> 0 | AQ37: =AO37+AP37 -> 0 | AV37: =COUNTIF(AR37:AU37,"PR") -> 0 | AW37: =COUNTIF(AR37:AU37,"AB") -> 0 | AX37: =AV37+AW37 -> 0 | AY37: =AI37+AQ37+AX37 -> 0 | AZ37: =SUM(AG37,AO37,AV37) -> 0 | BA37: =AZ37/AY37*100 -> #DIV/0! | BF37: =COUNTIF(BB37:BE37,"PR") -> 0 | BG37: =COUNTIF(BB37:BE37,"AB") -> 0 | BH37: =BF37+BG37 -> 0 | BN37: =COUNTIF(BI37:BM37,"PR") -> 0 | BO37: =COUNTIF(BI37:BM37,"AB") -> 0 | BP37: =BN37+BO37 -> 0 | BU37: =COUNTIF(BQ37:BT37,"PR") -> 0 | BV37: =COUNTIF(BQ37:BT37,"AB") -> 0 | BW37: =BU37+BV37 -> 0 | BX37: =BH37+BP37+BW37 -> 0 | BY37: =SUM(BF37,BN37,BU37) -> 0 | BZ37: =BY37/BX37*100 -> #DIV/0! | CG37: =COUNTIF(CB37:CF37,"PR") -> 0 | CH37: =COUNTIF(CB37:CF37,"AB") -> 0 | CI37: =CG37+CH37 -> 0 | CN37: =COUNTIF(CJ37:CM37,"PR") -> 0 | CO37: =COUNTIF(CJ37:CM37,"AB") -> 0 | CP37: =CN37+CO37 -> 0 | CU37: =COUNTIF(CQ37:CT37,"PR") -> 0 | CV37: =COUNTIF(CQ37:CT37,"AB") -> 0 | CW37: =CU37+CV37 -> 0 | CX37: =CG37+CN37+CU37 -> 0 | CY37: =SUM(CE37,#REF!,CS37) -> #REF! | CZ37: =CY37/CX37*100 -> #REF!
H38: =COUNTIF(C38:G38,"PR") -> 0 | I38: =COUNTIF(C38:G38,"AB") -> 0 | J38: =H38+I38 -> 0 | O38: =COUNTIF(K38:N38,"PR") -> 0 | P38: =COUNTIF(K38:N38,"AB") -> 0 | Q38: =O38+P38 -> 0 | V38: =COUNTIF(R38:U38,"PR") -> 0 | W38: =COUNTIF(R38:U38,"AB") -> 0 | X38: =V38+W38 -> 0 | Y38: =J38+Q38+X38 -> 0 | Z38: =SUM(H38,O38,V38) -> 0 | AA38: =Z38/Y38*100 -> #DIV/0! | AG38: =COUNTIF(AC38:AF38,"PR") -> 0 | AH38: =COUNTIF(AC38:AF38,"AB") -> 0 | AI38: =AG38+AH38 -> 0 | AO38: =COUNTIF(AJ38:AN38,"PR") -> 0 | AP38: =COUNTIF(AJ38:AN38,"AB") -> 0 | AQ38: =AO38+AP38 -> 0 | AV38: =COUNTIF(AR38:AU38,"PR") -> 0 | AW38: =COUNTIF(AR38:AU38,"AB") -> 0 | AX38: =AV38+AW38 -> 0 | AY38: =AI38+AQ38+AX38 -> 0 | AZ38: =SUM(AG38,AO38,AV38) -> 0 | BA38: =AZ38/AY38*100 -> #DIV/0! | BF38: =COUNTIF(BB38:BE38,"PR") -> 0 | BG38: =COUNTIF(BB38:BE38,"AB") -> 0 | BH38: =BF38+BG38 -> 0 | BN38: =COUNTIF(BI38:BM38,"PR") -> 0 | BO38: =COUNTIF(BI38:BM38,"AB") -> 0 | BP38: =BN38+BO38 -> 0 | BU38: =COUNTIF(BQ38:BT38,"PR") -> 0 | BV38: =COUNTIF(BQ38:BT38,"AB") -> 0 | BW38: =BU38+BV38 -> 0 | BX38: =BH38+BP38+BW38 -> 0 | BY38: =SUM(BF38,BN38,BU38) -> 0 | BZ38: =BY38/BX38*100 -> #DIV/0! | CG38: =COUNTIF(CB38:CF38,"PR") -> 0 | CH38: =COUNTIF(CB38:CF38,"AB") -> 0 | CI38: =CG38+CH38 -> 0 | CN38: =COUNTIF(CJ38:CM38,"PR") -> 0 | CO38: =COUNTIF(CJ38:CM38,"AB") -> 0 | CP38: =CN38+CO38 -> 0 | CU38: =COUNTIF(CQ38:CT38,"PR") -> 0 | CV38: =COUNTIF(CQ38:CT38,"AB") -> 0 | CW38: =CU38+CV38 -> 0 | CX38: =CG38+CN38+CU38 -> 0 | CY38: =SUM(CE38,#REF!,CS38) -> #REF! | CZ38: =CY38/CX38*100 -> #REF!
H39: =COUNTIF(C39:G39,"PR") -> 0 | I39: =COUNTIF(C39:G39,"AB") -> 0 | J39: =H39+I39 -> 0 | O39: =COUNTIF(K39:N39,"PR") -> 0 | P39: =COUNTIF(K39:N39,"AB") -> 0 | Q39: =O39+P39 -> 0 | V39: =COUNTIF(R39:U39,"PR") -> 0 | W39: =COUNTIF(R39:U39,"AB") -> 0 | X39: =V39+W39 -> 0 | Y39: =J39+Q39+X39 -> 0 | Z39: =SUM(H39,O39,V39) -> 0 | AA39: =Z39/Y39*100 -> #DIV/0! | AG39: =COUNTIF(AC39:AF39,"PR") -> 0 | AH39: =COUNTIF(AC39:AF39,"AB") -> 0 | AI39: =AG39+AH39 -> 0 | AO39: =COUNTIF(AJ39:AN39,"PR") -> 0 | AP39: =COUNTIF(AJ39:AN39,"AB") -> 0 | AQ39: =AO39+AP39 -> 0 | AV39: =COUNTIF(AR39:AU39,"PR") -> 0 | AW39: =COUNTIF(AR39:AU39,"AB") -> 0 | AX39: =AV39+AW39 -> 0 | AY39: =AI39+AQ39+AX39 -> 0 | AZ39: =SUM(AG39,AO39,AV39) -> 0 | BA39: =AZ39/AY39*100 -> #DIV/0! | BF39: =COUNTIF(BB39:BE39,"PR") -> 0 | BG39: =COUNTIF(BB39:BE39,"AB") -> 0 | BH39: =BF39+BG39 -> 0 | BN39: =COUNTIF(BI39:BM39,"PR") -> 0 | BO39: =COUNTIF(BI39:BM39,"AB") -> 0 | BP39: =BN39+BO39 -> 0 | BU39: =COUNTIF(BQ39:BT39,"PR") -> 0 | BV39: =COUNTIF(BQ39:BT39,"AB") -> 0 | BW39: =BU39+BV39 -> 0 | BX39: =BH39+BP39+BW39 -> 0 | BY39: =SUM(BF39,BN39,BU39) -> 0 | BZ39: =BY39/BX39*100 -> #DIV/0! | CG39: =COUNTIF(CB39:CF39,"PR") -> 0 | CH39: =COUNTIF(CB39:CF39,"AB") -> 0 | CI39: =CG39+CH39 -> 0 | CN39: =COUNTIF(CJ39:CM39,"PR") -> 0 | CO39: =COUNTIF(CJ39:CM39,"AB") -> 0 | CP39: =CN39+CO39 -> 0 | CU39: =COUNTIF(CQ39:CT39,"PR") -> 0 | CV39: =COUNTIF(CQ39:CT39,"AB") -> 0 | CW39: =CU39+CV39 -> 0 | CX39: =CG39+CN39+CU39 -> 0 | CY39: =SUM(CE39,#REF!,CS39) -> #REF! | CZ39: =CY39/CX39*100 -> #REF!
H40: =COUNTIF(C40:G40,"PR") -> 0 | I40: =COUNTIF(C40:G40,"AB") -> 0 | J40: =H40+I40 -> 0 | O40: =COUNTIF(K40:N40,"PR") -> 0 | P40: =COUNTIF(K40:N40,"AB") -> 0 | Q40: =O40+P40 -> 0 | V40: =COUNTIF(R40:U40,"PR") -> 0 | W40: =COUNTIF(R40:U40,"AB") -> 0 | X40: =V40+W40 -> 0 | Y40: =J40+Q40+X40 -> 0 | Z40: =SUM(H40,O40,V40) -> 0 | AA40: =Z40/Y40*100 -> #DIV/0! | AG40: =COUNTIF(AC40:AF40,"PR") -> 0 | AH40: =COUNTIF(AC40:AF40,"AB") -> 0 | AI40: =AG40+AH40 -> 0 | AO40: =COUNTIF(AJ40:AN40,"PR") -> 0 | AP40: =COUNTIF(AJ40:AN40,"AB") -> 0 | AQ40: =AO40+AP40 -> 0 | AV40: =COUNTIF(AR40:AU40,"PR") -> 0 | AW40: =COUNTIF(AR40:AU40,"AB") -> 0 | AX40: =AV40+AW40 -> 0 | AY40: =AI40+AQ40+AX40 -> 0 | AZ40: =SUM(AG40,AO40,AV40) -> 0 | BA40: =AZ40/AY40*100 -> #DIV/0! | BF40: =COUNTIF(BB40:BE40,"PR") -> 0 | BG40: =COUNTIF(BB40:BE40,"AB") -> 0 | BH40: =BF40+BG40 -> 0 | BN40: =COUNTIF(BI40:BM40,"PR") -> 0 | BO40: =COUNTIF(BI40:BM40,"AB") -> 0 | BP40: =BN40+BO40 -> 0 | BU40: =COUNTIF(BQ40:BT40,"PR") -> 0 | BV40: =COUNTIF(BQ40:BT40,"AB") -> 0 | BW40: =BU40+BV40 -> 0 | BX40: =BH40+BP40+BW40 -> 0 | BY40: =SUM(BF40,BN40,BU40) -> 0 | BZ40: =BY40/BX40*100 -> #DIV/0! | CG40: =COUNTIF(CB40:CF40,"PR") -> 0 | CH40: =COUNTIF(CB40:CF40,"AB") -> 0 | CI40: =CG40+CH40 -> 0 | CN40: =COUNTIF(CJ40:CM40,"PR") -> 0 | CO40: =COUNTIF(CJ40:CM40,"AB") -> 0 | CP40: =CN40+CO40 -> 0 | CU40: =COUNTIF(CQ40:CT40,"PR") -> 0 | CV40: =COUNTIF(CQ40:CT40,"AB") -> 0 | CW40: =CU40+CV40 -> 0 | CX40: =CG40+CN40+CU40 -> 0 | CY40: =SUM(CE40,#REF!,CS40) -> #REF! | CZ40: =CY40/CX40*100 -> #REF!
H41: =COUNTIF(C41:G41,"PR") -> 0 | I41: =COUNTIF(C41:G41,"AB") -> 0 | J41: =H41+I41 -> 0 | O41: =COUNTIF(K41:N41,"PR") -> 0 | P41: =COUNTIF(K41:N41,"AB") -> 0 | Q41: =O41+P41 -> 0 | V41: =COUNTIF(R41:U41,"PR") -> 0 | W41: =COUNTIF(R41:U41,"AB") -> 0 | X41: =V41+W41 -> 0 | Y41: =J41+Q41+X41 -> 0 | Z41: =SUM(H41,O41,V41) -> 0 | AA41: =Z41/Y41*100 -> #DIV/0! | AG41: =COUNTIF(AC41:AF41,"PR") -> 0 | AH41: =COUNTIF(AC41:AF41,"AB") -> 0 | AI41: =AG41+AH41 -> 0 | AO41: =COUNTIF(AJ41:AN41,"PR") -> 0 | AP41: =COUNTIF(AJ41:AN41,"AB") -> 0 | AQ41: =AO41+AP41 -> 0 | AV41: =COUNTIF(AR41:AU41,"PR") -> 0 | AW41: =COUNTIF(AR41:AU41,"AB") -> 0 | AX41: =AV41+AW41 -> 0 | AY41: =AI41+AQ41+AX41 -> 0 | AZ41: =SUM(AG41,AO41,AV41) -> 0 | BA41: =AZ41/AY41*100 -> #DIV/0! | BF41: =COUNTIF(BB41:BE41,"PR") -> 0 | BG41: =COUNTIF(BB41:BE41,"AB") -> 0 | BH41: =BF41+BG41 -> 0 | BN41: =COUNTIF(BI41:BM41,"PR") -> 0 | BO41: =COUNTIF(BI41:BM41,"AB") -> 0 | BP41: =BN41+BO41 -> 0 | BU41: =COUNTIF(BQ41:BT41,"PR") -> 0 | BV41: =COUNTIF(BQ41:BT41,"AB") -> 0 | BW41: =BU41+BV41 -> 0 | BX41: =BH41+BP41+BW41 -> 0 | BY41: =SUM(BF41,BN41,BU41) -> 0 | BZ41: =BY41/BX41*100 -> #DIV/0! | CG41: =COUNTIF(CB41:CF41,"PR") -> 0 | CH41: =COUNTIF(CB41:CF41,"AB") -> 0 | CI41: =CG41+CH41 -> 0 | CN41: =COUNTIF(CJ41:CM41,"PR") -> 0 | CO41: =COUNTIF(CJ41:CM41,"AB") -> 0 | CP41: =CN41+CO41 -> 0 | CU41: =COUNTIF(CQ41:CT41,"PR") -> 0 | CV41: =COUNTIF(CQ41:CT41,"AB") -> 0 | CW41: =CU41+CV41 -> 0 | CX41: =CG41+CN41+CU41 -> 0 | CY41: =SUM(CE41,#REF!,CS41) -> #REF! | CZ41: =CY41/CX41*100 -> #REF!
H42: =COUNTIF(C42:G42,"PR") -> 0 | I42: =COUNTIF(C42:G42,"AB") -> 0 | J42: =H42+I42 -> 0 | O42: =COUNTIF(K42:N42,"PR") -> 0 | P42: =COUNTIF(K42:N42,"AB") -> 0 | Q42: =O42+P42 -> 0 | V42: =COUNTIF(R42:U42,"PR") -> 0 | W42: =COUNTIF(R42:U42,"AB") -> 0 | X42: =V42+W42 -> 0 | Y42: =J42+Q42+X42 -> 0 | Z42: =SUM(H42,O42,V42) -> 0 | AA42: =Z42/Y42*100 -> #DIV/0! | AG42: =COUNTIF(AC42:AF42,"PR") -> 0 | AH42: =COUNTIF(AC42:AF42,"AB") -> 0 | AI42: =AG42+AH42 -> 0 | AO42: =COUNTIF(AJ42:AN42,"PR") -> 0 | AP42: =COUNTIF(AJ42:AN42,"AB") -> 0 | AQ42: =AO42+AP42 -> 0 | AV42: =COUNTIF(AR42:AU42,"PR") -> 0 | AW42: =COUNTIF(AR42:AU42,"AB") -> 0 | AX42: =AV42+AW42 -> 0 | AY42: =AI42+AQ42+AX42 -> 0 | AZ42: =SUM(AG42,AO42,AV42) -> 0 | BA42: =AZ42/AY42*100 -> #DIV/0! | BF42: =COUNTIF(BB42:BE42,"PR") -> 0 | BG42: =COUNTIF(BB42:BE42,"AB") -> 0 | BH42: =BF42+BG42 -> 0 | BN42: =COUNTIF(BI42:BM42,"PR") -> 0 | BO42: =COUNTIF(BI42:BM42,"AB") -> 0 | BP42: =BN42+BO42 -> 0 | BU42: =COUNTIF(BQ42:BT42,"PR") -> 0 | BV42: =COUNTIF(BQ42:BT42,"AB") -> 0 | BW42: =BU42+BV42 -> 0 | BX42: =BH42+BP42+BW42 -> 0 | BY42: =SUM(BF42,BN42,BU42) -> 0 | BZ42: =BY42/BX42*100 -> #DIV/0! | CG42: =COUNTIF(CB42:CF42,"PR") -> 0 | CH42: =COUNTIF(CB42:CF42,"AB") -> 0 | CI42: =CG42+CH42 -> 0 | CN42: =COUNTIF(CJ42:CM42,"PR") -> 0 | CO42: =COUNTIF(CJ42:CM42,"AB") -> 0 | CP42: =CN42+CO42 -> 0 | CU42: =COUNTIF(CQ42:CT42,"PR") -> 0 | CV42: =COUNTIF(CQ42:CT42,"AB") -> 0 | CW42: =CU42+CV42 -> 0 | CX42: =CG42+CN42+CU42 -> 0 | CY42: =SUM(CE42,#REF!,CS42) -> #REF! | CZ42: =CY42/CX42*100 -> #REF!
H43: =COUNTIF(C43:G43,"PR") -> 0 | I43: =COUNTIF(C43:G43,"AB") -> 0 | J43: =H43+I43 -> 0 | O43: =COUNTIF(K43:N43,"PR") -> 0 | P43: =COUNTIF(K43:N43,"AB") -> 0 | Q43: =O43+P43 -> 0 | V43: =COUNTIF(R43:U43,"PR") -> 0 | W43: =COUNTIF(R43:U43,"AB") -> 0 | X43: =V43+W43 -> 0 | Y43: =J43+Q43+X43 -> 0 | Z43: =SUM(H43,O43,V43) -> 0 | AA43: =Z43/Y43*100 -> #DIV/0! | AG43: =COUNTIF(AC43:AF43,"PR") -> 0 | AH43: =COUNTIF(AC43:AF43,"AB") -> 0 | AI43: =AG43+AH43 -> 0 | AO43: =COUNTIF(AJ43:AN43,"PR") -> 0 | AP43: =COUNTIF(AJ43:AN43,"AB") -> 0 | AQ43: =AO43+AP43 -> 0 | AV43: =COUNTIF(AR43:AU43,"PR") -> 0 | AW43: =COUNTIF(AR43:AU43,"AB") -> 0 | AX43: =AV43+AW43 -> 0 | AY43: =AI43+AQ43+AX43 -> 0 | AZ43: =SUM(AG43,AO43,AV43) -> 0 | BA43: =AZ43/AY43*100 -> #DIV/0! | BF43: =COUNTIF(BB43:BE43,"PR") -> 0 | BG43: =COUNTIF(BB43:BE43,"AB") -> 0 | BH43: =BF43+BG43 -> 0 | BN43: =COUNTIF(BI43:BM43,"PR") -> 0 | BO43: =COUNTIF(BI43:BM43,"AB") -> 0 | BP43: =BN43+BO43 -> 0 | BU43: =COUNTIF(BQ43:BT43,"PR") -> 0 | BV43: =COUNTIF(BQ43:BT43,"AB") -> 0 | BW43: =BU43+BV43 -> 0 | BX43: =BH43+BP43+BW43 -> 0 | BY43: =SUM(BF43,BN43,BU43) -> 0 | BZ43: =BY43/BX43*100 -> #DIV/0! | CG43: =COUNTIF(CB43:CF43,"PR") -> 0 | CH43: =COUNTIF(CB43:CF43,"AB") -> 0 | CI43: =CG43+CH43 -> 0 | CN43: =COUNTIF(CJ43:CM43,"PR") -> 0 | CO43: =COUNTIF(CJ43:CM43,"AB") -> 0 | CP43: =CN43+CO43 -> 0 | CU43: =COUNTIF(CQ43:CT43,"PR") -> 0 | CV43: =COUNTIF(CQ43:CT43,"AB") -> 0 | CW43: =CU43+CV43 -> 0 | CX43: =CG43+CN43+CU43 -> 0 | CY43: =SUM(CE43,#REF!,CS43) -> #REF! | CZ43: =CY43/CX43*100 -> #REF!
H44: =COUNTIF(C44:G44,"PR") -> 0 | I44: =COUNTIF(C44:G44,"AB") -> 0 | J44: =H44+I44 -> 0 | O44: =COUNTIF(K44:N44,"PR") -> 0 | P44: =COUNTIF(K44:N44,"AB") -> 0 | Q44: =O44+P44 -> 0 | V44: =COUNTIF(R44:U44,"PR") -> 0 | W44: =COUNTIF(R44:U44,"AB") -> 0 | X44: =V44+W44 -> 0 | Y44: =J44+Q44+X44 -> 0 | Z44: =SUM(H44,O44,V44) -> 0 | AA44: =Z44/Y44*100 -> #DIV/0! | AG44: =COUNTIF(AC44:AF44,"PR") -> 0 | AH44: =COUNTIF(AC44:AF44,"AB") -> 0 | AI44: =AG44+AH44 -> 0 | AO44: =COUNTIF(AJ44:AN44,"PR") -> 0 | AP44: =COUNTIF(AJ44:AN44,"AB") -> 0 | AQ44: =AO44+AP44 -> 0 | AV44: =COUNTIF(AR44:AU44,"PR") -> 0 | AW44: =COUNTIF(AR44:AU44,"AB") -> 0 | AX44: =AV44+AW44 -> 0 | AY44: =AI44+AQ44+AX44 -> 0 | AZ44: =SUM(AG44,AO44,AV44) -> 0 | BA44: =AZ44/AY44*100 -> #DIV/0! | BF44: =COUNTIF(BB44:BE44,"PR") -> 0 | BG44: =COUNTIF(BB44:BE44,"AB") -> 0 | BH44: =BF44+BG44 -> 0 | BN44: =COUNTIF(BI44:BM44,"PR") -> 0 | BO44: =COUNTIF(BI44:BM44,"AB") -> 0 | BP44: =BN44+BO44 -> 0 | BU44: =COUNTIF(BQ44:BT44,"PR") -> 0 | BV44: =COUNTIF(BQ44:BT44,"AB") -> 0 | BW44: =BU44+BV44 -> 0 | BX44: =BH44+BP44+BW44 -> 0 | BY44: =SUM(BF44,BN44,BU44) -> 0 | BZ44: =BY44/BX44*100 -> #DIV/0! | CG44: =COUNTIF(CB44:CF44,"PR") -> 0 | CH44: =COUNTIF(CB44:CF44,"AB") -> 0 | CI44: =CG44+CH44 -> 0 | CN44: =COUNTIF(CJ44:CM44,"PR") -> 0 | CO44: =COUNTIF(CJ44:CM44,"AB") -> 0 | CP44: =CN44+CO44 -> 0 | CU44: =COUNTIF(CQ44:CT44,"PR") -> 0 | CV44: =COUNTIF(CQ44:CT44,"AB") -> 0 | CW44: =CU44+CV44 -> 0 | CX44: =CG44+CN44+CU44 -> 0 | CY44: =SUM(CE44,#REF!,CS44) -> #REF! | CZ44: =CY44/CX44*100 -> #REF!
H45: =COUNTIF(C45:G45,"PR") -> 0 | I45: =COUNTIF(C45:G45,"AB") -> 0 | J45: =H45+I45 -> 0 | O45: =COUNTIF(K45:N45,"PR") -> 0 | P45: =COUNTIF(K45:N45,"AB") -> 0 | Q45: =O45+P45 -> 0 | V45: =COUNTIF(R45:U45,"PR") -> 0 | W45: =COUNTIF(R45:U45,"AB") -> 0 | X45: =V45+W45 -> 0 | Y45: =J45+Q45+X45 -> 0 | Z45: =SUM(H45,O45,V45) -> 0 | AA45: =Z45/Y45*100 -> #DIV/0! | AG45: =COUNTIF(AC45:AF45,"PR") -> 0 | AH45: =COUNTIF(AC45:AF45,"AB") -> 0 | AI45: =AG45+AH45 -> 0 | AO45: =COUNTIF(AJ45:AN45,"PR") -> 0 | AP45: =COUNTIF(AJ45:AN45,"AB") -> 0 | AQ45: =AO45+AP45 -> 0 | AV45: =COUNTIF(AR45:AU45,"PR") -> 0 | AW45: =COUNTIF(AR45:AU45,"AB") -> 0 | AX45: =AV45+AW45 -> 0 | AY45: =AI45+AQ45+AX45 -> 0 | AZ45: =SUM(AG45,AO45,AV45) -> 0 | BA45: =AZ45/AY45*100 -> #DIV/0! | BF45: =COUNTIF(BB45:BE45,"PR") -> 0 | BG45: =COUNTIF(BB45:BE45,"AB") -> 0 | BH45: =BF45+BG45 -> 0 | BN45: =COUNTIF(BI45:BM45,"PR") -> 0 | BO45: =COUNTIF(BI45:BM45,"AB") -> 0 | BP45: =BN45+BO45 -> 0 | BU45: =COUNTIF(BQ45:BT45,"PR") -> 0 | BV45: =COUNTIF(BQ45:BT45,"AB") -> 0 | BW45: =BU45+BV45 -> 0 | BX45: =BH45+BP45+BW45 -> 0 | BY45: =SUM(BF45,BN45,BU45) -> 0 | BZ45: =BY45/BX45*100 -> #DIV/0! | CG45: =COUNTIF(CB45:CF45,"PR") -> 0 | CH45: =COUNTIF(CB45:CF45,"AB") -> 0 | CI45: =CG45+CH45 -> 0 | CN45: =COUNTIF(CJ45:CM45,"PR") -> 0 | CO45: =COUNTIF(CJ45:CM45,"AB") -> 0 | CP45: =CN45+CO45 -> 0 | CU45: =COUNTIF(CQ45:CT45,"PR") -> 0 | CV45: =COUNTIF(CQ45:CT45,"AB") -> 0 | CW45: =CU45+CV45 -> 0 | CX45: =CG45+CN45+CU45 -> 0 | CY45: =SUM(CE45,#REF!,CS45) -> #REF! | CZ45: =CY45/CX45*100 -> #REF!
H46: =COUNTIF(C46:G46,"PR") -> 0 | I46: =COUNTIF(C46:G46,"AB") -> 0 | J46: =H46+I46 -> 0 | O46: =COUNTIF(K46:N46,"PR") -> 0 | P46: =COUNTIF(K46:N46,"AB") -> 0 | Q46: =O46+P46 -> 0 | V46: =COUNTIF(R46:U46,"PR") -> 0 | W46: =COUNTIF(R46:U46,"AB") -> 0 | X46: =V46+W46 -> 0 | Y46: =J46+Q46+X46 -> 0 | Z46: =SUM(H46,O46,V46) -> 0 | AA46: =Z46/Y46*100 -> #DIV/0! | AG46: =COUNTIF(AC46:AF46,"PR") -> 0 | AH46: =COUNTIF(AC46:AF46,"AB") -> 0 | AI46: =AG46+AH46 -> 0 | AO46: =COUNTIF(AJ46:AN46,"PR") -> 0 | AP46: =COUNTIF(AJ46:AN46,"AB") -> 0 | AQ46: =AO46+AP46 -> 0 | AV46: =COUNTIF(AR46:AU46,"PR") -> 0 | AW46: =COUNTIF(AR46:AU46,"AB") -> 0 | AX46: =AV46+AW46 -> 0 | AY46: =AI46+AQ46+AX46 -> 0 | AZ46: =SUM(AG46,AO46,AV46) -> 0 | BA46: =AZ46/AY46*100 -> #DIV/0! | BF46: =COUNTIF(BB46:BE46,"PR") -> 0 | BG46: =COUNTIF(BB46:BE46,"AB") -> 0 | BH46: =BF46+BG46 -> 0 | BN46: =COUNTIF(BI46:BM46,"PR") -> 0 | BO46: =COUNTIF(BI46:BM46,"AB") -> 0 | BP46: =BN46+BO46 -> 0 | BU46: =COUNTIF(BQ46:BT46,"PR") -> 0 | BV46: =COUNTIF(BQ46:BT46,"AB") -> 0 | BW46: =BU46+BV46 -> 0 | BX46: =BH46+BP46+BW46 -> 0 | BY46: =SUM(BF46,BN46,BU46) -> 0 | BZ46: =BY46/BX46*100 -> #DIV/0! | CG46: =COUNTIF(CB46:CF46,"PR") -> 0 | CH46: =COUNTIF(CB46:CF46,"AB") -> 0 | CI46: =CG46+CH46 -> 0 | CN46: =COUNTIF(CJ46:CM46,"PR") -> 0 | CO46: =COUNTIF(CJ46:CM46,"AB") -> 0 | CP46: =CN46+CO46 -> 0 | CU46: =COUNTIF(CQ46:CT46,"PR") -> 0 | CV46: =COUNTIF(CQ46:CT46,"AB") -> 0 | CW46: =CU46+CV46 -> 0 | CX46: =CG46+CN46+CU46 -> 0 | CY46: =SUM(CE46,#REF!,CS46) -> #REF! | CZ46: =CY46/CX46*100 -> #REF!
H47: =COUNTIF(C47:G47,"PR") -> 0 | I47: =COUNTIF(C47:G47,"AB") -> 0 | J47: =H47+I47 -> 0 | O47: =COUNTIF(K47:N47,"PR") -> 0 | P47: =COUNTIF(K47:N47,"AB") -> 0 | Q47: =O47+P47 -> 0 | V47: =COUNTIF(R47:U47,"PR") -> 0 | W47: =COUNTIF(R47:U47,"AB") -> 0 | X47: =V47+W47 -> 0 | Y47: =J47+Q47+X47 -> 0 | Z47: =SUM(H47,O47,V47) -> 0 | AA47: =Z47/Y47*100 -> #DIV/0! | AG47: =COUNTIF(AC47:AF47,"PR") -> 0 | AH47: =COUNTIF(AC47:AF47,"AB") -> 0 | AI47: =AG47+AH47 -> 0 | AO47: =COUNTIF(AJ47:AN47,"PR") -> 0 | AP47: =COUNTIF(AJ47:AN47,"AB") -> 0 | AQ47: =AO47+AP47 -> 0 | AV47: =COUNTIF(AR47:AU47,"PR") -> 0 | AW47: =COUNTIF(AR47:AU47,"AB") -> 0 | AX47: =AV47+AW47 -> 0 | AY47: =AI47+AQ47+AX47 -> 0 | AZ47: =SUM(AG47,AO47,AV47) -> 0 | BA47: =AZ47/AY47*100 -> #DIV/0! | BF47: =COUNTIF(BB47:BE47,"PR") -> 0 | BG47: =COUNTIF(BB47:BE47,"AB") -> 0 | BH47: =BF47+BG47 -> 0 | BN47: =COUNTIF(BI47:BM47,"PR") -> 0 | BO47: =COUNTIF(BI47:BM47,"AB") -> 0 | BP47: =BN47+BO47 -> 0 | BU47: =COUNTIF(BQ47:BT47,"PR") -> 0 | BV47: =COUNTIF(BQ47:BT47,"AB") -> 0 | BW47: =BU47+BV47 -> 0 | BX47: =BH47+BP47+BW47 -> 0 | BY47: =SUM(BF47,BN47,BU47) -> 0 | BZ47: =BY47/BX47*100 -> #DIV/0! | CG47: =COUNTIF(CB47:CF47,"PR") -> 0 | CH47: =COUNTIF(CB47:CF47,"AB") -> 0 | CI47: =CG47+CH47 -> 0 | CN47: =COUNTIF(CJ47:CM47,"PR") -> 0 | CO47: =COUNTIF(CJ47:CM47,"AB") -> 0 | CP47: =CN47+CO47 -> 0 | CU47: =COUNTIF(CQ47:CT47,"PR") -> 0 | CV47: =COUNTIF(CQ47:CT47,"AB") -> 0 | CW47: =CU47+CV47 -> 0 | CX47: =CG47+CN47+CU47 -> 0 | CY47: =SUM(CE47,#REF!,CS47) -> #REF! | CZ47: =CY47/CX47*100 -> #REF!
H48: =COUNTIF(C48:G48,"PR") -> 0 | I48: =COUNTIF(C48:G48,"AB") -> 0 | J48: =H48+I48 -> 0 | O48: =COUNTIF(K48:N48,"PR") -> 0 | P48: =COUNTIF(K48:N48,"AB") -> 0 | Q48: =O48+P48 -> 0 | V48: =COUNTIF(R48:U48,"PR") -> 0 | W48: =COUNTIF(R48:U48,"AB") -> 0 | X48: =V48+W48 -> 0 | Y48: =J48+Q48+X48 -> 0 | Z48: =SUM(H48,O48,V48) -> 0 | AA48: =Z48/Y48*100 -> #DIV/0! | AG48: =COUNTIF(AC48:AF48,"PR") -> 0 | AH48: =COUNTIF(AC48:AF48,"AB") -> 0 | AI48: =AG48+AH48 -> 0 | AO48: =COUNTIF(AJ48:AN48,"PR") -> 0 | AP48: =COUNTIF(AJ48:AN48,"AB") -> 0 | AQ48: =AO48+AP48 -> 0 | AV48: =COUNTIF(AR48:AU48,"PR") -> 0 | AW48: =COUNTIF(AR48:AU48,"AB") -> 0 | AX48: =AV48+AW48 -> 0 | AY48: =AI48+AQ48+AX48 -> 0 | AZ48: =SUM(AG48,AO48,AV48) -> 0 | BA48: =AZ48/AY48*100 -> #DIV/0! | BF48: =COUNTIF(BB48:BE48,"PR") -> 0 | BG48: =COUNTIF(BB48:BE48,"AB") -> 0 | BH48: =BF48+BG48 -> 0 | BN48: =COUNTIF(BI48:BM48,"PR") -> 0 | BO48: =COUNTIF(BI48:BM48,"AB") -> 0 | BP48: =BN48+BO48 -> 0 | BU48: =COUNTIF(BQ48:BT48,"PR") -> 0 | BV48: =COUNTIF(BQ48:BT48,"AB") -> 0 | BW48: =BU48+BV48 -> 0 | BX48: =BH48+BP48+BW48 -> 0 | BY48: =SUM(BF48,BN48,BU48) -> 0 | BZ48: =BY48/BX48*100 -> #DIV/0! | CG48: =COUNTIF(CB48:CF48,"PR") -> 0 | CH48: =COUNTIF(CB48:CF48,"AB") -> 0 | CI48: =CG48+CH48 -> 0 | CN48: =COUNTIF(CJ48:CM48,"PR") -> 0 | CO48: =COUNTIF(CJ48:CM48,"AB") -> 0 | CP48: =CN48+CO48 -> 0 | CU48: =COUNTIF(CQ48:CT48,"PR") -> 0 | CV48: =COUNTIF(CQ48:CT48,"AB") -> 0 | CW48: =CU48+CV48 -> 0 | CX48: =CG48+CN48+CU48 -> 0 | CY48: =SUM(CE48,#REF!,CS48) -> #REF! | CZ48: =CY48/CX48*100 -> #REF!
... H136: =COUNTIF(C136:G136,"PR") -> 0 | I136: =COUNTIF(C136:G136,"AB") -> 0 | J136: =H136+I136 -> 0 | O136: =COUNTIF(K136:N136,"PR") -> 0 | P136: =COUNTIF(K136:N136,"AB") -> 0 | Q136: =O136+P136 -> 0 | V136: =COUNTIF(R136:U136,"PR") -> 0 | W136: =COUNTIF(R136:U136,"AB") -> 0 | X136: =V136+W136 -> 0 | Y136: =J136+Q136+X136 -> 0 | Z136: =SUM(H136,O136,V136) -> 0 | AA136: =Z136/Y136*100 -> #DIV/0! | AG136: =COUNTIF(AC136:AF136,"PR") -> 0 | AH136: =COUNTIF(AC136:AF136,"AB") -> 0 | AI136: =AG136+AH136 -> 0 | AO136: =COUNTIF(AJ136:AN136,"PR") -> 0 | AP136: =COUNTIF(AJ136:AN136,"AB") -> 0 | AQ136: =AO136+AP136 -> 0 | AV136: =COUNTIF(AR136:AU136,"PR") -> 0 | AW136: =COUNTIF(AR136:AU136,"AB") -> 0 | AX136: =AV136+AW136 -> 0 | AY136: =AI136+AQ136+AX136 -> 0 | AZ136: =SUM(AG136,AO136,AV136) -> 0 | BA136: =AZ136/AY136*100 -> #DIV/0! | BF136: =COUNTIF(BB136:BE136,"PR") -> 0 | BG136: =COUNTIF(BB136:BE136,"AB") -> 0 | BH136: =BF136+BG136 -> 0 | BN136: =COUNTIF(BI136:BM136,"PR") -> 0 | BO136: =COUNTIF(BI136:BM136,"AB") -> 0 | BP136: =BN136+BO136 -> 0 | BU136: =COUNTIF(BQ136:BT136,"PR") -> 0 | BV136: =COUNTIF(BQ136:BT136,"AB") -> 0 | BW136: =BU136+BV136 -> 0 | BX136: =BH136+BP136+BW136 -> 0 | BY136: =SUM(BF136,BN136,BU136) -> 0 | BZ136: =BY136/BX136*100 -> #DIV/0! | CG136: =COUNTIF(CB136:CF136,"PR") -> 0 | CH136: =COUNTIF(CB136:CF136,"AB") -> 0 | CI136: =CG136+CH136 -> 0 | CN136: =COUNTIF(CJ136:CM136,"PR") -> 0 | CO136: =COUNTIF(CJ136:CM136,"AB") -> 0 | CP136: =CN136+CO136 -> 0 | CU136: =COUNTIF(CQ136:CT136,"PR") -> 0 | CV136: =COUNTIF(CQ136:CT136,"AB") -> 0 | CW136: =CU136+CV136 -> 0 | CX136: =CG136+CN136+CU136 -> 0 | CY136: =SUM(CE136,#REF!,CS136) -> #REF! | CZ136: =CY136/CX136*100 -> #REF!
H137: =SUM(H37:H136) -> 0 | J137: =SUM(J37:J136) -> 0 | O137: =SUM(O37:O136) -> 0 | Q137: =SUM(Q37:Q136) -> 0 | V137: =SUM(V37:V136) -> 0 | W137: =SUM(W37:W136) -> 0 | X137: =SUM(X37:X136) -> 0 | Y137: =SUM(Y121:Y136) -> 0 | AG137: =SUM(AG37:AG136) -> 0 | AI137: =SUM(AI37:AI136) -> 0 | AO137: =SUM(AO37:AO136) -> 0 | AQ137: =SUM(AQ37:AQ136) -> 0 | AV137: =SUM(AV37:AV136) -> 0 | AX137: =SUM(AX37:AX136) -> 0 | AY137: =SUM(AY121:AY136) -> 0 | BF137: =SUM(BF37:BF136) -> 0 | BH137: =SUM(BH37:BH136) -> 0 | BN137: =SUM(BN37:BN136) -> 0 | BP137: =SUM(BP37:BP136) -> 0 | BU137: =SUM(BU37:BU136) -> 0 | BW137: =SUM(BW37:BW136) -> 0 | BX137: =SUM(BX121:BX136) -> 0 | CG137: =SUM(CG37:CG136) -> 0 | CI137: =SUM(CI37:CI136) -> 0 | CN137: =SUM(CN37:CN136) -> 0 | CP137: =SUM(CP37:CP136) -> 0 | CU137: =SUM(CU37:CU136) -> 0 | CW137: =SUM(CW37:CW136) -> 0 | CX137: =SUM(CX121:CX136) -> 0
A138: Inconsistent
H139: =COUNTIF(C139:G139,"PR") -> 0 | I139: =COUNTIF(C139:G139,"AB") -> 0 | J139: =H139+I139 -> 0 | O139: =COUNTIF(K139:N139,"PR") -> 0 | P139: =COUNTIF(K139:N139,"AB") -> 0 | Q139: =O139+P139 -> 0 | V139: =COUNTIF(R139:U139,"PR") -> 0 | W139: =COUNTIF(R139:U139,"AB") -> 0 | X139: =V139+W139 -> 0 | Y139: =J139+Q139+X139 -> 0 | Z139: =SUM(H139,O139,V139) -> 0 | AA139: =Z139/Y139*100 -> #DIV/0! | AG139: =COUNTIF(AC139:AF139,"PR") -> 0 | AH139: =COUNTIF(AC139:AF139,"AB") -> 0 | AI139: =AG139+AH139 -> 0 | AO139: =COUNTIF(AJ139:AN139,"PR") -> 0 | AP139: =COUNTIF(AJ139:AN139,"AB") -> 0 | AQ139: =AO139+AP139 -> 0 | AV139: =COUNTIF(AR139:AU139,"PR") -> 0 | AW139: =COUNTIF(AR139:AU139,"AB") -> 0 | AX139: =AV139+AW139 -> 0 | AY139: =AI139+AQ139+AX139 -> 0 | AZ139: =SUM(AG139,AO139,AV139) -> 0 | BA139: =AZ139/AY139*100 -> #DIV/0! | BF139: =COUNTIF(BB139:BE139,"PR") -> 0 | BG139: =COUNTIF(BB139:BE139,"AB") -> 0 | BH139: =BF139+BG139 -> 0 | BN139: =COUNTIF(BI139:BM139,"PR") -> 0 | BO139: =COUNTIF(BI139:BM139,"AB") -> 0 | BP139: =BN139+BO139 -> 0 | BU139: =COUNTIF(BQ139:BT139,"PR") -> 0 | BV139: =COUNTIF(BQ139:BT139,"AB") -> 0 | BW139: =BU139+BV139 -> 0 | BX139: =BH139+BP139+BW139 -> 0 | BY139: =SUM(BF139,BN139,BU139) -> 0 | BZ139: =BY139/BX139*100 -> #DIV/0! | CG139: =COUNTIF(CB139:CF139,"PR") -> 0 | CH139: =COUNTIF(CB139:CF139,"AB") -> 0 | CI139: =CG139+CH139 -> 0 | CN139: =COUNTIF(CJ139:CM139,"PR") -> 0 | CO139: =COUNTIF(CJ139:CM139,"AB") -> 0 | CP139: =CN139+CO139 -> 0 | CU139: =COUNTIF(CQ139:CT139,"PR") -> 0 | CV139: =COUNTIF(CQ139:CT139,"AB") -> 0 | CW139: =CU139+CV139 -> 0 | CX139: =CG139+CN139+CU139 -> 0 | CY139: =SUM(CE139,#REF!,CS139) -> #REF! | CZ139: =CY139/CX139*100 -> #REF!
H140: =COUNTIF(C140:G140,"PR") -> 0 | I140: =COUNTIF(C140:G140,"AB") -> 0 | J140: =H140+I140 -> 0 | O140: =COUNTIF(K140:N140,"PR") -> 0 | P140: =COUNTIF(K140:N140,"AB") -> 0 | Q140: =O140+P140 -> 0 | V140: =COUNTIF(R140:U140,"PR") -> 0 | W140: =COUNTIF(R140:U140,"AB") -> 0 | X140: =V140+W140 -> 0 | Y140: =J140+Q140+X140 -> 0 | Z140: =SUM(H140,O140,V140) -> 0 | AA140: =Z140/Y140*100 -> #DIV/0! | AG140: =COUNTIF(AC140:AF140,"PR") -> 0 | AH140: =COUNTIF(AC140:AF140,"AB") -> 0 | AI140: =AG140+AH140 -> 0 | AO140: =COUNTIF(AJ140:AN140,"PR") -> 0 | AP140: =COUNTIF(AJ140:AN140,"AB") -> 0 | AQ140: =AO140+AP140 -> 0 | AV140: =COUNTIF(AR140:AU140,"PR") -> 0 | AW140: =COUNTIF(AR140:AU140,"AB") -> 0 | AX140: =AV140+AW140 -> 0 | AY140: =AI140+AQ140+AX140 -> 0 | AZ140: =SUM(AG140,AO140,AV140) -> 0 | BA140: =AZ140/AY140*100 -> #DIV/0! | BF140: =COUNTIF(BB140:BE140,"PR") -> 0 | BG140: =COUNTIF(BB140:BE140,"AB") -> 0 | BH140: =BF140+BG140 -> 0 | BN140: =COUNTIF(BI140:BM140,"PR") -> 0 | BO140: =COUNTIF(BI140:BM140,"AB") -> 0 | BP140: =BN140+BO140 -> 0 | BU140: =COUNTIF(BQ140:BT140,"PR") -> 0 | BV140: =COUNTIF(BQ140:BT140,"AB") -> 0 | BW140: =BU140+BV140 -> 0 | BX140: =BH140+BP140+BW140 -> 0 | BY140: =SUM(BF140,BN140,BU140) -> 0 | BZ140: =BY140/BX140*100 -> #DIV/0! | CG140: =COUNTIF(CB140:CF140,"PR") -> 0 | CH140: =COUNTIF(CB140:CF140,"AB") -> 0 | CI140: =CG140+CH140 -> 0 | CN140: =COUNTIF(CJ140:CM140,"PR") -> 0 | CO140: =COUNTIF(CJ140:CM140,"AB") -> 0 | CP140: =CN140+CO140 -> 0 | CU140: =COUNTIF(CQ140:CT140,"PR") -> 0 | CV140: =COUNTIF(CQ140:CT140,"AB") -> 0 | CW140: =CU140+CV140 -> 0 | CX140: =CG140+CN140+CU140 -> 0 | CY140: =SUM(CE140,#REF!,CS140) -> #REF! | CZ140: =CY140/CX140*100 -> #REF!
H141: =COUNTIF(C141:G141,"PR") -> 0 | I141: =COUNTIF(C141:G141,"AB") -> 0 | J141: =H141+I141 -> 0 | O141: =COUNTIF(K141:N141,"PR") -> 0 | P141: =COUNTIF(K141:N141,"AB") -> 0 | Q141: =O141+P141 -> 0 | V141: =COUNTIF(R141:U141,"PR") -> 0 | W141: =COUNTIF(R141:U141,"AB") -> 0 | X141: =V141+W141 -> 0 | Y141: =J141+Q141+X141 -> 0 | Z141: =SUM(H141,O141,V141) -> 0 | AA141: =Z141/Y141*100 -> #DIV/0! | AG141: =COUNTIF(AC141:AF141,"PR") -> 0 | AH141: =COUNTIF(AC141:AF141,"AB") -> 0 | AI141: =AG141+AH141 -> 0 | AO141: =COUNTIF(AJ141:AN141,"PR") -> 0 | AP141: =COUNTIF(AJ141:AN141,"AB") -> 0 | AQ141: =AO141+AP141 -> 0 | AV141: =COUNTIF(AR141:AU141,"PR") -> 0 | AW141: =COUNTIF(AR141:AU141,"AB") -> 0 | AX141: =AV141+AW141 -> 0 | AY141: =AI141+AQ141+AX141 -> 0 | AZ141: =SUM(AG141,AO141,AV141) -> 0 | BA141: =AZ141/AY141*100 -> #DIV/0! | BF141: =COUNTIF(BB141:BE141,"PR") -> 0 | BG141: =COUNTIF(BB141:BE141,"AB") -> 0 | BH141: =BF141+BG141 -> 0 | BN141: =COUNTIF(BI141:BM141,"PR") -> 0 | BO141: =COUNTIF(BI141:BM141,"AB") -> 0 | BP141: =BN141+BO141 -> 0 | BU141: =COUNTIF(BQ141:BT141,"PR") -> 0 | BV141: =COUNTIF(BQ141:BT141,"AB") -> 0 | BW141: =BU141+BV141 -> 0 | BX141: =BH141+BP141+BW141 -> 0 | BY141: =SUM(BF141,BN141,BU141) -> 0 | BZ141: =BY141/BX141*100 -> #DIV/0! | CG141: =COUNTIF(CB141:CF141,"PR") -> 0 | CH141: =COUNTIF(CB141:CF141,"AB") -> 0 | CI141: =CG141+CH141 -> 0 | CN141: =COUNTIF(CJ141:CM141,"PR") -> 0 | CO141: =COUNTIF(CJ141:CM141,"AB") -> 0 | CP141: =CN141+CO141 -> 0 | CU141: =COUNTIF(CQ141:CT141,"PR") -> 0 | CV141: =COUNTIF(CQ141:CT141,"AB") -> 0 | CW141: =CU141+CV141 -> 0 | CX141: =CG141+CN141+CU141 -> 0 | CY141: =SUM(CE141,#REF!,CS141) -> #REF! | CZ141: =CY141/CX141*100 -> #REF!
H142: =COUNTIF(C142:G142,"PR") -> 0 | I142: =COUNTIF(C142:G142,"AB") -> 0 | J142: =H142+I142 -> 0 | O142: =COUNTIF(K142:N142,"PR") -> 0 | P142: =COUNTIF(K142:N142,"AB") -> 0 | Q142: =O142+P142 -> 0 | V142: =COUNTIF(R142:U142,"PR") -> 0 | W142: =COUNTIF(R142:U142,"AB") -> 0 | X142: =V142+W142 -> 0 | Y142: =J142+Q142+X142 -> 0 | Z142: =SUM(H142,O142,V142) -> 0 | AA142: =Z142/Y142*100 -> #DIV/0! | AG142: =COUNTIF(AC142:AF142,"PR") -> 0 | AH142: =COUNTIF(AC142:AF142,"AB") -> 0 | AI142: =AG142+AH142 -> 0 | AO142: =COUNTIF(AJ142:AN142,"PR") -> 0 | AP142: =COUNTIF(AJ142:AN142,"AB") -> 0 | AQ142: =AO142+AP142 -> 0 | AV142: =COUNTIF(AR142:AU142,"PR") -> 0 | AW142: =COUNTIF(AR142:AU142,"AB") -> 0 | AX142: =AV142+AW142 -> 0 | AY142: =AI142+AQ142+AX142 -> 0 | AZ142: =SUM(AG142,AO142,AV142) -> 0 | BA142: =AZ142/AY142*100 -> #DIV/0! | BF142: =COUNTIF(BB142:BE142,"PR") -> 0 | BG142: =COUNTIF(BB142:BE142,"AB") -> 0 | BH142: =BF142+BG142 -> 0 | BN142: =COUNTIF(BI142:BM142,"PR") -> 0 | BO142: =COUNTIF(BI142:BM142,"AB") -> 0 | BP142: =BN142+BO142 -> 0 | BU142: =COUNTIF(BQ142:BT142,"PR") -> 0 | BV142: =COUNTIF(BQ142:BT142,"AB") -> 0 | BW142: =BU142+BV142 -> 0 | BX142: =BH142+BP142+BW142 -> 0 | BY142: =SUM(BF142,BN142,BU142) -> 0 | BZ142: =BY142/BX142*100 -> #DIV/0! | CG142: =COUNTIF(CB142:CF142,"PR") -> 0 | CH142: =COUNTIF(CB142:CF142,"AB") -> 0 | CI142: =CG142+CH142 -> 0 | CN142: =COUNTIF(CJ142:CM142,"PR") -> 0 | CO142: =COUNTIF(CJ142:CM142,"AB") -> 0 | CP142: =CN142+CO142 -> 0 | CU142: =COUNTIF(CQ142:CT142,"PR") -> 0 | CV142: =COUNTIF(CQ142:CT142,"AB") -> 0 | CW142: =CU142+CV142 -> 0 | CX142: =CG142+CN142+CU142 -> 0 | CY142: =SUM(CE142,#REF!,CS142) -> #REF! | CZ142: =CY142/CX142*100 -> #REF!
H143: =COUNTIF(C143:G143,"PR") -> 0 | I143: =COUNTIF(C143:G143,"AB") -> 0 | J143: =H143+I143 -> 0 | O143: =COUNTIF(K143:N143,"PR") -> 0 | P143: =COUNTIF(K143:N143,"AB") -> 0 | Q143: =O143+P143 -> 0 | V143: =COUNTIF(R143:U143,"PR") -> 0 | W143: =COUNTIF(R143:U143,"AB") -> 0 | X143: =V143+W143 -> 0 | Y143: =J143+Q143+X143 -> 0 | Z143: =SUM(H143,O143,V143) -> 0 | AA143: =Z143/Y143*100 -> #DIV/0! | AG143: =COUNTIF(AC143:AF143,"PR") -> 0 | AH143: =COUNTIF(AC143:AF143,"AB") -> 0 | AI143: =AG143+AH143 -> 0 | AO143: =COUNTIF(AJ143:AN143,"PR") -> 0 | AP143: =COUNTIF(AJ143:AN143,"AB") -> 0 | AQ143: =AO143+AP143 -> 0 | AV143: =COUNTIF(AR143:AU143,"PR") -> 0 | AW143: =COUNTIF(AR143:AU143,"AB") -> 0 | AX143: =AV143+AW143 -> 0 | AY143: =AI143+AQ143+AX143 -> 0 | AZ143: =SUM(AG143,AO143,AV143) -> 0 | BA143: =AZ143/AY143*100 -> #DIV/0! | BF143: =COUNTIF(BB143:BE143,"PR") -> 0 | BG143: =COUNTIF(BB143:BE143,"AB") -> 0 | BH143: =BF143+BG143 -> 0 | BN143: =COUNTIF(BI143:BM143,"PR") -> 0 | BO143: =COUNTIF(BI143:BM143,"AB") -> 0 | BP143: =BN143+BO143 -> 0 | BU143: =COUNTIF(BQ143:BT143,"PR") -> 0 | BV143: =COUNTIF(BQ143:BT143,"AB") -> 0 | BW143: =BU143+BV143 -> 0 | BX143: =BH143+BP143+BW143 -> 0 | BY143: =SUM(BF143,BN143,BU143) -> 0 | BZ143: =BY143/BX143*100 -> #DIV/0! | CG143: =COUNTIF(CB143:CF143,"PR") -> 0 | CH143: =COUNTIF(CB143:CF143,"AB") -> 0 | CI143: =CG143+CH143 -> 0 | CN143: =COUNTIF(CJ143:CM143,"PR") -> 0 | CO143: =COUNTIF(CJ143:CM143,"AB") -> 0 | CP143: =CN143+CO143 -> 0 | CU143: =COUNTIF(CQ143:CT143,"PR") -> 0 | CV143: =COUNTIF(CQ143:CT143,"AB") -> 0 | CW143: =CU143+CV143 -> 0 | CX143: =CG143+CN143+CU143 -> 0 | CY143: =SUM(CE143,#REF!,CS143) -> #REF! | CZ143: =CY143/CX143*100 -> #REF!
H144: =COUNTIF(C144:G144,"PR") -> 0 | I144: =COUNTIF(C144:G144,"AB") -> 0 | J144: =H144+I144 -> 0 | O144: =COUNTIF(K144:N144,"PR") -> 0 | P144: =COUNTIF(K144:N144,"AB") -> 0 | Q144: =O144+P144 -> 0 | V144: =COUNTIF(R144:U144,"PR") -> 0 | W144: =COUNTIF(R144:U144,"AB") -> 0 | X144: =V144+W144 -> 0 | Y144: =J144+Q144+X144 -> 0 | Z144: =SUM(H144,O144,V144) -> 0 | AA144: =Z144/Y144*100 -> #DIV/0! | AG144: =COUNTIF(AC144:AF144,"PR") -> 0 | AH144: =COUNTIF(AC144:AF144,"AB") -> 0 | AI144: =AG144+AH144 -> 0 | AO144: =COUNTIF(AJ144:AN144,"PR") -> 0 | AP144: =COUNTIF(AJ144:AN144,"AB") -> 0 | AQ144: =AO144+AP144 -> 0 | AV144: =COUNTIF(AR144:AU144,"PR") -> 0 | AW144: =COUNTIF(AR144:AU144,"AB") -> 0 | AX144: =AV144+AW144 -> 0 | AY144: =AI144+AQ144+AX144 -> 0 | AZ144: =SUM(AG144,AO144,AV144) -> 0 | BA144: =AZ144/AY144*100 -> #DIV/0! | BF144: =COUNTIF(BB144:BE144,"PR") -> 0 | BG144: =COUNTIF(BB144:BE144,"AB") -> 0 | BH144: =BF144+BG144 -> 0 | BN144: =COUNTIF(BI144:BM144,"PR") -> 0 | BO144: =COUNTIF(BI144:BM144,"AB") -> 0 | BP144: =BN144+BO144 -> 0 | BU144: =COUNTIF(BQ144:BT144,"PR") -> 0 | BV144: =COUNTIF(BQ144:BT144,"AB") -> 0 | BW144: =BU144+BV144 -> 0 | BX144: =BH144+BP144+BW144 -> 0 | BY144: =SUM(BF144,BN144,BU144) -> 0 | BZ144: =BY144/BX144*100 -> #DIV/0! | CG144: =COUNTIF(CB144:CF144,"PR") -> 0 | CH144: =COUNTIF(CB144:CF144,"AB") -> 0 | CI144: =CG144+CH144 -> 0 | CN144: =COUNTIF(CJ144:CM144,"PR") -> 0 | CO144: =COUNTIF(CJ144:CM144,"AB") -> 0 | CP144: =CN144+CO144 -> 0 | CU144: =COUNTIF(CQ144:CT144,"PR") -> 0 | CV144: =COUNTIF(CQ144:CT144,"AB") -> 0 | CW144: =CU144+CV144 -> 0 | CX144: =CG144+CN144+CU144 -> 0 | CY144: =SUM(CE144,#REF!,CS144) -> #REF! | CZ144: =CY144/CX144*100 -> #REF!
H145: =COUNTIF(C145:G145,"PR") -> 0 | I145: =COUNTIF(C145:G145,"AB") -> 0 | J145: =H145+I145 -> 0 | O145: =COUNTIF(K145:N145,"PR") -> 0 | P145: =COUNTIF(K145:N145,"AB") -> 0 | Q145: =O145+P145 -> 0 | V145: =COUNTIF(R145:U145,"PR") -> 0 | W145: =COUNTIF(R145:U145,"AB") -> 0 | X145: =V145+W145 -> 0 | Y145: =J145+Q145+X145 -> 0 | Z145: =SUM(H145,O145,V145) -> 0 | AA145: =Z145/Y145*100 -> #DIV/0! | AG145: =COUNTIF(AC145:AF145,"PR") -> 0 | AH145: =COUNTIF(AC145:AF145,"AB") -> 0 | AI145: =AG145+AH145 -> 0 | AO145: =COUNTIF(AJ145:AN145,"PR") -> 0 | AP145: =COUNTIF(AJ145:AN145,"AB") -> 0 | AQ145: =AO145+AP145 -> 0 | AV145: =COUNTIF(AR145:AU145,"PR") -> 0 | AW145: =COUNTIF(AR145:AU145,"AB") -> 0 | AX145: =AV145+AW145 -> 0 | AY145: =AI145+AQ145+AX145 -> 0 | AZ145: =SUM(AG145,AO145,AV145) -> 0 | BA145: =AZ145/AY145*100 -> #DIV/0! | BF145: =COUNTIF(BB145:BE145,"PR") -> 0 | BG145: =COUNTIF(BB145:BE145,"AB") -> 0 | BH145: =BF145+BG145 -> 0 | BN145: =COUNTIF(BI145:BM145,"PR") -> 0 | BO145: =COUNTIF(BI145:BM145,"AB") -> 0 | BP145: =BN145+BO145 -> 0 | BU145: =COUNTIF(BQ145:BT145,"PR") -> 0 | BV145: =COUNTIF(BQ145:BT145,"AB") -> 0 | BW145: =BU145+BV145 -> 0 | BX145: =BH145+BP145+BW145 -> 0 | BY145: =SUM(BF145,BN145,BU145) -> 0 | BZ145: =BY145/BX145*100 -> #DIV/0! | CG145: =COUNTIF(CB145:CF145,"PR") -> 0 | CH145: =COUNTIF(CB145:CF145,"AB") -> 0 | CI145: =CG145+CH145 -> 0 | CN145: =COUNTIF(CJ145:CM145,"PR") -> 0 | CO145: =COUNTIF(CJ145:CM145,"AB") -> 0 | CP145: =CN145+CO145 -> 0 | CU145: =COUNTIF(CQ145:CT145,"PR") -> 0 | CV145: =COUNTIF(CQ145:CT145,"AB") -> 0 | CW145: =CU145+CV145 -> 0 | CX145: =CG145+CN145+CU145 -> 0 | CY145: =SUM(CE145,#REF!,CS145) -> #REF! | CZ145: =CY145/CX145*100 -> #REF!
H146: =COUNTIF(C146:G146,"PR") -> 0 | I146: =COUNTIF(C146:G146,"AB") -> 0 | J146: =H146+I146 -> 0 | O146: =COUNTIF(K146:N146,"PR") -> 0 | P146: =COUNTIF(K146:N146,"AB") -> 0 | Q146: =O146+P146 -> 0 | V146: =COUNTIF(R146:U146,"PR") -> 0 | W146: =COUNTIF(R146:U146,"AB") -> 0 | X146: =V146+W146 -> 0 | Y146: =J146+Q146+X146 -> 0 | Z146: =SUM(H146,O146,V146) -> 0 | AA146: =Z146/Y146*100 -> #DIV/0! | AG146: =COUNTIF(AC146:AF146,"PR") -> 0 | AH146: =COUNTIF(AC146:AF146,"AB") -> 0 | AI146: =AG146+AH146 -> 0 | AO146: =COUNTIF(AJ146:AN146,"PR") -> 0 | AP146: =COUNTIF(AJ146:AN146,"AB") -> 0 | AQ146: =AO146+AP146 -> 0 | AV146: =COUNTIF(AR146:AU146,"PR") -> 0 | AW146: =COUNTIF(AR146:AU146,"AB") -> 0 | AX146: =AV146+AW146 -> 0 | AY146: =AI146+AQ146+AX146 -> 0 | AZ146: =SUM(AG146,AO146,AV146) -> 0 | BA146: =AZ146/AY146*100 -> #DIV/0! | BF146: =COUNTIF(BB146:BE146,"PR") -> 0 | BG146: =COUNTIF(BB146:BE146,"AB") -> 0 | BH146: =BF146+BG146 -> 0 | BN146: =COUNTIF(BI146:BM146,"PR") -> 0 | BO146: =COUNTIF(BI146:BM146,"AB") -> 0 | BP146: =BN146+BO146 -> 0 | BU146: =COUNTIF(BQ146:BT146,"PR") -> 0 | BV146: =COUNTIF(BQ146:BT146,"AB") -> 0 | BW146: =BU146+BV146 -> 0 | BX146: =BH146+BP146+BW146 -> 0 | BY146: =SUM(BF146,BN146,BU146) -> 0 | BZ146: =BY146/BX146*100 -> #DIV/0! | CG146: =COUNTIF(CB146:CF146,"PR") -> 0 | CH146: =COUNTIF(CB146:CF146,"AB") -> 0 | CI146: =CG146+CH146 -> 0 | CN146: =COUNTIF(CJ146:CM146,"PR") -> 0 | CO146: =COUNTIF(CJ146:CM146,"AB") -> 0 | CP146: =CN146+CO146 -> 0 | CU146: =COUNTIF(CQ146:CT146,"PR") -> 0 | CV146: =COUNTIF(CQ146:CT146,"AB") -> 0 | CW146: =CU146+CV146 -> 0 | CX146: =CG146+CN146+CU146 -> 0 | CY146: =SUM(CE146,#REF!,CS146) -> #REF! | CZ146: =CY146/CX146*100 -> #REF!
H147: =COUNTIF(C147:G147,"PR") -> 0 | I147: =COUNTIF(C147:G147,"AB") -> 0 | J147: =H147+I147 -> 0 | O147: =COUNTIF(K147:N147,"PR") -> 0 | P147: =COUNTIF(K147:N147,"AB") -> 0 | Q147: =O147+P147 -> 0 | V147: =COUNTIF(R147:U147,"PR") -> 0 | W147: =COUNTIF(R147:U147,"AB") -> 0 | X147: =V147+W147 -> 0 | Y147: =J147+Q147+X147 -> 0 | Z147: =SUM(H147,O147,V147) -> 0 | AA147: =Z147/Y147*100 -> #DIV/0! | AG147: =COUNTIF(AC147:AF147,"PR") -> 0 | AH147: =COUNTIF(AC147:AF147,"AB") -> 0 | AI147: =AG147+AH147 -> 0 | AO147: =COUNTIF(AJ147:AN147,"PR") -> 0 | AP147: =COUNTIF(AJ147:AN147,"AB") -> 0 | AQ147: =AO147+AP147 -> 0 | AV147: =COUNTIF(AR147:AU147,"PR") -> 0 | AW147: =COUNTIF(AR147:AU147,"AB") -> 0 | AX147: =AV147+AW147 -> 0 | AY147: =AI147+AQ147+AX147 -> 0 | AZ147: =SUM(AG147,AO147,AV147) -> 0 | BA147: =AZ147/AY147*100 -> #DIV/0! | BF147: =COUNTIF(BB147:BE147,"PR") -> 0 | BG147: =COUNTIF(BB147:BE147,"AB") -> 0 | BH147: =BF147+BG147 -> 0 | BN147: =COUNTIF(BI147:BM147,"PR") -> 0 | BO147: =COUNTIF(BI147:BM147,"AB") -> 0 | BP147: =BN147+BO147 -> 0 | BU147: =COUNTIF(BQ147:BT147,"PR") -> 0 | BV147: =COUNTIF(BQ147:BT147,"AB") -> 0 | BW147: =BU147+BV147 -> 0 | BX147: =BH147+BP147+BW147 -> 0 | BY147: =SUM(BF147,BN147,BU147) -> 0 | BZ147: =BY147/BX147*100 -> #DIV/0! | CG147: =COUNTIF(CB147:CF147,"PR") -> 0 | CH147: =COUNTIF(CB147:CF147,"AB") -> 0 | CI147: =CG147+CH147 -> 0 | CN147: =COUNTIF(CJ147:CM147,"PR") -> 0 | CO147: =COUNTIF(CJ147:CM147,"AB") -> 0 | CP147: =CN147+CO147 -> 0 | CU147: =COUNTIF(CQ147:CT147,"PR") -> 0 | CV147: =COUNTIF(CQ147:CT147,"AB") -> 0 | CW147: =CU147+CV147 -> 0 | CX147: =CG147+CN147+CU147 -> 0 | CY147: =SUM(CE147,#REF!,CS147) -> #REF! | CZ147: =CY147/CX147*100 -> #REF!
H148: =COUNTIF(C148:G148,"PR") -> 0 | I148: =COUNTIF(C148:G148,"AB") -> 0 | J148: =H148+I148 -> 0 | O148: =COUNTIF(K148:N148,"PR") -> 0 | P148: =COUNTIF(K148:N148,"AB") -> 0 | Q148: =O148+P148 -> 0 | V148: =COUNTIF(R148:U148,"PR") -> 0 | W148: =COUNTIF(R148:U148,"AB") -> 0 | X148: =V148+W148 -> 0 | Y148: =J148+Q148+X148 -> 0 | Z148: =SUM(H148,O148,V148) -> 0 | AA148: =Z148/Y148*100 -> #DIV/0! | AG148: =COUNTIF(AC148:AF148,"PR") -> 0 | AH148: =COUNTIF(AC148:AF148,"AB") -> 0 | AI148: =AG148+AH148 -> 0 | AO148: =COUNTIF(AJ148:AN148,"PR") -> 0 | AP148: =COUNTIF(AJ148:AN148,"AB") -> 0 | AQ148: =AO148+AP148 -> 0 | AV148: =COUNTIF(AR148:AU148,"PR") -> 0 | AW148: =COUNTIF(AR148:AU148,"AB") -> 0 | AX148: =AV148+AW148 -> 0 | AY148: =AI148+AQ148+AX148 -> 0 | AZ148: =SUM(AG148,AO148,AV148) -> 0 | BA148: =AZ148/AY148*100 -> #DIV/0! | BF148: =COUNTIF(BB148:BE148,"PR") -> 0 | BG148: =COUNTIF(BB148:BE148,"AB") -> 0 | BH148: =BF148+BG148 -> 0 | BN148: =COUNTIF(BI148:BM148,"PR") -> 0 | BO148: =COUNTIF(BI148:BM148,"AB") -> 0 | BP148: =BN148+BO148 -> 0 | BU148: =COUNTIF(BQ148:BT148,"PR") -> 0 | BV148: =COUNTIF(BQ148:BT148,"AB") -> 0 | BW148: =BU148+BV148 -> 0 | BX148: =BH148+BP148+BW148 -> 0 | BY148: =SUM(BF148,BN148,BU148) -> 0 | BZ148: =BY148/BX148*100 -> #DIV/0! | CG148: =COUNTIF(CB148:CF148,"PR") -> 0 | CH148: =COUNTIF(CB148:CF148,"AB") -> 0 | CI148: =CG148+CH148 -> 0 | CN148: =COUNTIF(CJ148:CM148,"PR") -> 0 | CO148: =COUNTIF(CJ148:CM148,"AB") -> 0 | CP148: =CN148+CO148 -> 0 | CU148: =COUNTIF(CQ148:CT148,"PR") -> 0 | CV148: =COUNTIF(CQ148:CT148,"AB") -> 0 | CW148: =CU148+CV148 -> 0 | CX148: =CG148+CN148+CU148 -> 0 | CY148: =SUM(CE148,#REF!,CS148) -> #REF! | CZ148: =CY148/CX148*100 -> #REF!
H149: =COUNTIF(C149:G149,"PR") -> 0 | I149: =COUNTIF(C149:G149,"AB") -> 0 | J149: =H149+I149 -> 0 | O149: =COUNTIF(K149:N149,"PR") -> 0 | P149: =COUNTIF(K149:N149,"AB") -> 0 | Q149: =O149+P149 -> 0 | V149: =COUNTIF(R149:U149,"PR") -> 0 | W149: =COUNTIF(R149:U149,"AB") -> 0 | X149: =V149+W149 -> 0 | Y149: =J149+Q149+X149 -> 0 | Z149: =SUM(H149,O149,V149) -> 0 | AA149: =Z149/Y149*100 -> #DIV/0! | AG149: =COUNTIF(AC149:AF149,"PR") -> 0 | AH149: =COUNTIF(AC149:AF149,"AB") -> 0 | AI149: =AG149+AH149 -> 0 | AO149: =COUNTIF(AJ149:AN149,"PR") -> 0 | AP149: =COUNTIF(AJ149:AN149,"AB") -> 0 | AQ149: =AO149+AP149 -> 0 | AV149: =COUNTIF(AR149:AU149,"PR") -> 0 | AW149: =COUNTIF(AR149:AU149,"AB") -> 0 | AX149: =AV149+AW149 -> 0 | AY149: =AI149+AQ149+AX149 -> 0 | AZ149: =SUM(AG149,AO149,AV149) -> 0 | BA149: =AZ149/AY149*100 -> #DIV/0! | BF149: =COUNTIF(BB149:BE149,"PR") -> 0 | BG149: =COUNTIF(BB149:BE149,"AB") -> 0 | BH149: =BF149+BG149 -> 0 | BN149: =COUNTIF(BI149:BM149,"PR") -> 0 | BO149: =COUNTIF(BI149:BM149,"AB") -> 0 | BP149: =BN149+BO149 -> 0 | BU149: =COUNTIF(BQ149:BT149,"PR") -> 0 | BV149: =COUNTIF(BQ149:BT149,"AB") -> 0 | BW149: =BU149+BV149 -> 0 | BX149: =BH149+BP149+BW149 -> 0 | BY149: =SUM(BF149,BN149,BU149) -> 0 | BZ149: =BY149/BX149*100 -> #DIV/0! | CG149: =COUNTIF(CB149:CF149,"PR") -> 0 | CH149: =COUNTIF(CB149:CF149,"AB") -> 0 | CI149: =CG149+CH149 -> 0 | CN149: =COUNTIF(CJ149:CM149,"PR") -> 0 | CO149: =COUNTIF(CJ149:CM149,"AB") -> 0 | CP149: =CN149+CO149 -> 0 | CU149: =COUNTIF(CQ149:CT149,"PR") -> 0 | CV149: =COUNTIF(CQ149:CT149,"AB") -> 0 | CW149: =CU149+CV149 -> 0 | CX149: =CG149+CN149+CU149 -> 0 | CY149: =SUM(CE149,#REF!,CS149) -> #REF! | CZ149: =CY149/CX149*100 -> #REF!
H150: =COUNTIF(C150:G150,"PR") -> 0 | I150: =COUNTIF(C150:G150,"AB") -> 0 | J150: =H150+I150 -> 0 | O150: =COUNTIF(K150:N150,"PR") -> 0 | P150: =COUNTIF(K150:N150,"AB") -> 0 | Q150: =O150+P150 -> 0 | V150: =COUNTIF(R150:U150,"PR") -> 0 | W150: =COUNTIF(R150:U150,"AB") -> 0 | X150: =V150+W150 -> 0 | Y150: =J150+Q150+X150 -> 0 | Z150: =SUM(H150,O150,V150) -> 0 | AA150: =Z150/Y150*100 -> #DIV/0! | AG150: =COUNTIF(AC150:AF150,"PR") -> 0 | AH150: =COUNTIF(AC150:AF150,"AB") -> 0 | AI150: =AG150+AH150 -> 0 | AO150: =COUNTIF(AJ150:AN150,"PR") -> 0 | AP150: =COUNTIF(AJ150:AN150,"AB") -> 0 | AQ150: =AO150+AP150 -> 0 | AV150: =COUNTIF(AR150:AU150,"PR") -> 0 | AW150: =COUNTIF(AR150:AU150,"AB") -> 0 | AX150: =AV150+AW150 -> 0 | AY150: =AI150+AQ150+AX150 -> 0 | AZ150: =SUM(AG150,AO150,AV150) -> 0 | BA150: =AZ150/AY150*100 -> #DIV/0! | BF150: =COUNTIF(BB150:BE150,"PR") -> 0 | BG150: =COUNTIF(BB150:BE150,"AB") -> 0 | BH150: =BF150+BG150 -> 0 | BN150: =COUNTIF(BI150:BM150,"PR") -> 0 | BO150: =COUNTIF(BI150:BM150,"AB") -> 0 | BP150: =BN150+BO150 -> 0 | BU150: =COUNTIF(BQ150:BT150,"PR") -> 0 | BV150: =COUNTIF(BQ150:BT150,"AB") -> 0 | BW150: =BU150+BV150 -> 0 | BX150: =BH150+BP150+BW150 -> 0 | BY150: =SUM(BF150,BN150,BU150) -> 0 | BZ150: =BY150/BX150*100 -> #DIV/0! | CG150: =COUNTIF(CB150:CF150,"PR") -> 0 | CH150: =COUNTIF(CB150:CF150,"AB") -> 0 | CI150: =CG150+CH150 -> 0 | CN150: =COUNTIF(CJ150:CM150,"PR") -> 0 | CO150: =COUNTIF(CJ150:CM150,"AB") -> 0 | CP150: =CN150+CO150 -> 0 | CU150: =COUNTIF(CQ150:CT150,"PR") -> 0 | CV150: =COUNTIF(CQ150:CT150,"AB") -> 0 | CW150: =CU150+CV150 -> 0 | CX150: =CG150+CN150+CU150 -> 0 | CY150: =SUM(CE150,#REF!,CS150) -> #REF! | CZ150: =CY150/CX150*100 -> #REF!
... H239: =COUNTIF(C239:G239,"PR") -> 0 | I239: =COUNTIF(C239:G239,"AB") -> 0 | J239: =H239+I239 -> 0 | O239: =COUNTIF(K239:N239,"PR") -> 0 | P239: =COUNTIF(K239:N239,"AB") -> 0 | Q239: =O239+P239 -> 0 | V239: =COUNTIF(R239:U239,"PR") -> 0 | W239: =COUNTIF(R239:U239,"AB") -> 0 | X239: =V239+W239 -> 0 | Y239: =J239+Q239+X239 -> 0 | Z239: =SUM(H239,O239,V239) -> 0 | AA239: =Z239/Y239*100 -> #DIV/0! | AG239: =COUNTIF(AC239:AF239,"PR") -> 0 | AH239: =COUNTIF(AC239:AF239,"AB") -> 0 | AI239: =AG239+AH239 -> 0 | AO239: =COUNTIF(AJ239:AN239,"PR") -> 0 | AP239: =COUNTIF(AJ239:AN239,"AB") -> 0 | AQ239: =AO239+AP239 -> 0 | AV239: =COUNTIF(AR239:AU239,"PR") -> 0 | AW239: =COUNTIF(AR239:AU239,"AB") -> 0 | AX239: =AV239+AW239 -> 0 | AY239: =AI239+AQ239+AX239 -> 0 | AZ239: =SUM(AG239,AO239,AV239) -> 0 | BA239: =AZ239/AY239*100 -> #DIV/0! | BF239: =COUNTIF(BB239:BE239,"PR") -> 0 | BG239: =COUNTIF(BB239:BE239,"AB") -> 0 | BH239: =BF239+BG239 -> 0 | BN239: =COUNTIF(BI239:BM239,"PR") -> 0 | BO239: =COUNTIF(BI239:BM239,"AB") -> 0 | BP239: =BN239+BO239 -> 0 | BU239: =COUNTIF(BQ239:BT239,"PR") -> 0 | BV239: =COUNTIF(BQ239:BT239,"AB") -> 0 | BW239: =BU239+BV239 -> 0 | BX239: =BH239+BP239+BW239 -> 0 | BY239: =SUM(BF239,BN239,BU239) -> 0 | BZ239: =BY239/BX239*100 -> #DIV/0! | CG239: =COUNTIF(CB239:CF239,"PR") -> 0 | CH239: =COUNTIF(CB239:CF239,"AB") -> 0 | CI239: =CG239+CH239 -> 0 | CN239: =COUNTIF(CJ239:CM239,"PR") -> 0 | CO239: =COUNTIF(CJ239:CM239,"AB") -> 0 | CP239: =CN239+CO239 -> 0 | CU239: =COUNTIF(CQ239:CT239,"PR") -> 0 | CV239: =COUNTIF(CQ239:CT239,"AB") -> 0 | CW239: =CU239+CV239 -> 0 | CX239: =CG239+CN239+CU239 -> 0 | CY239: =SUM(CE239,#REF!,CS239) -> #REF! | CZ239: =CY239/CX239*100 -> #REF!
H240: =SUM(H139:H239) -> 0 | J240: =SUM(J139:J239) -> 0 | O240: =SUM(O139:O239) -> 0 | Q240: =SUM(Q139:Q239) -> 0 | V240: =SUM(V139:V239) -> 0 | X240: =SUM(X139:X239) -> 0 | Y240: =SUM(Y224:Y239) -> 0 | AG240: =SUM(AG139:AG239) -> 0 | AI240: =SUM(AI139:AI239) -> 0 | AO240: =SUM(AO139:AO239) -> 0 | AQ240: =SUM(AQ139:AQ239) -> 0 | AV240: =SUM(AV139:AV239) -> 0 | AX240: =SUM(AX139:AX239) -> 0 | AY240: =SUM(AY224:AY239) -> 0 | BF240: =SUM(BF139:BF239) -> 0 | BH240: =SUM(BH139:BH239) -> 0 | BN240: =SUM(BN139:BN239) -> 0 | BP240: =SUM(BP139:BP239) -> 0 | BU240: =SUM(BU139:BU239) -> 0 | BW240: =SUM(BW139:BW239) -> 0 | BX240: =SUM(BX224:BX239) -> 0 | CG240: =SUM(CG139:CG239) -> 0 | CI240: =SUM(CI139:CI239) -> 0 | CN240: =SUM(CN139:CN239) -> 0 | CP240: =SUM(CP139:CP239) -> 0 | CU240: =SUM(CU139:CU239) -> 0 | CW240: =SUM(CW139:CW239) -> 0 | CX240: =SUM(CX224:CX239) -> 0
A241: First timers
H242: =COUNTIF(C242:G242,"PR") -> 0 | I242: =COUNTIF(C242:G242,"AB") -> 0 | J242: =H242+I242 -> 0 | O242: =COUNTIF(K242:N242,"PR") -> 0 | P242: =COUNTIF(K242:N242,"AB") -> 0 | Q242: =O242+P242 -> 0 | V242: =COUNTIF(R242:U242,"PR") -> 0 | W242: =COUNTIF(R242:U242,"AB") -> 0 | X242: =V242+W242 -> 0 | Y242: =J242+Q242+X242 -> 0 | Z242: =SUM(H242,O242,V242) -> 0 | AA242: =Z242/Y242*100 -> #DIV/0! | AG242: =COUNTIF(AC242:AF242,"PR") -> 0 | AH242: =COUNTIF(AC242:AF242,"AB") -> 0 | AI242: =AG242+AH242 -> 0 | AO242: =COUNTIF(AJ242:AN242,"PR") -> 0 | AP242: =COUNTIF(AJ242:AN242,"AB") -> 0 | AQ242: =AO242+AP242 -> 0 | AV242: =COUNTIF(AR242:AU242,"PR") -> 0 | AW242: =COUNTIF(AR242:AU242,"AB") -> 0 | AX242: =AV242+AW242 -> 0 | AY242: =AI242+AQ242+AX242 -> 0 | AZ242: =SUM(AG242,AO242,AV242) -> 0 | BA242: =AZ242/AY242*100 -> #DIV/0! | BF242: =COUNTIF(BB242:BE242,"PR") -> 0 | BG242: =COUNTIF(BB242:BE242,"AB") -> 0 | BH242: =BF242+BG242 -> 0 | BN242: =COUNTIF(BI242:BM242,"PR") -> 0 | BO242: =COUNTIF(BI242:BM242,"AB") -> 0 | BP242: =BN242+BO242 -> 0 | BU242: =COUNTIF(BQ242:BT242,"PR") -> 0 | BV242: =COUNTIF(BQ242:BT242,"AB") -> 0 | BW242: =BU242+BV242 -> 0 | BX242: =BH242+BP242+BW242 -> 0 | BY242: =SUM(BF242,BN242,BU242) -> 0 | BZ242: =BY242/BX242*100 -> #DIV/0! | CG242: =COUNTIF(CB242:CF242,"PR") -> 0 | CH242: =COUNTIF(CB242:CF242,"AB") -> 0 | CI242: =CG242+CH242 -> 0 | CN242: =COUNTIF(CJ242:CM242,"PR") -> 0 | CO242: =COUNTIF(CJ242:CM242,"AB") -> 0 | CP242: =CN242+CO242 -> 0 | CU242: =COUNTIF(CQ242:CT242,"PR") -> 0 | CV242: =COUNTIF(CQ242:CT242,"AB") -> 0 | CW242: =CU242+CV242 -> 0 | CX242: =CG242+CN242+CU242 -> 0 | CY242: =SUM(CE242,#REF!,CS242) -> #REF! | CZ242: =CY242/CX242*100 -> #REF!
H243: =COUNTIF(C243:G243,"PR") -> 0 | I243: =COUNTIF(C243:G243,"AB") -> 0 | J243: =H243+I243 -> 0 | O243: =COUNTIF(K243:N243,"PR") -> 0 | P243: =COUNTIF(K243:N243,"AB") -> 0 | Q243: =O243+P243 -> 0 | V243: =COUNTIF(R243:U243,"PR") -> 0 | W243: =COUNTIF(R243:U243,"AB") -> 0 | X243: =V243+W243 -> 0 | Y243: =J243+Q243+X243 -> 0 | Z243: =SUM(H243,O243,V243) -> 0 | AA243: =Z243/Y243*100 -> #DIV/0! | AG243: =COUNTIF(AC243:AF243,"PR") -> 0 | AH243: =COUNTIF(AC243:AF243,"AB") -> 0 | AI243: =AG243+AH243 -> 0 | AO243: =COUNTIF(AJ243:AN243,"PR") -> 0 | AP243: =COUNTIF(AJ243:AN243,"AB") -> 0 | AQ243: =AO243+AP243 -> 0 | AV243: =COUNTIF(AR243:AU243,"PR") -> 0 | AW243: =COUNTIF(AR243:AU243,"AB") -> 0 | AX243: =AV243+AW243 -> 0 | AY243: =AI243+AQ243+AX243 -> 0 | AZ243: =SUM(AG243,AO243,AV243) -> 0 | BA243: =AZ243/AY243*100 -> #DIV/0! | BF243: =COUNTIF(BB243:BE243,"PR") -> 0 | BG243: =COUNTIF(BB243:BE243,"AB") -> 0 | BH243: =BF243+BG243 -> 0 | BN243: =COUNTIF(BI243:BM243,"PR") -> 0 | BO243: =COUNTIF(BI243:BM243,"AB") -> 0 | BP243: =BN243+BO243 -> 0 | BU243: =COUNTIF(BQ243:BT243,"PR") -> 0 | BV243: =COUNTIF(BQ243:BT243,"AB") -> 0 | BW243: =BU243+BV243 -> 0 | BX243: =BH243+BP243+BW243 -> 0 | BY243: =SUM(BF243,BN243,BU243) -> 0 | BZ243: =BY243/BX243*100 -> #DIV/0! | CG243: =COUNTIF(CB243:CF243,"PR") -> 0 | CH243: =COUNTIF(CB243:CF243,"AB") -> 0 | CI243: =CG243+CH243 -> 0 | CN243: =COUNTIF(CJ243:CM243,"PR") -> 0 | CO243: =COUNTIF(CJ243:CM243,"AB") -> 0 | CP243: =CN243+CO243 -> 0 | CU243: =COUNTIF(CQ243:CT243,"PR") -> 0 | CV243: =COUNTIF(CQ243:CT243,"AB") -> 0 | CW243: =CU243+CV243 -> 0 | CX243: =CG243+CN243+CU243 -> 0 | CY243: =SUM(CE243,#REF!,CS243) -> #REF! | CZ243: =CY243/CX243*100 -> #REF!
H244: =COUNTIF(C244:G244,"PR") -> 0 | I244: =COUNTIF(C244:G244,"AB") -> 0 | J244: =H244+I244 -> 0 | O244: =COUNTIF(K244:N244,"PR") -> 0 | P244: =COUNTIF(K244:N244,"AB") -> 0 | Q244: =O244+P244 -> 0 | V244: =COUNTIF(R244:U244,"PR") -> 0 | W244: =COUNTIF(R244:U244,"AB") -> 0 | X244: =V244+W244 -> 0 | Y244: =J244+Q244+X244 -> 0 | Z244: =SUM(H244,O244,V244) -> 0 | AA244: =Z244/Y244*100 -> #DIV/0! | AG244: =COUNTIF(AC244:AF244,"PR") -> 0 | AH244: =COUNTIF(AC244:AF244,"AB") -> 0 | AI244: =AG244+AH244 -> 0 | AO244: =COUNTIF(AJ244:AN244,"PR") -> 0 | AP244: =COUNTIF(AJ244:AN244,"AB") -> 0 | AQ244: =AO244+AP244 -> 0 | AV244: =COUNTIF(AR244:AU244,"PR") -> 0 | AW244: =COUNTIF(AR244:AU244,"AB") -> 0 | AX244: =AV244+AW244 -> 0 | AY244: =AI244+AQ244+AX244 -> 0 | AZ244: =SUM(AG244,AO244,AV244) -> 0 | BA244: =AZ244/AY244*100 -> #DIV/0! | BF244: =COUNTIF(BB244:BE244,"PR") -> 0 | BG244: =COUNTIF(BB244:BE244,"AB") -> 0 | BH244: =BF244+BG244 -> 0 | BN244: =COUNTIF(BI244:BM244,"PR") -> 0 | BO244: =COUNTIF(BI244:BM244,"AB") -> 0 | BP244: =BN244+BO244 -> 0 | BU244: =COUNTIF(BQ244:BT244,"PR") -> 0 | BV244: =COUNTIF(BQ244:BT244,"AB") -> 0 | BW244: =BU244+BV244 -> 0 | BX244: =BH244+BP244+BW244 -> 0 | BY244: =SUM(BF244,BN244,BU244) -> 0 | BZ244: =BY244/BX244*100 -> #DIV/0! | CG244: =COUNTIF(CB244:CF244,"PR") -> 0 | CH244: =COUNTIF(CB244:CF244,"AB") -> 0 | CI244: =CG244+CH244 -> 0 | CN244: =COUNTIF(CJ244:CM244,"PR") -> 0 | CO244: =COUNTIF(CJ244:CM244,"AB") -> 0 | CP244: =CN244+CO244 -> 0 | CU244: =COUNTIF(CQ244:CT244,"PR") -> 0 | CV244: =COUNTIF(CQ244:CT244,"AB") -> 0 | CW244: =CU244+CV244 -> 0 | CX244: =CG244+CN244+CU244 -> 0 | CY244: =SUM(CE244,#REF!,CS244) -> #REF! | CZ244: =CY244/CX244*100 -> #REF!
H245: =COUNTIF(C245:G245,"PR") -> 0 | I245: =COUNTIF(C245:G245,"AB") -> 0 | J245: =H245+I245 -> 0 | O245: =COUNTIF(K245:N245,"PR") -> 0 | P245: =COUNTIF(K245:N245,"AB") -> 0 | Q245: =O245+P245 -> 0 | V245: =COUNTIF(R245:U245,"PR") -> 0 | W245: =COUNTIF(R245:U245,"AB") -> 0 | X245: =V245+W245 -> 0 | Y245: =J245+Q245+X245 -> 0 | Z245: =SUM(H245,O245,V245) -> 0 | AA245: =Z245/Y245*100 -> #DIV/0! | AG245: =COUNTIF(AC245:AF245,"PR") -> 0 | AH245: =COUNTIF(AC245:AF245,"AB") -> 0 | AI245: =AG245+AH245 -> 0 | AO245: =COUNTIF(AJ245:AN245,"PR") -> 0 | AP245: =COUNTIF(AJ245:AN245,"AB") -> 0 | AQ245: =AO245+AP245 -> 0 | AV245: =COUNTIF(AR245:AU245,"PR") -> 0 | AW245: =COUNTIF(AR245:AU245,"AB") -> 0 | AX245: =AV245+AW245 -> 0 | AY245: =AI245+AQ245+AX245 -> 0 | AZ245: =SUM(AG245,AO245,AV245) -> 0 | BA245: =AZ245/AY245*100 -> #DIV/0! | BF245: =COUNTIF(BB245:BE245,"PR") -> 0 | BG245: =COUNTIF(BB245:BE245,"AB") -> 0 | BH245: =BF245+BG245 -> 0 | BN245: =COUNTIF(BI245:BM245,"PR") -> 0 | BO245: =COUNTIF(BI245:BM245,"AB") -> 0 | BP245: =BN245+BO245 -> 0 | BU245: =COUNTIF(BQ245:BT245,"PR") -> 0 | BV245: =COUNTIF(BQ245:BT245,"AB") -> 0 | BW245: =BU245+BV245 -> 0 | BX245: =BH245+BP245+BW245 -> 0 | BY245: =SUM(BF245,BN245,BU245) -> 0 | BZ245: =BY245/BX245*100 -> #DIV/0! | CG245: =COUNTIF(CB245:CF245,"PR") -> 0 | CH245: =COUNTIF(CB245:CF245,"AB") -> 0 | CI245: =CG245+CH245 -> 0 | CN245: =COUNTIF(CJ245:CM245,"PR") -> 0 | CO245: =COUNTIF(CJ245:CM245,"AB") -> 0 | CP245: =CN245+CO245 -> 0 | CU245: =COUNTIF(CQ245:CT245,"PR") -> 0 | CV245: =COUNTIF(CQ245:CT245,"AB") -> 0 | CW245: =CU245+CV245 -> 0 | CX245: =CG245+CN245+CU245 -> 0 | CY245: =SUM(CE245,#REF!,CS245) -> #REF! | CZ245: =CY245/CX245*100 -> #REF!
H246: =COUNTIF(C246:G246,"PR") -> 0 | I246: =COUNTIF(C246:G246,"AB") -> 0 | J246: =H246+I246 -> 0 | O246: =COUNTIF(K246:N246,"PR") -> 0 | P246: =COUNTIF(K246:N246,"AB") -> 0 | Q246: =O246+P246 -> 0 | V246: =COUNTIF(R246:U246,"PR") -> 0 | W246: =COUNTIF(R246:U246,"AB") -> 0 | X246: =V246+W246 -> 0 | Y246: =J246+Q246+X246 -> 0 | Z246: =SUM(H246,O246,V246) -> 0 | AA246: =Z246/Y246*100 -> #DIV/0! | AG246: =COUNTIF(AC246:AF246,"PR") -> 0 | AH246: =COUNTIF(AC246:AF246,"AB") -> 0 | AI246: =AG246+AH246 -> 0 | AO246: =COUNTIF(AJ246:AN246,"PR") -> 0 | AP246: =COUNTIF(AJ246:AN246,"AB") -> 0 | AQ246: =AO246+AP246 -> 0 | AV246: =COUNTIF(AR246:AU246,"PR") -> 0 | AW246: =COUNTIF(AR246:AU246,"AB") -> 0 | AX246: =AV246+AW246 -> 0 | AY246: =AI246+AQ246+AX246 -> 0 | AZ246: =SUM(AG246,AO246,AV246) -> 0 | BA246: =AZ246/AY246*100 -> #DIV/0! | BF246: =COUNTIF(BB246:BE246,"PR") -> 0 | BG246: =COUNTIF(BB246:BE246,"AB") -> 0 | BH246: =BF246+BG246 -> 0 | BN246: =COUNTIF(BI246:BM246,"PR") -> 0 | BO246: =COUNTIF(BI246:BM246,"AB") -> 0 | BP246: =BN246+BO246 -> 0 | BU246: =COUNTIF(BQ246:BT246,"PR") -> 0 | BV246: =COUNTIF(BQ246:BT246,"AB") -> 0 | BW246: =BU246+BV246 -> 0 | BX246: =BH246+BP246+BW246 -> 0 | BY246: =SUM(BF246,BN246,BU246) -> 0 | BZ246: =BY246/BX246*100 -> #DIV/0! | CG246: =COUNTIF(CB246:CF246,"PR") -> 0 | CH246: =COUNTIF(CB246:CF246,"AB") -> 0 | CI246: =CG246+CH246 -> 0 | CN246: =COUNTIF(CJ246:CM246,"PR") -> 0 | CO246: =COUNTIF(CJ246:CM246,"AB") -> 0 | CP246: =CN246+CO246 -> 0 | CU246: =COUNTIF(CQ246:CT246,"PR") -> 0 | CV246: =COUNTIF(CQ246:CT246,"AB") -> 0 | CW246: =CU246+CV246 -> 0 | CX246: =CG246+CN246+CU246 -> 0 | CY246: =SUM(CE246,#REF!,CS246) -> #REF! | CZ246: =CY246/CX246*100 -> #REF!
H247: =COUNTIF(C247:G247,"PR") -> 0 | I247: =COUNTIF(C247:G247,"AB") -> 0 | J247: =H247+I247 -> 0 | O247: =COUNTIF(K247:N247,"PR") -> 0 | P247: =COUNTIF(K247:N247,"AB") -> 0 | Q247: =O247+P247 -> 0 | V247: =COUNTIF(R247:U247,"PR") -> 0 | W247: =COUNTIF(R247:U247,"AB") -> 0 | X247: =V247+W247 -> 0 | Y247: =J247+Q247+X247 -> 0 | Z247: =SUM(H247,O247,V247) -> 0 | AA247: =Z247/Y247*100 -> #DIV/0! | AG247: =COUNTIF(AC247:AF247,"PR") -> 0 | AH247: =COUNTIF(AC247:AF247,"AB") -> 0 | AI247: =AG247+AH247 -> 0 | AO247: =COUNTIF(AJ247:AN247,"PR") -> 0 | AP247: =COUNTIF(AJ247:AN247,"AB") -> 0 | AQ247: =AO247+AP247 -> 0 | AV247: =COUNTIF(AR247:AU247,"PR") -> 0 | AW247: =COUNTIF(AR247:AU247,"AB") -> 0 | AX247: =AV247+AW247 -> 0 | AY247: =AI247+AQ247+AX247 -> 0 | AZ247: =SUM(AG247,AO247,AV247) -> 0 | BA247: =AZ247/AY247*100 -> #DIV/0! | BF247: =COUNTIF(BB247:BE247,"PR") -> 0 | BG247: =COUNTIF(BB247:BE247,"AB") -> 0 | BH247: =BF247+BG247 -> 0 | BN247: =COUNTIF(BI247:BM247,"PR") -> 0 | BO247: =COUNTIF(BI247:BM247,"AB") -> 0 | BP247: =BN247+BO247 -> 0 | BU247: =COUNTIF(BQ247:BT247,"PR") -> 0 | BV247: =COUNTIF(BQ247:BT247,"AB") -> 0 | BW247: =BU247+BV247 -> 0 | BX247: =BH247+BP247+BW247 -> 0 | BY247: =SUM(BF247,BN247,BU247) -> 0 | BZ247: =BY247/BX247*100 -> #DIV/0! | CG247: =COUNTIF(CB247:CF247,"PR") -> 0 | CH247: =COUNTIF(CB247:CF247,"AB") -> 0 | CI247: =CG247+CH247 -> 0 | CN247: =COUNTIF(CJ247:CM247,"PR") -> 0 | CO247: =COUNTIF(CJ247:CM247,"AB") -> 0 | CP247: =CN247+CO247 -> 0 | CU247: =COUNTIF(CQ247:CT247,"PR") -> 0 | CV247: =COUNTIF(CQ247:CT247,"AB") -> 0 | CW247: =CU247+CV247 -> 0 | CX247: =CG247+CN247+CU247 -> 0 | CY247: =SUM(CE247,#REF!,CS247) -> #REF! | CZ247: =CY247/CX247*100 -> #REF!
H248: =COUNTIF(C248:G248,"PR") -> 0 | I248: =COUNTIF(C248:G248,"AB") -> 0 | J248: =H248+I248 -> 0 | O248: =COUNTIF(K248:N248,"PR") -> 0 | P248: =COUNTIF(K248:N248,"AB") -> 0 | Q248: =O248+P248 -> 0 | V248: =COUNTIF(R248:U248,"PR") -> 0 | W248: =COUNTIF(R248:U248,"AB") -> 0 | X248: =V248+W248 -> 0 | Y248: =J248+Q248+X248 -> 0 | Z248: =SUM(H248,O248,V248) -> 0 | AA248: =Z248/Y248*100 -> #DIV/0! | AG248: =COUNTIF(AC248:AF248,"PR") -> 0 | AH248: =COUNTIF(AC248:AF248,"AB") -> 0 | AI248: =AG248+AH248 -> 0 | AO248: =COUNTIF(AJ248:AN248,"PR") -> 0 | AP248: =COUNTIF(AJ248:AN248,"AB") -> 0 | AQ248: =AO248+AP248 -> 0 | AV248: =COUNTIF(AR248:AU248,"PR") -> 0 | AW248: =COUNTIF(AR248:AU248,"AB") -> 0 | AX248: =AV248+AW248 -> 0 | AY248: =AI248+AQ248+AX248 -> 0 | AZ248: =SUM(AG248,AO248,AV248) -> 0 | BA248: =AZ248/AY248*100 -> #DIV/0! | BF248: =COUNTIF(BB248:BE248,"PR") -> 0 | BG248: =COUNTIF(BB248:BE248,"AB") -> 0 | BH248: =BF248+BG248 -> 0 | BN248: =COUNTIF(BI248:BM248,"PR") -> 0 | BO248: =COUNTIF(BI248:BM248,"AB") -> 0 | BP248: =BN248+BO248 -> 0 | BU248: =COUNTIF(BQ248:BT248,"PR") -> 0 | BV248: =COUNTIF(BQ248:BT248,"AB") -> 0 | BW248: =BU248+BV248 -> 0 | BX248: =BH248+BP248+BW248 -> 0 | BY248: =SUM(BF248,BN248,BU248) -> 0 | BZ248: =BY248/BX248*100 -> #DIV/0! | CG248: =COUNTIF(CB248:CF248,"PR") -> 0 | CH248: =COUNTIF(CB248:CF248,"AB") -> 0 | CI248: =CG248+CH248 -> 0 | CN248: =COUNTIF(CJ248:CM248,"PR") -> 0 | CO248: =COUNTIF(CJ248:CM248,"AB") -> 0 | CP248: =CN248+CO248 -> 0 | CU248: =COUNTIF(CQ248:CT248,"PR") -> 0 | CV248: =COUNTIF(CQ248:CT248,"AB") -> 0 | CW248: =CU248+CV248 -> 0 | CX248: =CG248+CN248+CU248 -> 0 | CY248: =SUM(CE248,#REF!,CS248) -> #REF! | CZ248: =CY248/CX248*100 -> #REF!
H249: =COUNTIF(C249:G249,"PR") -> 0 | I249: =COUNTIF(C249:G249,"AB") -> 0 | J249: =H249+I249 -> 0 | O249: =COUNTIF(K249:N249,"PR") -> 0 | P249: =COUNTIF(K249:N249,"AB") -> 0 | Q249: =O249+P249 -> 0 | V249: =COUNTIF(R249:U249,"PR") -> 0 | W249: =COUNTIF(R249:U249,"AB") -> 0 | X249: =V249+W249 -> 0 | Y249: =J249+Q249+X249 -> 0 | Z249: =SUM(H249,O249,V249) -> 0 | AA249: =Z249/Y249*100 -> #DIV/0! | AG249: =COUNTIF(AC249:AF249,"PR") -> 0 | AH249: =COUNTIF(AC249:AF249,"AB") -> 0 | AI249: =AG249+AH249 -> 0 | AO249: =COUNTIF(AJ249:AN249,"PR") -> 0 | AP249: =COUNTIF(AJ249:AN249,"AB") -> 0 | AQ249: =AO249+AP249 -> 0 | AV249: =COUNTIF(AR249:AU249,"PR") -> 0 | AW249: =COUNTIF(AR249:AU249,"AB") -> 0 | AX249: =AV249+AW249 -> 0 | AY249: =AI249+AQ249+AX249 -> 0 | AZ249: =SUM(AG249,AO249,AV249) -> 0 | BA249: =AZ249/AY249*100 -> #DIV/0! | BF249: =COUNTIF(BB249:BE249,"PR") -> 0 | BG249: =COUNTIF(BB249:BE249,"AB") -> 0 | BH249: =BF249+BG249 -> 0 | BN249: =COUNTIF(BI249:BM249,"PR") -> 0 | BO249: =COUNTIF(BI249:BM249,"AB") -> 0 | BP249: =BN249+BO249 -> 0 | BU249: =COUNTIF(BQ249:BT249,"PR") -> 0 | BV249: =COUNTIF(BQ249:BT249,"AB") -> 0 | BW249: =BU249+BV249 -> 0 | BX249: =BH249+BP249+BW249 -> 0 | BY249: =SUM(BF249,BN249,BU249) -> 0 | BZ249: =BY249/BX249*100 -> #DIV/0! | CG249: =COUNTIF(CB249:CF249,"PR") -> 0 | CH249: =COUNTIF(CB249:CF249,"AB") -> 0 | CI249: =CG249+CH249 -> 0 | CN249: =COUNTIF(CJ249:CM249,"PR") -> 0 | CO249: =COUNTIF(CJ249:CM249,"AB") -> 0 | CP249: =CN249+CO249 -> 0 | CU249: =COUNTIF(CQ249:CT249,"PR") -> 0 | CV249: =COUNTIF(CQ249:CT249,"AB") -> 0 | CW249: =CU249+CV249 -> 0 | CX249: =CG249+CN249+CU249 -> 0 | CY249: =SUM(CE249,#REF!,CS249) -> #REF! | CZ249: =CY249/CX249*100 -> #REF!
H250: =COUNTIF(C250:G250,"PR") -> 0 | I250: =COUNTIF(C250:G250,"AB") -> 0 | J250: =H250+I250 -> 0 | O250: =COUNTIF(K250:N250,"PR") -> 0 | P250: =COUNTIF(K250:N250,"AB") -> 0 | Q250: =O250+P250 -> 0 | V250: =COUNTIF(R250:U250,"PR") -> 0 | W250: =COUNTIF(R250:U250,"AB") -> 0 | X250: =V250+W250 -> 0 | Y250: =J250+Q250+X250 -> 0 | Z250: =SUM(H250,O250,V250) -> 0 | AA250: =Z250/Y250*100 -> #DIV/0! | AG250: =COUNTIF(AC250:AF250,"PR") -> 0 | AH250: =COUNTIF(AC250:AF250,"AB") -> 0 | AI250: =AG250+AH250 -> 0 | AO250: =COUNTIF(AJ250:AN250,"PR") -> 0 | AP250: =COUNTIF(AJ250:AN250,"AB") -> 0 | AQ250: =AO250+AP250 -> 0 | AV250: =COUNTIF(AR250:AU250,"PR") -> 0 | AW250: =COUNTIF(AR250:AU250,"AB") -> 0 | AX250: =AV250+AW250 -> 0 | AY250: =AI250+AQ250+AX250 -> 0 | AZ250: =SUM(AG250,AO250,AV250) -> 0 | BA250: =AZ250/AY250*100 -> #DIV/0! | BF250: =COUNTIF(BB250:BE250,"PR") -> 0 | BG250: =COUNTIF(BB250:BE250,"AB") -> 0 | BH250: =BF250+BG250 -> 0 | BN250: =COUNTIF(BI250:BM250,"PR") -> 0 | BO250: =COUNTIF(BI250:BM250,"AB") -> 0 | BP250: =BN250+BO250 -> 0 | BU250: =COUNTIF(BQ250:BT250,"PR") -> 0 | BV250: =COUNTIF(BQ250:BT250,"AB") -> 0 | BW250: =BU250+BV250 -> 0 | BX250: =BH250+BP250+BW250 -> 0 | BY250: =SUM(BF250,BN250,BU250) -> 0 | BZ250: =BY250/BX250*100 -> #DIV/0! | CG250: =COUNTIF(CB250:CF250,"PR") -> 0 | CH250: =COUNTIF(CB250:CF250,"AB") -> 0 | CI250: =CG250+CH250 -> 0 | CN250: =COUNTIF(CJ250:CM250,"PR") -> 0 | CO250: =COUNTIF(CJ250:CM250,"AB") -> 0 | CP250: =CN250+CO250 -> 0 | CU250: =COUNTIF(CQ250:CT250,"PR") -> 0 | CV250: =COUNTIF(CQ250:CT250,"AB") -> 0 | CW250: =CU250+CV250 -> 0 | CX250: =CG250+CN250+CU250 -> 0 | CY250: =SUM(CE250,#REF!,CS250) -> #REF! | CZ250: =CY250/CX250*100 -> #REF!
H251: =COUNTIF(C251:G251,"PR") -> 0 | I251: =COUNTIF(C251:G251,"AB") -> 0 | J251: =H251+I251 -> 0 | O251: =COUNTIF(K251:N251,"PR") -> 0 | P251: =COUNTIF(K251:N251,"AB") -> 0 | Q251: =O251+P251 -> 0 | V251: =COUNTIF(R251:U251,"PR") -> 0 | W251: =COUNTIF(R251:U251,"AB") -> 0 | X251: =V251+W251 -> 0 | Y251: =J251+Q251+X251 -> 0 | Z251: =SUM(H251,O251,V251) -> 0 | AA251: =Z251/Y251*100 -> #DIV/0! | AG251: =COUNTIF(AC251:AF251,"PR") -> 0 | AH251: =COUNTIF(AC251:AF251,"AB") -> 0 | AI251: =AG251+AH251 -> 0 | AO251: =COUNTIF(AJ251:AN251,"PR") -> 0 | AP251: =COUNTIF(AJ251:AN251,"AB") -> 0 | AQ251: =AO251+AP251 -> 0 | AV251: =COUNTIF(AR251:AU251,"PR") -> 0 | AW251: =COUNTIF(AR251:AU251,"AB") -> 0 | AX251: =AV251+AW251 -> 0 | AY251: =AI251+AQ251+AX251 -> 0 | AZ251: =SUM(AG251,AO251,AV251) -> 0 | BA251: =AZ251/AY251*100 -> #DIV/0! | BF251: =COUNTIF(BB251:BE251,"PR") -> 0 | BG251: =COUNTIF(BB251:BE251,"AB") -> 0 | BH251: =BF251+BG251 -> 0 | BN251: =COUNTIF(BI251:BM251,"PR") -> 0 | BO251: =COUNTIF(BI251:BM251,"AB") -> 0 | BP251: =BN251+BO251 -> 0 | BU251: =COUNTIF(BQ251:BT251,"PR") -> 0 | BV251: =COUNTIF(BQ251:BT251,"AB") -> 0 | BW251: =BU251+BV251 -> 0 | BX251: =BH251+BP251+BW251 -> 0 | BY251: =SUM(BF251,BN251,BU251) -> 0 | BZ251: =BY251/BX251*100 -> #DIV/0! | CG251: =COUNTIF(CB251:CF251,"PR") -> 0 | CH251: =COUNTIF(CB251:CF251,"AB") -> 0 | CI251: =CG251+CH251 -> 0 | CN251: =COUNTIF(CJ251:CM251,"PR") -> 0 | CO251: =COUNTIF(CJ251:CM251,"AB") -> 0 | CP251: =CN251+CO251 -> 0 | CU251: =COUNTIF(CQ251:CT251,"PR") -> 0 | CV251: =COUNTIF(CQ251:CT251,"AB") -> 0 | CW251: =CU251+CV251 -> 0 | CX251: =CG251+CN251+CU251 -> 0 | CY251: =SUM(CE251,#REF!,CS251) -> #REF! | CZ251: =CY251/CX251*100 -> #REF!
H252: =COUNTIF(C252:G252,"PR") -> 0 | I252: =COUNTIF(C252:G252,"AB") -> 0 | J252: =H252+I252 -> 0 | O252: =COUNTIF(K252:N252,"PR") -> 0 | P252: =COUNTIF(K252:N252,"AB") -> 0 | Q252: =O252+P252 -> 0 | V252: =COUNTIF(R252:U252,"PR") -> 0 | W252: =COUNTIF(R252:U252,"AB") -> 0 | X252: =V252+W252 -> 0 | Y252: =J252+Q252+X252 -> 0 | Z252: =SUM(H252,O252,V252) -> 0 | AA252: =Z252/Y252*100 -> #DIV/0! | AG252: =COUNTIF(AC252:AF252,"PR") -> 0 | AH252: =COUNTIF(AC252:AF252,"AB") -> 0 | AI252: =AG252+AH252 -> 0 | AO252: =COUNTIF(AJ252:AN252,"PR") -> 0 | AP252: =COUNTIF(AJ252:AN252,"AB") -> 0 | AQ252: =AO252+AP252 -> 0 | AV252: =COUNTIF(AR252:AU252,"PR") -> 0 | AW252: =COUNTIF(AR252:AU252,"AB") -> 0 | AX252: =AV252+AW252 -> 0 | AY252: =AI252+AQ252+AX252 -> 0 | AZ252: =SUM(AG252,AO252,AV252) -> 0 | BA252: =AZ252/AY252*100 -> #DIV/0! | BF252: =COUNTIF(BB252:BE252,"PR") -> 0 | BG252: =COUNTIF(BB252:BE252,"AB") -> 0 | BH252: =BF252+BG252 -> 0 | BN252: =COUNTIF(BI252:BM252,"PR") -> 0 | BO252: =COUNTIF(BI252:BM252,"AB") -> 0 | BP252: =BN252+BO252 -> 0 | BU252: =COUNTIF(BQ252:BT252,"PR") -> 0 | BV252: =COUNTIF(BQ252:BT252,"AB") -> 0 | BW252: =BU252+BV252 -> 0 | BX252: =BH252+BP252+BW252 -> 0 | BY252: =SUM(BF252,BN252,BU252) -> 0 | BZ252: =BY252/BX252*100 -> #DIV/0! | CG252: =COUNTIF(CB252:CF252,"PR") -> 0 | CH252: =COUNTIF(CB252:CF252,"AB") -> 0 | CI252: =CG252+CH252 -> 0 | CN252: =COUNTIF(CJ252:CM252,"PR") -> 0 | CO252: =COUNTIF(CJ252:CM252,"AB") -> 0 | CP252: =CN252+CO252 -> 0 | CU252: =COUNTIF(CQ252:CT252,"PR") -> 0 | CV252: =COUNTIF(CQ252:CT252,"AB") -> 0 | CW252: =CU252+CV252 -> 0 | CX252: =CG252+CN252+CU252 -> 0 | CY252: =SUM(CE252,#REF!,CS252) -> #REF! | CZ252: =CY252/CX252*100 -> #REF!
H253: =COUNTIF(C253:G253,"PR") -> 0 | I253: =COUNTIF(C253:G253,"AB") -> 0 | J253: =H253+I253 -> 0 | O253: =COUNTIF(K253:N253,"PR") -> 0 | P253: =COUNTIF(K253:N253,"AB") -> 0 | Q253: =O253+P253 -> 0 | V253: =COUNTIF(R253:U253,"PR") -> 0 | W253: =COUNTIF(R253:U253,"AB") -> 0 | X253: =V253+W253 -> 0 | Y253: =J253+Q253+X253 -> 0 | Z253: =SUM(H253,O253,V253) -> 0 | AA253: =Z253/Y253*100 -> #DIV/0! | AG253: =COUNTIF(AC253:AF253,"PR") -> 0 | AH253: =COUNTIF(AC253:AF253,"AB") -> 0 | AI253: =AG253+AH253 -> 0 | AO253: =COUNTIF(AJ253:AN253,"PR") -> 0 | AP253: =COUNTIF(AJ253:AN253,"AB") -> 0 | AQ253: =AO253+AP253 -> 0 | AV253: =COUNTIF(AR253:AU253,"PR") -> 0 | AW253: =COUNTIF(AR253:AU253,"AB") -> 0 | AX253: =AV253+AW253 -> 0 | AY253: =AI253+AQ253+AX253 -> 0 | AZ253: =SUM(AG253,AO253,AV253) -> 0 | BA253: =AZ253/AY253*100 -> #DIV/0! | BF253: =COUNTIF(BB253:BE253,"PR") -> 0 | BG253: =COUNTIF(BB253:BE253,"AB") -> 0 | BH253: =BF253+BG253 -> 0 | BN253: =COUNTIF(BI253:BM253,"PR") -> 0 | BO253: =COUNTIF(BI253:BM253,"AB") -> 0 | BP253: =BN253+BO253 -> 0 | BU253: =COUNTIF(BQ253:BT253,"PR") -> 0 | BV253: =COUNTIF(BQ253:BT253,"AB") -> 0 | BW253: =BU253+BV253 -> 0 | BX253: =BH253+BP253+BW253 -> 0 | BY253: =SUM(BF253,BN253,BU253) -> 0 | BZ253: =BY253/BX253*100 -> #DIV/0! | CG253: =COUNTIF(CB253:CF253,"PR") -> 0 | CH253: =COUNTIF(CB253:CF253,"AB") -> 0 | CI253: =CG253+CH253 -> 0 | CN253: =COUNTIF(CJ253:CM253,"PR") -> 0 | CO253: =COUNTIF(CJ253:CM253,"AB") -> 0 | CP253: =CN253+CO253 -> 0 | CU253: =COUNTIF(CQ253:CT253,"PR") -> 0 | CV253: =COUNTIF(CQ253:CT253,"AB") -> 0 | CW253: =CU253+CV253 -> 0 | CX253: =CG253+CN253+CU253 -> 0 | CY253: =SUM(CE253,#REF!,CS253) -> #REF! | CZ253: =CY253/CX253*100 -> #REF!
... H343: =COUNTIF(C343:G343,"PR") -> 0 | I343: =COUNTIF(C343:G343,"AB") -> 0 | J343: =H343+I343 -> 0 | O343: =COUNTIF(K343:N343,"PR") -> 0 | P343: =COUNTIF(K343:N343,"AB") -> 0 | Q343: =O343+P343 -> 0 | V343: =COUNTIF(R343:U343,"PR") -> 0 | W343: =COUNTIF(R343:U343,"AB") -> 0 | X343: =V343+W343 -> 0 | Y343: =J343+Q343+X343 -> 0 | Z343: =SUM(H343,O343,V343) -> 0 | AA343: =Z343/Y343*100 -> #DIV/0! | AG343: =COUNTIF(AC343:AF343,"PR") -> 0 | AH343: =COUNTIF(AC343:AF343,"AB") -> 0 | AI343: =AG343+AH343 -> 0 | AO343: =COUNTIF(AJ343:AN343,"PR") -> 0 | AP343: =COUNTIF(AJ343:AN343,"AB") -> 0 | AQ343: =AO343+AP343 -> 0 | AV343: =COUNTIF(AR343:AU343,"PR") -> 0 | AW343: =COUNTIF(AR343:AU343,"AB") -> 0 | AX343: =AV343+AW343 -> 0 | AY343: =AI343+AQ343+AX343 -> 0 | AZ343: =SUM(AG343,AO343,AV343) -> 0 | BA343: =AZ343/AY343*100 -> #DIV/0! | BF343: =COUNTIF(BB343:BE343,"PR") -> 0 | BG343: =COUNTIF(BB343:BE343,"AB") -> 0 | BH343: =BF343+BG343 -> 0 | BN343: =COUNTIF(BI343:BM343,"PR") -> 0 | BO343: =COUNTIF(BI343:BM343,"AB") -> 0 | BP343: =BN343+BO343 -> 0 | BU343: =COUNTIF(BQ343:BT343,"PR") -> 0 | BV343: =COUNTIF(BQ343:BT343,"AB") -> 0 | BW343: =BU343+BV343 -> 0 | BX343: =BH343+BP343+BW343 -> 0 | BY343: =SUM(BF343,BN343,BU343) -> 0 | BZ343: =BY343/BX343*100 -> #DIV/0! | CG343: =COUNTIF(CB343:CF343,"PR") -> 0 | CH343: =COUNTIF(CB343:CF343,"AB") -> 0 | CI343: =CG343+CH343 -> 0 | CN343: =COUNTIF(CJ343:CM343,"PR") -> 0 | CO343: =COUNTIF(CJ343:CM343,"AB") -> 0 | CP343: =CN343+CO343 -> 0 | CU343: =COUNTIF(CQ343:CT343,"PR") -> 0 | CV343: =COUNTIF(CQ343:CT343,"AB") -> 0 | CW343: =CU343+CV343 -> 0 | CX343: =CG343+CN343+CU343 -> 0 | CY343: =SUM(CE343,#REF!,CS343) -> #REF! | CZ343: =CY343/CX343*100 -> #REF!
H344: =COUNTIF(C344:G344,"PR") -> 0 | I344: =COUNTIF(C344:G344,"AB") -> 0 | J344: =H344+I344 -> 0 | O344: =COUNTIF(K344:N344,"PR") -> 0 | P344: =COUNTIF(K344:N344,"AB") -> 0 | Q344: =O344+P344 -> 0 | V344: =COUNTIF(R344:U344,"PR") -> 0 | W344: =COUNTIF(R344:U344,"AB") -> 0 | X344: =V344+W344 -> 0 | Y344: =J344+Q344+X344 -> 0 | Z344: =SUM(H344,O344,V344) -> 0 | AA344: =Z344/Y344*100 -> #DIV/0! | AG344: =COUNTIF(AC344:AF344,"PR") -> 0 | AH344: =COUNTIF(AC344:AF344,"AB") -> 0 | AI344: =AG344+AH344 -> 0 | AO344: =COUNTIF(AJ344:AN344,"PR") -> 0 | AP344: =COUNTIF(AJ344:AN344,"AB") -> 0 | AQ344: =AO344+AP344 -> 0 | AV344: =COUNTIF(AR344:AU344,"PR") -> 0 | AW344: =COUNTIF(AR344:AU344,"AB") -> 0 | AX344: =AV344+AW344 -> 0 | AY344: =AI344+AQ344+AX344 -> 0 | AZ344: =SUM(AG344,AO344,AV344) -> 0 | BA344: =AZ344/AY344*100 -> #DIV/0! | BF344: =COUNTIF(BB344:BE344,"PR") -> 0 | BG344: =COUNTIF(BB344:BE344,"AB") -> 0 | BH344: =BF344+BG344 -> 0 | BN344: =COUNTIF(BI344:BM344,"PR") -> 0 | BO344: =COUNTIF(BI344:BM344,"AB") -> 0 | BP344: =BN344+BO344 -> 0 | BU344: =COUNTIF(BQ344:BT344,"PR") -> 0 | BV344: =COUNTIF(BQ344:BT344,"AB") -> 0 | BW344: =BU344+BV344 -> 0 | BX344: =BH344+BP344+BW344 -> 0 | BY344: =SUM(BF344,BN344,BU344) -> 0 | BZ344: =BY344/BX344*100 -> #DIV/0! | CG344: =COUNTIF(CB344:CF344,"PR") -> 0 | CH344: =COUNTIF(CB344:CF344,"AB") -> 0 | CI344: =CG344+CH344 -> 0 | CN344: =COUNTIF(CJ344:CM344,"PR") -> 0 | CO344: =COUNTIF(CJ344:CM344,"AB") -> 0 | CP344: =CN344+CO344 -> 0 | CU344: =COUNTIF(CQ344:CT344,"PR") -> 0 | CV344: =COUNTIF(CQ344:CT344,"AB") -> 0 | CW344: =CU344+CV344 -> 0 | CX344: =CG344+CN344+CU344 -> 0 | CY344: =SUM(CE344,#REF!,CS345) -> #REF! | CZ344: =CY344/CX344*100 -> #REF!
H345: =COUNTIF(C345:G345,"PR") -> 0 | I345: =COUNTIF(C345:G345,"AB") -> 0 | J345: =H345+I345 -> 0 | O345: =COUNTIF(K345:N345,"PR") -> 0 | P345: =COUNTIF(K345:N345,"AB") -> 0 | Q345: =O345+P345 -> 0 | V345: =COUNTIF(R345:U345,"PR") -> 0 | W345: =COUNTIF(R345:U345,"AB") -> 0 | X345: =V345+W345 -> 0 | Y345: =J345+Q345+X345 -> 0 | Z345: =SUM(H345,O345,V345) -> 0 | AA345: =Z345/Y345*100 -> #DIV/0! | AG345: =COUNTIF(AC345:AF345,"PR") -> 0 | AH345: =COUNTIF(AC345:AF345,"AB") -> 0 | AI345: =AG345+AH345 -> 0 | AO345: =COUNTIF(AJ345:AN345,"PR") -> 0 | AP345: =COUNTIF(AJ345:AN345,"AB") -> 0 | AQ345: =AO345+AP345 -> 0 | AV345: =COUNTIF(AR345:AU345,"PR") -> 0 | AW345: =COUNTIF(AR345:AU345,"AB") -> 0 | AX345: =AV345+AW345 -> 0 | AY345: =AI345+AQ345+AX345 -> 0 | AZ345: =SUM(AG345,AO345,AV345) -> 0 | BA345: =AZ345/AY345*100 -> #DIV/0! | BF345: =COUNTIF(BB345:BE345,"PR") -> 0 | BG345: =COUNTIF(BB345:BE345,"AB") -> 0 | BH345: =BF345+BG345 -> 0 | BN345: =COUNTIF(BI345:BM345,"PR") -> 0 | BO345: =COUNTIF(BI345:BM345,"AB") -> 0 | BP345: =BN345+BO345 -> 0 | BU345: =COUNTIF(BQ345:BT345,"PR") -> 0 | BV345: =COUNTIF(BQ345:BT345,"AB") -> 0 | BW345: =BU345+BV345 -> 0 | BX345: =BH345+BP345+BW345 -> 0 | BY345: =SUM(BF345,BN345,BU345) -> 0 | BZ345: =BY345/BX345*100 -> #DIV/0! | CG345: =COUNTIF(CB345:CF345,"PR") -> 0 | CH345: =COUNTIF(CB345:CF345,"AB") -> 0 | CI345: =CG345+CH345 -> 0 | CN345: =COUNTIF(CJ345:CM345,"PR") -> 0 | CO345: =COUNTIF(CJ345:CM345,"AB") -> 0 | CP345: =CN345+CO345 -> 0 | CU345: =COUNTIF(CQ345:CT345,"PR") -> 0 | CV345: =COUNTIF(CQ345:CT345,"AB") -> 0 | CW345: =CU345+CV345 -> 0 | CX345: =CG345+CN345+CU345 -> 0 | CY345: =SUM(CE345,#REF!,CS346) -> #REF! | CZ345: =CY345/CX345*100 -> #REF!
H346: =COUNTIF(C346:G346,"PR") -> 0 | I346: =COUNTIF(C346:G346,"AB") -> 0 | J346: =H346+I346 -> 0 | O346: =COUNTIF(K346:N346,"PR") -> 0 | P346: =COUNTIF(K346:N346,"AB") -> 0 | Q346: =O346+P346 -> 0 | V346: =COUNTIF(R346:U346,"PR") -> 0 | W346: =COUNTIF(R346:U346,"AB") -> 0 | X346: =V346+W346 -> 0 | Y346: =J346+Q346+X346 -> 0 | Z346: =SUM(H346,O346,V346) -> 0 | AA346: =Z346/Y346*100 -> #DIV/0! | AG346: =COUNTIF(AC346:AF346,"PR") -> 0 | AH346: =COUNTIF(AC346:AF346,"AB") -> 0 | AI346: =AG346+AH346 -> 0 | AO346: =COUNTIF(AJ346:AN346,"PR") -> 0 | AP346: =COUNTIF(AJ346:AN346,"AB") -> 0 | AQ346: =AO346+AP346 -> 0 | AV346: =COUNTIF(AR346:AU346,"PR") -> 0 | AW346: =COUNTIF(AR346:AU346,"AB") -> 0 | AX346: =AV346+AW346 -> 0 | AY346: =AI346+AQ346+AX346 -> 0 | AZ346: =SUM(AG346,AO346,AV346) -> 0 | BA346: =AZ346/AY346*100 -> #DIV/0! | BF346: =COUNTIF(BB346:BE346,"PR") -> 0 | BG346: =COUNTIF(BB346:BE346,"AB") -> 0 | BH346: =BF346+BG346 -> 0 | BN346: =COUNTIF(BI346:BM346,"PR") -> 0 | BO346: =COUNTIF(BI346:BM346,"AB") -> 0 | BP346: =BN346+BO346 -> 0 | BU346: =COUNTIF(BQ346:BT346,"PR") -> 0 | BV346: =COUNTIF(BQ346:BT346,"AB") -> 0 | BW346: =BU346+BV346 -> 0 | BX346: =BH346+BP346+BW346 -> 0 | BY346: =SUM(BF346,BN346,BU346) -> 0 | BZ346: =BY346/BX346*100 -> #DIV/0! | CG346: =COUNTIF(CB346:CF346,"PR") -> 0 | CH346: =COUNTIF(CB346:CF346,"AB") -> 0 | CI346: =CG346+CH346 -> 0 | CN346: =COUNTIF(CJ346:CM346,"PR") -> 0 | CO346: =COUNTIF(CJ346:CM346,"AB") -> 0 | CP346: =CN346+CO346 -> 0 | CU346: =COUNTIF(CQ346:CT346,"PR") -> 0 | CV346: =COUNTIF(CQ346:CT346,"AB") -> 0 | CW346: =CU346+CV346 -> 0 | CX346: =CG346+CN346+CU346 -> 0 | CY346: =SUM(CE346,#REF!,CS346) -> #REF! | CZ346: =CY346/CX346*100 -> #REF!
H347: =COUNTIF(C347:G347,"PR") -> 0 | I347: =COUNTIF(C347:G347,"AB") -> 0 | J347: =H347+I347 -> 0 | O347: =COUNTIF(K347:N347,"PR") -> 0 | P347: =COUNTIF(K347:N347,"AB") -> 0 | Q347: =O347+P347 -> 0 | V347: =COUNTIF(R347:U347,"PR") -> 0 | W347: =COUNTIF(R347:U347,"AB") -> 0 | X347: =V347+W347 -> 0 | Y347: =J347+Q347+X347 -> 0 | Z347: =SUM(H347,O347,V347) -> 0 | AA347: =Z347/Y347*100 -> #DIV/0! | AG347: =COUNTIF(AC347:AF347,"PR") -> 0 | AH347: =COUNTIF(AC347:AF347,"AB") -> 0 | AI347: =AG347+AH347 -> 0 | AO347: =COUNTIF(AJ347:AN347,"PR") -> 0 | AP347: =COUNTIF(AJ347:AN347,"AB") -> 0 | AQ347: =AO347+AP347 -> 0 | AV347: =COUNTIF(AR347:AU347,"PR") -> 0 | AW347: =COUNTIF(AR347:AU347,"AB") -> 0 | AX347: =AV347+AW347 -> 0 | AY347: =AI347+AQ347+AX347 -> 0 | AZ347: =SUM(AG347,AO347,AV347) -> 0 | BA347: =AZ347/AY347*100 -> #DIV/0! | BF347: =COUNTIF(BB347:BE347,"PR") -> 0 | BG347: =COUNTIF(BB347:BE347,"AB") -> 0 | BH347: =BF347+BG347 -> 0 | BN347: =COUNTIF(BI347:BM347,"PR") -> 0 | BO347: =COUNTIF(BI347:BM347,"AB") -> 0 | BP347: =BN347+BO347 -> 0 | BU347: =COUNTIF(BQ347:BT347,"PR") -> 0 | BV347: =COUNTIF(BQ347:BT347,"AB") -> 0 | BW347: =BU347+BV347 -> 0 | BX347: =BH347+BP347+BW347 -> 0 | BY347: =SUM(BF347,BN347,BU347) -> 0 | BZ347: =BY347/BX347*100 -> #DIV/0! | CG347: =COUNTIF(CB347:CF347,"PR") -> 0 | CH347: =COUNTIF(CB347:CF347,"AB") -> 0 | CI347: =CG347+CH347 -> 0 | CN347: =COUNTIF(CJ347:CM347,"PR") -> 0 | CO347: =COUNTIF(CJ347:CM347,"AB") -> 0 | CP347: =CN347+CO347 -> 0 | CU347: =COUNTIF(CQ347:CT347,"PR") -> 0 | CV347: =COUNTIF(CQ347:CT347,"AB") -> 0 | CW347: =CU347+CV347 -> 0 | CX347: =CG347+CN347+CU347 -> 0 | CY347: =SUM(CE347,#REF!,CS347) -> #REF! | CZ347: =CY347/CX347*100 -> #REF!
H348: =SUM(H242:H347) -> 0 | J348: =SUM(J242:J347) -> 0 | O348: =SUM(O242:O347) -> 0 | Q348: =SUM(Q242:Q347) -> 0 | V348: =SUM(V242:V347) -> 0 | AG348: =SUM(AG242:AG347) -> 0 | AO348: =SUM(AO242:AO347) -> 0 | AV348: =SUM(AV242:AV347) -> 0 | BF348: =SUM(BF242:BF347) -> 0 | BN348: =SUM(BN242:BN347) -> 0 | BU348: =SUM(BU242:BU347) -> 0 | CG348: =SUM(CG242:CG347) -> 0 | CN348: =SUM(CN242:CN347) -> 0 | CU348: =SUM(CU242:CU347) -> 0
C349: =COUNTIF(C5:C347,"PR") -> 0 | E349: =COUNTIF(E5:E347,"PR") -> 0 | F349: =COUNTIF(F5:F347,"PR") -> 0 | G349: =COUNTIF(G5:G347,"PR") -> 0 | K349: =COUNTIF(K5:K347,"PR") -> 0 | L349: =COUNTIF(L5:L347,"PR") -> 0 | M349: =COUNTIF(M5:M347,"PR") -> 0 | N349: =COUNTIF(N5:N347,"PR") -> 0 | R349: =COUNTIF(R5:R347,"PR") -> 0 | S349: =COUNTIF(S5:S347,"PR") -> 0 | T349: =COUNTIF(T5:T347,"PR") -> 0 | U349: =COUNTIF(U5:U347,"PR") -> 0 | AC349: =COUNTIF(AC5:AC347,"PR") -> 0 | AD349: =COUNTIF(AD5:AD347,"PR") -> 0 | AE349: =COUNTIF(AE5:AE347,"PR") -> 0 | AF349: =COUNTIF(AF5:AF347,"PR") -> 0 | AJ349: =COUNTIF(AJ5:AJ347,"PR") -> 0 | AK349: =COUNTIF(AK5:AK347,"PR") -> 0 | AL349: =COUNTIF(AL5:AL347,"PR") -> 0 | AM349: =COUNTIF(AM5:AM347,"PR") -> 0 | AN349: =COUNTIF(AN5:AN347,"PR") -> 0 | AR349: =COUNTIF(AR5:AR347,"PR") -> 0 | AS349: =COUNTIF(AS5:AS347,"PR") -> 0 | AT349: =COUNTIF(AT5:AT347,"PR") -> 0 | AU349: =COUNTIF(AU5:AU347,"PR") -> 0 | BA349: =AZ349/AY349*100 -> #DIV/0! | BB349: =COUNTIF(BB5:BB347,"PR") -> 0 | BC349: =COUNTIF(BC5:BC347,"PR") -> 0 | BD349: =COUNTIF(BD5:BD347,"PR") -> 0 | BE349: =COUNTIF(BE5:BE347,"PR") -> 0 | BI349: =COUNTIF(BI5:BI347,"PR") -> 0 | BJ349: =COUNTIF(BJ5:BJ347,"PR") -> 0 | BK349: =COUNTIF(BK5:BK347,"PR") -> 0 | BL349: =COUNTIF(BL5:BL347,"PR") -> 0 | BM349: =COUNTIF(BM5:BM347,"PR") -> 0 | BQ349: =COUNTIF(BQ5:BQ347,"PR") -> 0 | BR349: =COUNTIF(BR5:BR347,"PR") -> 0 | BS349: =COUNTIF(BS5:BS347,"PR") -> 0 | BT349: =COUNTIF(BT5:BT347,"PR") -> 0 | BZ349: =BY349/BX349*100 -> #DIV/0! | CB349: =COUNTIF(CB5:CB347,"PR") -> 0 | CD349: =COUNTIF(CD5:CD347,"PR") -> 0 | CE349: =COUNTIF(CE5:CE347,"PR") -> 0 | CF349: =COUNTIF(CF5:CF347,"PR") -> 0 | CJ349: =COUNTIF(CJ5:CJ347,"PR") -> 0 | CK349: =COUNTIF(CK5:CK347,"PR") -> 0 | CL349: =COUNTIF(CL5:CL347,"PR") -> 0 | CM349: =COUNTIF(CM5:CM347,"PR") -> 0 | CO349: =COUNTIF(CK349:CM349,"AB") -> 0 | CP349: =CN348+CO349 -> 0 | CQ349: =COUNTIF(CQ5:CQ347,"PR") -> 0 | CR349: =COUNTIF(CR5:CR347,"PR") -> 0 | CS349: =COUNTIF(CS5:CS347,"PR") -> 0 | CT349: =COUNTIF(CT5:CT347,"PR") -> 0 | CZ349: =CY349/CX349*100 -> #DIV/0!
C350: =COUNTIF(C5:C347,"AB") -> 0 | E350: =COUNTIF(E5:E347,"AB") -> 0 | F350: =COUNTIF(F5:F347,"AB") -> 0 | G350: =COUNTIF(G5:G347,"AB") -> 0 | K350: =COUNTIF(K5:K347,"AB") -> 0 | L350: =COUNTIF(L5:L347,"AB") -> 0 | M350: =COUNTIF(M5:M347,"AB") -> 0 | N350: =COUNTIF(N5:N347,"AB") -> 0 | R350: =COUNTIF(R5:R347,"AB") -> 0 | S350: =COUNTIF(S5:S347,"AB") -> 0 | T350: =COUNTIF(T5:T347,"AB") -> 0 | U350: =COUNTIF(U5:U347,"AB") -> 0 | AC350: =COUNTIF(AC5:AC347,"AB") -> 0 | AD350: =COUNTIF(AD5:AD347,"AB") -> 0 | AE350: =COUNTIF(AE5:AE347,"AB") -> 0 | AF350: =COUNTIF(AF5:AF347,"AB") -> 0 | AJ350: =COUNTIF(AJ5:AJ347,"AB") -> 0 | AL350: =COUNTIF(AL5:AL347,"AB") -> 0 | AM350: =COUNTIF(AM5:AM347,"AB") -> 0 | AN350: =COUNTIF(AN5:AN347,"AB") -> 0 | AR350: =COUNTIF(AR5:AR347,"AB") -> 0 | AS350: =COUNTIF(AS5:AS347,"AB") -> 0 | AT350: =COUNTIF(AT5:AT347,"AB") -> 0 | AU350: =COUNTIF(AU5:AU347,"AB") -> 0 | BA350: =AZ350/AY350*100 -> #DIV/0! | BB350: =COUNTIF(BB5:BB347,"AB") -> 0 | BC350: =COUNTIF(BC5:BC347,"AB") -> 0 | BD350: =COUNTIF(BD5:BD347,"AB") -> 0 | BE350: =COUNTIF(BE5:BE347,"AB") -> 0 | BI350: =COUNTIF(BI5:BI347,"AB") -> 0 | BJ350: =COUNTIF(BJ5:BJ347,"AB") -> 0 | BK350: =COUNTIF(BK5:BK347,"AB") -> 0 | BL350: =COUNTIF(BL5:BL347,"AB") -> 0 | BM350: =COUNTIF(BM5:BM347,"AB") -> 0 | BQ350: =COUNTIF(BQ5:BQ347,"AB") -> 0 | BR350: =COUNTIF(BR5:BR347,"AB") -> 0 | BS350: =COUNTIF(BS5:BS347,"AB") -> 0 | BT350: =COUNTIF(BT5:BT347,"AB") -> 0 | BZ350: =BY350/BX350*100 -> #DIV/0! | CB350: =COUNTIF(CB5:CB347,"AB") -> 0 | CD350: =COUNTIF(CD5:CD347,"AB") -> 0 | CE350: =COUNTIF(CE5:CE347,"AB") -> 0 | CF350: =COUNTIF(CF5:CF347,"AB") -> 0 | CJ350: =COUNTIF(CJ5:CJ347,"AB") -> 0 | CK350: =COUNTIF(CK5:CK347,"AB") -> 0 | CL350: =COUNTIF(CL5:CL347,"AB") -> 0 | CM350: =COUNTIF(CM5:CM347,"AB") -> 0 | CO350: =COUNTIF(CK350:CM350,"AB") -> 0 | CP350: =CN350+CO350 -> 0 | CQ350: =COUNTIF(CQ5:CQ347,"AB") -> 0 | CR350: =COUNTIF(CR5:CR347,"AB") -> 0 | CS350: =COUNTIF(CS5:CS347,"AB") -> 0 | CT350: =COUNTIF(CT5:CT347,"AB") -> 0 | CZ350: =CY350/CX350*100 -> #DIV/0!
C351: =C349+C350 -> 0 | E351: =E349+E350 -> 0 | F351: =F349+F350 -> 0 | G351: =G349+G350 -> 0 | H351: =SUM(C351:G351) -> 0 | K351: =K349+K350 -> 0 | L351: =L349+L350 -> 0 | M351: =M349+M350 -> 0 | N351: =N349+N350 -> 0 | O351: =SUM(K351:N351) -> 0 | R351: =R349+R350 -> 0 | S351: =S349+S350 -> 0 | T351: =T349+T350 -> 0 | U351: =U349+U350 -> 0 | V351: =SUM(R351:U351) -> 0 | AC351: =AC349+AC350 -> 0 | AD351: =AD349+AD350 -> 0 | AE351: =AE349+AE350 -> 0 | AF351: =AF349+AF350 -> 0 | AG351: =SUM(AC351:AF351) -> 0 | AJ351: =AJ349+AJ350 -> 0 | AL351: =AL349+AL350 -> 0 | AM351: =AM349+AM350 -> 0 | AN351: =AN349+AN350 -> 0 | AO351: =SUM(AJ351:AN351) -> 0 | AR351: =AR349+AR350 -> 0 | AS351: =AS349+AS350 -> 0 | AT351: =AT349+AT350 -> 0 | AU351: =AU349+AU350 -> 0 | AV351: =SUM(AR351:AU351) -> 0 | BA351: =AZ351/AY351*100 -> #DIV/0! | BB351: =BB349+BB350 -> 0 | BC351: =BC349+BC350 -> 0 | BD351: =BD349+BD350 -> 0 | BE351: =BE349+BE350 -> 0 | BF351: =SUM(BB351:BE351) -> 0 | BI351: =BI349+BI350 -> 0 | BJ351: =BJ349+BJ350 -> 0 | BK351: =BK349+BK350 -> 0 | BL351: =BL349+BL350 -> 0 | BM351: =BM349+BM350 -> 0 | BN351: =SUM(BI351:BM351) -> 0 | BQ351: =BQ349+BQ350 -> 0 | BR351: =BR349+BR350 -> 0 | BS351: =BS349+BS350 -> 0 | BT351: =BT349+BT350 -> 0 | BU351: =SUM(BQ351:BT351) -> 0 | BZ351: =BY351/BX351*100 -> #DIV/0! | CB351: =CB349+CB350 -> 0 | CD351: =CD349+CD350 -> 0 | CE351: =CE349+CE350 -> 0 | CF351: =CF349+CF350 -> 0 | CG351: =SUM(CB351:CF351) -> 0 | CJ351: =CJ349+CJ350 -> 0 | CK351: =CK349+CK350 -> 0 | CL351: =CL349+CL350 -> 0 | CM351: =CM349+CM350 -> 0 | CN351: =SUM(CJ351:CM351) -> 0 | CO351: =COUNTIF(CK351:CM351,"AB") -> 0 | CQ351: =CQ349+CQ350 -> 0 | CR351: =CR349+CR350 -> 0 | CS351: =CS349+CS350 -> 0 | CT351: =CT349+CT350 -> 0 | CU351: =SUM(CQ351:CT351) -> 0 | CZ351: =CY351/CX351*100 -> #DIV/0!
C352: =C349+E349+F349+G349 -> 0 | K352: =K349+L349+M349+N349 -> 0 | R352: =R349+S349+T349+#REF! -> #REF! | AC352: =AC349+AD349+AE349+AF349 -> 0 | AJ352: =AJ349+AL349+AM349+AN349 -> 0 | AR352: =AR349+AS349+AT349+#REF! -> #REF! | BB352: =BB349+BC349+BD349+BE349 -> 0 | BI352: =BI349+BJ349+BK349+BL349+BM349 -> 0 | BQ352: =BQ349+BR349+BS349 -> 0 | CB352: =CB349+CD349+CE349+CF349 -> 0 | CJ352: =CJ349+CK349+#REF!+CL349+CM349 -> #REF! | CQ352: =CQ349+CR349+CS349 -> 0
C353: =C352/4 -> 0 | K353: =K352/4 -> 0 | R353: =R352/4 -> #REF! | AC353: =AC352/4 -> 0 | AJ353: =AJ352/4 -> 0 | AR353: =AR352/4 -> #REF! | BB353: =BB352/4 -> 0 | BI353: =BI352/5 -> 0 | BQ353: =BQ352/3 -> 0 | CB353: =CB352/4 -> 0 | CJ353: =CJ352/5 -> #REF! | CQ353: =CQ352/3 -> 0

Sheet REPORTING DATA
B2: JAN | C2: MEA% | D2: FEB | E2: MEA% | F2: MAR | G2: MEA% | H2: QEA | I2: QEA% | J2: APR | K2: MEA% | L2: MAY | M2: MEA% | N2: JUN | O2: MEA% | P2: QEA | Q2: QEA% | R2: JUL | S2: MEA% | T2: AUG | U2: MEA% | V2: SEP | W2: MEA% | X2: QEA | Y2: QEA% | Z2: OCT | AA2: MEA% | AB2: NOV | AC2: MEA% | AD2: DEC | AE2: MEA% | AF2: QEA | AG2: QEA% | AH2: YRLY | AI2: YEA%
A3: EA | B3: ='EMPOWERMENT GROUP'!H351 -> 0 | C3: =B4/B3*100 -> #DIV/0! | D3: ='EMPOWERMENT GROUP'!O351 -> 0 | E3: =D4/D3*100 -> #DIV/0! | F3: ='EMPOWERMENT GROUP'!V351 -> 0 | G3: =F4/F3*100 -> #REF! | H3: =B3+D3+F3 -> 0 | I3: =H4/H3*100 -> #REF! | J3: ='EMPOWERMENT GROUP'!AG351 -> 0 | K3: =J4/J3*100 -> #DIV/0! | L3: ='EMPOWERMENT GROUP'!AO351 -> 0 | M3: =L4/L3*100 -> #DIV/0! | N3: ='EMPOWERMENT GROUP'!AV351 -> 0 | O3: =N4/N3*100 -> #REF! | P3: =J3+L3+N3 -> 0 | Q3: =P4/P3*100 -> #REF! | R3: ='EMPOWERMENT GROUP'!BF351 -> 0 | S3: =R4/R3*100 -> #DIV/0! | T3: ='EMPOWERMENT GROUP'!BN351 -> 0 | U3: =T4/T3*100 -> #DIV/0! | V3: ='EMPOWERMENT GROUP'!BU351 -> 0 | W3: =V4/V3*100 -> #DIV/0! | X3: =R3+T3+V3 -> 0 | Y3: =X4/X3*100 -> #DIV/0! | Z3: ='EMPOWERMENT GROUP'!CG351 -> 0 | AA3: =Z4/Z3*100 -> #DIV/0! | AB3: ='EMPOWERMENT GROUP'!CN351 -> 0 | AC3: =AB4/AB3*100 -> #REF! | AD3: ='EMPOWERMENT GROUP'!CU351 -> 0 | AE3: =AD4/AD3*100 -> #DIV/0! | AF3: =Z3+AB3+AD3 -> 0 | AG3: =AF4/AF3*100 -> #REF! | AH3: =B3+D3+F3+J3+L3+N3+R3+T3+V3+Z3+AB3+AD3 -> 0 | AI3: =AH4/AH3*100 -> #REF!
A4: AA | B4: ='EMPOWERMENT GROUP'!C352 -> 0 | D4: ='EMPOWERMENT GROUP'!K352 -> 0 | F4: ='EMPOWERMENT GROUP'!R352 -> #REF! | H4: =B4+D4+F4 -> #REF! | J4: ='EMPOWERMENT GROUP'!AC352 -> 0 | L4: ='EMPOWERMENT GROUP'!AJ352 -> 0 | N4: ='EMPOWERMENT GROUP'!AR352 -> #REF! | P4: =J4+L4+N4 -> #REF! | R4: ='EMPOWERMENT GROUP'!BB352 -> 0 | T4: ='EMPOWERMENT GROUP'!BI352 -> 0 | V4: ='EMPOWERMENT GROUP'!BQ352 -> 0 | X4: =R4+T4+V4 -> 0 | Z4: ='EMPOWERMENT GROUP'!CB352 -> 0 | AB4: ='EMPOWERMENT GROUP'!CJ352 -> #REF! | AD4: ='EMPOWERMENT GROUP'!CQ352 -> 0 | AF4: =Z4+AB4+AD4 -> #REF! | AH4: =B4+D4+F4+J4+L4+N4+R4+T4+V4+Z4+AB4+AD4 -> #REF!
A5: EA | B5: ='EMPOWERMENT GROUP'!J13 -> 0 | C5: =B6/B5*100 -> #DIV/0! | D5: ='EMPOWERMENT GROUP'!Q13 -> 0 | E5: =D6/D5*100 -> #DIV/0! | F5: ='EMPOWERMENT GROUP'!X13 -> 0 | G5: =F6/F5*100 -> #DIV/0! | H5: =B5+D5+F5 -> 0 | I5: =H6/H5*100 -> #DIV/0! | J5: ='EMPOWERMENT GROUP'!AI13 -> 0 | K5: =J6/J5*100 -> #DIV/0! | L5: ='EMPOWERMENT GROUP'!AQ13 -> 0 | M5: =L6/L5*100 -> #DIV/0! | N5: ='EMPOWERMENT GROUP'!AX13 -> 0 | O5: =N6/N5*100 -> #DIV/0! | P5: =J5+L5+N5 -> 0 | Q5: =P6/P5*100 -> #DIV/0! | R5: ='EMPOWERMENT GROUP'!BH13 -> 0 | S5: =R6/R5*100 -> #DIV/0! | T5: ='EMPOWERMENT GROUP'!BP13 -> 0 | U5: =T6/T5*100 -> #DIV/0! | V5: ='EMPOWERMENT GROUP'!BW13 -> 0 | W5: =V6/V5*100 -> #DIV/0! | X5: =R5+T5+V5 -> 0 | Y5: =X6/X5*100 -> #DIV/0! | Z5: ='EMPOWERMENT GROUP'!CI13 -> 0 | AA5: =Z6/Z5*100 -> #DIV/0! | AB5: ='EMPOWERMENT GROUP'!CP13 -> 0 | AC5: =AB6/AB5*100 -> #DIV/0! | AD5: ='EMPOWERMENT GROUP'!CW13 -> 0 | AE5: =AD6/AD5*100 -> #DIV/0! | AF5: =Z5+AB5+AD5 -> 0 | AG5: =AF6/AF5*100 -> #DIV/0! | AH5: =B5+D5+F5+J5+L5+N5+R5+T5+V5+Z5+AB5+AD5 -> 0 | AI5: =AH6/AH5*100 -> #DIV/0!
A6: LEADERS | B6: ='EMPOWERMENT GROUP'!H13 -> 0 | D6: ='EMPOWERMENT GROUP'!O13 -> 0 | F6: ='EMPOWERMENT GROUP'!V13 -> 0 | H6: =B6+D6+F6 -> 0 | J6: ='EMPOWERMENT GROUP'!AG13 -> 0 | L6: ='EMPOWERMENT GROUP'!AO13 -> 0 | N6: ='EMPOWERMENT GROUP'!AO13 -> 0 | P6: =J6+L6+N6 -> 0 | R6: ='EMPOWERMENT GROUP'!BF13 -> 0 | T6: ='EMPOWERMENT GROUP'!BN13 -> 0 | V6: ='EMPOWERMENT GROUP'!BU13 -> 0 | X6: =R6+T6+V6 -> 0 | Z6: ='EMPOWERMENT GROUP'!CG13 -> 0 | AB6: ='EMPOWERMENT GROUP'!CN13 -> 0 | AD6: ='EMPOWERMENT GROUP'!CU13 -> 0 | AF6: =Z6+AB6+AD6 -> 0 | AH6: =B6+D6+F6+J6+L6+N6+R6+T6+V6+Z6+AB6+AD6 -> 0
A7: EA | B7: ='EMPOWERMENT GROUP'!J20 -> 0 | C7: =B8/B7*100 -> #DIV/0! | D7: ='EMPOWERMENT GROUP'!Q20 -> 0 | E7: =D8/D7*100 -> #DIV/0! | F7: ='EMPOWERMENT GROUP'!X20 -> 0 | G7: =F8/F7*100 -> #DIV/0! | H7: =B7+D7+F7 -> 0 | I7: =H8/H7*100 -> #DIV/0! | J7: ='EMPOWERMENT GROUP'!AI20 -> 0 | K7: =J8/J7*100 -> #DIV/0! | L7: ='EMPOWERMENT GROUP'!AQ20 -> 0 | M7: =L8/L7*100 -> #DIV/0! | N7: ='EMPOWERMENT GROUP'!AX20 -> 0 | O7: =N8/N7*100 -> #DIV/0! | P7: =J7+L7+N7 -> 0 | Q7: =P8/P7*100 -> #DIV/0! | R7: ='EMPOWERMENT GROUP'!BH20 -> 0 | S7: =R8/R7*100 -> #DIV/0! | T7: ='EMPOWERMENT GROUP'!BP20 -> 0 | U7: =T8/T7*100 -> #DIV/0! | V7: ='EMPOWERMENT GROUP'!BW20 -> 0 | W7: =V8/V7*100 -> #DIV/0! | X7: =R7+T7+V7 -> 0 | Y7: =X8/X7*100 -> #DIV/0! | Z7: ='EMPOWERMENT GROUP'!CI20 -> 0 | AA7: =Z8/Z7*100 -> #DIV/0! | AB7: ='EMPOWERMENT GROUP'!CP20 -> 0 | AC7: =AB8/AB7*100 -> #DIV/0! | AD7: ='EMPOWERMENT GROUP'!CP20 -> 0 | AE7: =AD8/AD7*100 -> #DIV/0! | AF7: =Z7+AB7+AD7 -> 0 | AG7: =AF8/AF7*100 -> #DIV/0! | AH7: =B7+D7+F7+J7+L7+N7+R7+T7+V7+Z7+AB7+AD7 -> 0 | AI7: =AH8/AH7*100 -> #DIV/0!
A8: INTENSE | B8: ='EMPOWERMENT GROUP'!H20 -> 0 | D8: ='EMPOWERMENT GROUP'!O20 -> 0 | F8: ='EMPOWERMENT GROUP'!V20 -> 0 | H8: =B8+D8+F8 -> 0 | J8: ='EMPOWERMENT GROUP'!AG20 -> 0 | L8: ='EMPOWERMENT GROUP'!AO20 -> 0 | N8: ='EMPOWERMENT GROUP'!AV20 -> 0 | P8: =J8+L8+N8 -> 0 | R8: ='EMPOWERMENT GROUP'!BF20 -> 0 | T8: ='EMPOWERMENT GROUP'!BN20 -> 0 | V8: ='EMPOWERMENT GROUP'!BU20 -> 0 | X8: =R8+T8+V8 -> 0 | Z8: ='EMPOWERMENT GROUP'!CG20 -> 0 | AB8: ='EMPOWERMENT GROUP'!CN20 -> 0 | AD8: ='EMPOWERMENT GROUP'!CU20 -> 0 | AF8: =Z8+AB8+AD8 -> 0 | AH8: =B8+D8+F8+J8+L8+N8+R8+T8+V8+Z8+AB8+AD8 -> 0
A9: EA | B9: ='EMPOWERMENT GROUP'!J35 -> 0 | C9: =B10/B9*100 -> #DIV/0! | D9: ='EMPOWERMENT GROUP'!Q35 -> 0 | E9: =D10/D9*100 -> #DIV/0! | F9: ='EMPOWERMENT GROUP'!X35 -> 0 | G9: =F10/F9*100 -> #DIV/0! | H9: =B9+D9+F9 -> 0 | I9: =H10/H9*100 -> #DIV/0! | J9: ='EMPOWERMENT GROUP'!AI35 -> 0 | K9: =J10/J9*100 -> #DIV/0! | L9: ='EMPOWERMENT GROUP'!AQ35 -> 0 | M9: =L10/L9*100 -> #DIV/0! | N9: ='EMPOWERMENT GROUP'!AX35 -> 0 | O9: =N10/N9*100 -> #DIV/0! | P9: =J9+L9+N9 -> 0 | Q9: =P10/P9*100 -> #DIV/0! | R9: ='EMPOWERMENT GROUP'!BH35 -> 0 | S9: =R10/R9*100 -> #DIV/0! | T9: ='EMPOWERMENT GROUP'!BP35 -> 0 | U9: =T10/T9*100 -> #DIV/0! | V9: ='EMPOWERMENT GROUP'!BW35 -> 0 | W9: =V10/V9*100 -> #DIV/0! | X9: =R9+T9+V9 -> 0 | Y9: =X10/X9*100 -> #DIV/0! | Z9: ='EMPOWERMENT GROUP'!CI35 -> 0 | AA9: =Z10/Z9*100 -> #DIV/0! | AB9: ='EMPOWERMENT GROUP'!CP35 -> 0 | AC9: =AB10/AB9*100 -> #DIV/0! | AD9: ='EMPOWERMENT GROUP'!CW35 -> 0 | AE9: =AD10/AD9*100 -> #DIV/0! | AF9: =Z9+AB9+AD9 -> 0 | AG9: =AF10/AF9*100 -> #DIV/0! | AH9: =B9+D9+F9+J9+L9+N9+R9+T9+V9+Z9+AB9+AD9 -> 0 | AI9: =AH10/AH9*100 -> #DIV/0!
A10: CONSISTENT | B10: ='EMPOWERMENT GROUP'!H35 -> 0 | D10: ='EMPOWERMENT GROUP'!O35 -> 0 | F10: ='EMPOWERMENT GROUP'!V35 -> 0 | H10: =B10+D10+F10 -> 0 | J10: ='EMPOWERMENT GROUP'!AG35 -> 0 | L10: ='EMPOWERMENT GROUP'!AO35 -> 0 | N10: ='EMPOWERMENT GROUP'!AV35 -> 0 | P10: =J10+L10+N10 -> 0 | R10: ='EMPOWERMENT GROUP'!BF35 -> 0 | T10: ='EMPOWERMENT GROUP'!BN35 -> 0 | V10: ='EMPOWERMENT GROUP'!BU35 -> 0 | X10: =R10+T10+V10 -> 0 | Z10: ='EMPOWERMENT GROUP'!CG35 -> 0 | AB10: ='EMPOWERMENT GROUP'!CN35 -> 0 | AD10: ='EMPOWERMENT GROUP'!CU35 -> 0 | AF10: =Z10+AB10+AD10 -> 0 | AH10: =B10+D10+F10+J10+L10+N10+R10+T10+V10+Z10+AB10+AD10 -> 0
A11: EA | B11: ='EMPOWERMENT GROUP'!J137 -> 0 | C11: =B12/B11*100 -> #DIV/0! | D11: ='EMPOWERMENT GROUP'!Q137 -> 0 | E11: =D12/D11*100 -> #DIV/0! | F11: ='EMPOWERMENT GROUP'!X137 -> 0 | G11: =F12/F11*100 -> #DIV/0! | H11: =B11+D11+F11 -> 0 | I11: =H12/H11*100 -> #DIV/0! | J11: ='EMPOWERMENT GROUP'!AI137 -> 0 | K11: =J12/J11*100 -> #DIV/0! | L11: ='EMPOWERMENT GROUP'!AQ137 -> 0 | M11: =L12/L11*100 -> #DIV/0! | N11: ='EMPOWERMENT GROUP'!AX137 -> 0 | O11: =N12/N11*100 -> #DIV/0! | P11: =J11+L11+N11 -> 0 | Q11: =P12/P11*100 -> #DIV/0! | R11: ='EMPOWERMENT GROUP'!BH137 -> 0 | S11: =R12/R11*100 -> #DIV/0! | T11: ='EMPOWERMENT GROUP'!BP137 -> 0 | U11: =T12/T11*100 -> #DIV/0! | V11: ='EMPOWERMENT GROUP'!BW137 -> 0 | W11: =V12/V11*100 -> #DIV/0! | X11: =R11+T11+V11 -> 0 | Y11: =X12/X11*100 -> #DIV/0! | Z11: ='EMPOWERMENT GROUP'!CI137 -> 0 | AA11: =Z12/Z11*100 -> #DIV/0! | AB11: ='EMPOWERMENT GROUP'!CP137 -> 0 | AC11: =AB12/AB11*100 -> #DIV/0! | AD11: ='EMPOWERMENT GROUP'!CW137 -> 0 | AE11: =AD12/AD11*100 -> #DIV/0! | AF11: =Z11+AB11+AD11 -> 0 | AG11: =AF12/AF11*100 -> #DIV/0! | AH11: =B11+D11+F11+J11+L11+N11+R11+T11+V11+Z11+AB11+AD11 -> 0 | AI11: =AH12/AH11*100 -> #DIV/0!
A12: SEMI-CONSISTENT | B12: ='EMPOWERMENT GROUP'!H137 -> 0 | D12: ='EMPOWERMENT GROUP'!O137 -> 0 | F12: ='EMPOWERMENT GROUP'!V137 -> 0 | H12: =B12+D12+F12 -> 0 | J12: ='EMPOWERMENT GROUP'!AG137 -> 0 | L12: ='EMPOWERMENT GROUP'!AO137 -> 0 | N12: ='EMPOWERMENT GROUP'!AV137 -> 0 | P12: =J12+L12+N12 -> 0 | R12: ='EMPOWERMENT GROUP'!BF137 -> 0 | T12: ='EMPOWERMENT GROUP'!BN137 -> 0 | V12: ='EMPOWERMENT GROUP'!BU137 -> 0 | X12: =R12+T12+V12 -> 0 | Z12: ='EMPOWERMENT GROUP'!CG137 -> 0 | AB12: ='EMPOWERMENT GROUP'!CN137 -> 0 | AD12: ='EMPOWERMENT GROUP'!CU137 -> 0 | AF12: =Z12+AB12+AD12 -> 0 | AH12: =B12+D12+F12+J12+L12+N12+R12+T12+V12+Z12+AB12+AD12 -> 0
A13: EA | B13: ='EMPOWERMENT GROUP'!J240 -> 0 | C13: =B14/B13*100 -> #DIV/0! | D13: ='EMPOWERMENT GROUP'!Q240 -> 0 | E13: =D14/D13*100 -> #DIV/0! | F13: ='EMPOWERMENT GROUP'!X240 -> 0 | G13: =F14/F13*100 -> #DIV/0! | H13: =B13+D13+F13 -> 0 | I13: =H14/H13*100 -> #DIV/0! | J13: ='EMPOWERMENT GROUP'!AI240 -> 0 | K13: =J14/J13*100 -> #DIV/0! | L13: ='EMPOWERMENT GROUP'!AQ240 -> 0 | M13: =L14/L13*100 -> #DIV/0! | N13: ='EMPOWERMENT GROUP'!AX240 -> 0 | O13: =N14/N13*100 -> #DIV/0! | P13: =J13+L13+N13 -> 0 | Q13: =P14/P13*100 -> #DIV/0! | R13: ='EMPOWERMENT GROUP'!BH240 -> 0 | S13: =R14/R13*100 -> #DIV/0! | T13: ='EMPOWERMENT GROUP'!BP240 -> 0 | U13: =T14/T13*100 -> #DIV/0! | V13: ='EMPOWERMENT GROUP'!BW240 -> 0 | W13: =V14/V13*100 -> #DIV/0! | X13: =R13+T13+V13 -> 0 | Y13: =X14/X13*100 -> #DIV/0! | Z13: ='EMPOWERMENT GROUP'!CI240 -> 0 | AA13: =Z14/Z13*100 -> #DIV/0! | AB13: ='EMPOWERMENT GROUP'!CP240 -> 0 | AC13: =AB14/AB13*100 -> #DIV/0! | AD13: ='EMPOWERMENT GROUP'!CW240 -> 0 | AE13: =AD14/AD13*100 -> #DIV/0! | AF13: =Z13+AB13+AD13 -> 0 | AG13: =AF14/AF13*100 -> #DIV/0! | AH13: =B13+D13+F13+J13+L13+N13+R13+T13+V13+Z13+AB13+AD13 -> 0 | AI13: =AH14/AH13*100 -> #DIV/0!
A14: INCONSISTENT | B14: ='EMPOWERMENT GROUP'!H240 -> 0 | D14: ='EMPOWERMENT GROUP'!O240 -> 0 | F14: ='EMPOWERMENT GROUP'!V240 -> 0 | H14: =B14+D14+F14 -> 0 | J14: ='EMPOWERMENT GROUP'!AG240 -> 0 | L14: ='EMPOWERMENT GROUP'!AO240 -> 0 | N14: ='EMPOWERMENT GROUP'!AV240 -> 0 | P14: =J14+L14+N14 -> 0 | R14: ='EMPOWERMENT GROUP'!BF240 -> 0 | T14: ='EMPOWERMENT GROUP'!BN240 -> 0 | V14: ='EMPOWERMENT GROUP'!BU240 -> 0 | X14: =R14+T14+V14 -> 0 | Z14: ='EMPOWERMENT GROUP'!CG240 -> 0 | AB14: ='EMPOWERMENT GROUP'!CN240 -> 0 | AD14: ='EMPOWERMENT GROUP'!CU240 -> 0 | AF14: =Z14+AB14+AD14 -> 0 | AH14: =B14+D14+F14+J14+L14+N14+R14+T14+V14+Z14+AB14+AD14 -> 0
A15: WEEKLY AVERAGE | B15: ='EMPOWERMENT GROUP'!C353 -> 0 | D15: ='EMPOWERMENT GROUP'!K353 -> 0 | F15: ='EMPOWERMENT GROUP'!R353 -> #REF! | J15: ='EMPOWERMENT GROUP'!AC353 -> 0 | L15: ='EMPOWERMENT GROUP'!AJ353 -> 0 | N15: ='EMPOWERMENT GROUP'!AR353 -> #REF! | R15: ='EMPOWERMENT GROUP'!BB353 -> 0 | T15: ='EMPOWERMENT GROUP'!BI353 -> 0 | V15: ='EMPOWERMENT GROUP'!BQ353 -> 0 | Z15: ='EMPOWERMENT GROUP'!CB353 -> 0 | AB15: ='EMPOWERMENT GROUP'!CJ353 -> #REF! | AD15: ='EMPOWERMENT GROUP'!CQ353 -> 0 | AH15: =SUM(B15:AD15)/12 -> #REF!
A16: QTRLY AVERAGE | H16: =Computation!AA3 -> 0 | P16: =Computation!AB3 -> #REF! | X16: =Computation!AC3 -> 0 | AF16: =Computation!AD3 -> 0 | AH16: =SUM(B16:AF16)/4 -> #REF!
A17: FIRST TIMERS | B17: ='EMPOWERMENT GROUP'!H348 -> 0 | D17: ='EMPOWERMENT GROUP'!O348 -> 0 | F17: ='EMPOWERMENT GROUP'!V348 -> 0 | H17: =B17+D17+F17 -> 0 | J17: ='EMPOWERMENT GROUP'!AG348 -> 0 | L17: ='EMPOWERMENT GROUP'!AO348 -> 0 | N17: ='EMPOWERMENT GROUP'!AV348 -> 0 | P17: =J17+L17+N17 -> 0 | R17: ='EMPOWERMENT GROUP'!BF348 -> 0 | T17: ='EMPOWERMENT GROUP'!BN348 -> 0 | V17: ='EMPOWERMENT GROUP'!BU348 -> 0 | X17: =R17+T17+V17 -> 0 | Z17: ='EMPOWERMENT GROUP'!CG348 -> 0 | AB17: ='EMPOWERMENT GROUP'!CN348 -> 0 | AD17: ='EMPOWERMENT GROUP'!CU348 -> 0 | AF17: =Z17+AB17+AD17 -> 0 | AJ17: 43/12
A18: FT ESTABLISHED | AJ18: =AJ17 -> 43/12
A19: MEM FROM SCH | AJ19: =43/12 -> 3.5833333

Sheet Computation
B2: January | C2: February | D2: March | E2: April | F2: May | G2: June | H2: July | I2: August | J2: September | K2: October | L2: November | M2: December | O2: 1st Qtr Att | P2: 2nd Qtr Att | Q2: 3rd Qtr Att | R2: 4th Qtr Att | T2: Yearly Att | U2: Yearly Att Avg | W2: 1st - 2nd Qtr % Inc | X2: 2nd - 3rd Qtr % Inc | Y2: 3rd - 4th Qtr % Inc | AA2: 1st Qtr Avg | AB2: 2nd Qtr Avg | AC2: 3rd Qtr Avg | AD2: 4th Qtr Avg
B3: =SUM('EMPOWERMENT GROUP'!C349:G349) -> 0 | C3: =SUM('EMPOWERMENT GROUP'!K349:N349) -> 0 | D3: =SUM('EMPOWERMENT GROUP'!R349:U349) -> 0 | E3: =SUM('EMPOWERMENT GROUP'!AC349:AF349) -> 0 | F3: =SUM('EMPOWERMENT GROUP'!AJ349:AN349) -> 0 | G3: =SUM('EMPOWERMENT GROUP'!AR349:AU349) -> 0 | H3: =SUM('EMPOWERMENT GROUP'!BB349:BE349) -> 0 | I3: =SUM('EMPOWERMENT GROUP'!BI349:BM349) -> 0 | J3: =SUM('EMPOWERMENT GROUP'!BQ349:BT349) -> 0 | K3: =SUM('EMPOWERMENT GROUP'!CB349:CF349) -> 0 | L3: =SUM('EMPOWERMENT GROUP'!CJ349:CM349) -> 0 | M3: =SUM('EMPOWERMENT GROUP'!CQ349:CT349) -> 0 | O3: =SUM('EMPOWERMENT GROUP'!C349:T349) -> 0 | P3: ='EMPOWERMENT GROUP'!AC349+'EMPOWERMENT GROUP'!AD349+'EMPOWERMENT GROUP'!AE349+'EMPOWERMENT GROUP'!AF349+'EMPOWERMENT GROUP'!AJ349+'EMPOWERMENT GROUP'!AL349+'EMPOWERMENT GROUP'!AM349+'EMPOWERMENT GROUP'!AN349+'EMPOWERMENT GROUP'!AR349+'EMPOWERMENT GROUP'!AS349+'EMPOWERMENT GROUP'!AT349+'EMPOWERMENT GROUP'!#REF! -> #REF! | Q3: =SUM('EMPOWERMENT GROUP'!BB349:BS349) -> 0 | R3: =SUM('EMPOWERMENT GROUP'!CB349:CS349) -> 0 | T3: =SUM(B3:M3) -> 0 | U3: =T3/12 -> 0 | W3: =(P3-O3)/O3 -> #REF! | X3: =(Q3-P3)/P3 -> #REF! | Y3: =(R3-Q3)/Q3 -> #DIV/0! | AA3: =O3/12 -> 0 | AB3: =P3/12 -> #REF! | AC3: =Q3/10 -> 0 | AD3: =R3/12 -> 0
B5: Jan | C5: Feb | D5: Mar | E5: Apr | F5: May. | G5: Jun | H5: Jul | I5: Aug | J5: Sept | K5: Oct | L5: Nov | M5: Dec | O5: 1st Qtr Att. | P5: 2nd Qtr Att. | Q5: 3rd Qtr Att. | R5: 4th Qtr Att. | W5: 1st - 2nd Qtr % Inc/Dec | X5: 2nd - 3rd Qtr % Inc/Dec | Y5: 3rd - 4th Qtr % Inc/Dec | AA5: Sum of 1st Qtr Avg | AB5: Sum of 2nd Qtr Avg | AC5: Sum of 3rd Qtr Avg | AD5: Sum of 4th Qtr Avg
B6: 14 | C6: 11 | D6: 19 | E6: 15 | F6: 11 | G6: 7 | H6: 6 | I6: 10 | J6: 9 | K6: 2 | L6: 11 | M6: 12 | O6: 43 | P6: 33 | Q6: 23 | R6: 24 | T6: Sum of Yearly Att | W6: -0.23255814 | X6: -0.3030303 | Y6: 0.043478261 | AA6: 3.5833333 | AB6: 2.75 | AC6: 1.9166667 | AD6: 2
